{
  "NRL": [
    {
      "2019": [
        {
          "1": [
            {
              "Round": "Round 1",
              "Home": "Storm",
              "Home_Score": 22,
              "Away": "Broncos",
              "Away_Score": 12,
              "Venue": "AAMI Park",
              "Date": "2019-03-14T09:05:00Z",
              "Match_Centre_URL": "https://www.nrl.com/draw/nrl-premiership/2019/round-1/storm-v-broncos/"
            },
            {
              "Round": "Round 1",
              "Home": "Knights",
              "Home_Score": 14,
              "Away": "Sharks",
              "Away_Score": 8,
              "Venue": "McDonald Jones Stadium",
              "Date": "2019-03-15T07:00:00Z",
              "Match_Centre_URL": "https://www.nrl.com/draw/nrl-premiership/2019/round-1/knights-v-sharks/"
            },
            {
              "Round": "Round 1",
              "Home": "Roosters",
              "Home_Score": 16,
              "Away": "Rabbitohs",
              "Away_Score": 26,
              "Venue": "Sydney Cricket Ground",
              "Date": "2019-03-15T09:05:00Z",
              "Match_Centre_URL": "https://www.nrl.com/draw/nrl-premiership/2019/round-1/roosters-v-rabbitohs/"
            },
            {
              "Round": "Round 1",
              "Home": "Warriors",
              "Home_Score": 40,
              "Away": "Bulldogs",
              "Away_Score": 6,
              "Venue": "Go Media Stadium",
              "Date": "2019-03-16T04:00:00Z",
              "Match_Centre_URL": "https://www.nrl.com/draw/nrl-premiership/2019/round-1/warriors-v-bulldogs/"
            },
            {
              "Round": "Round 1",
              "Home": "Wests Tigers",
              "Home_Score": 20,
              "Away": "Sea Eagles",
              "Away_Score": 6,
              "Venue": "Leichhardt Oval",
              "Date": "2019-03-16T06:30:00Z",
              "Match_Centre_URL": "https://www.nrl.com/draw/nrl-premiership/2019/round-1/wests-tigers-v-sea-eagles/"
            },
            {
              "Round": "Round 1",
              "Home": "Cowboys",
              "Home_Score": 24,
              "Away": "Dragons",
              "Away_Score": 12,
              "Venue": "1300SMILES Stadium",
              "Date": "2019-03-16T08:35:00Z",
              "Match_Centre_URL": "https://www.nrl.com/draw/nrl-premiership/2019/round-1/cowboys-v-dragons/"
            },
            {
              "Round": "Round 1",
              "Home": "Panthers",
              "Home_Score": 12,
              "Away": "Eels",
              "Away_Score": 20,
              "Venue": "BlueBet Stadium",
              "Date": "2019-03-17T05:05:00Z",
              "Match_Centre_URL": "https://www.nrl.com/draw/nrl-premiership/2019/round-1/panthers-v-eels/"
            },
            {
              "Round": "Round 1",
              "Home": "Titans",
              "Home_Score": 0,
              "Away": "Raiders",
              "Away_Score": 21,
              "Venue": "Cbus Super Stadium",
              "Date": "2019-03-17T07:10:00Z",
              "Match_Centre_URL": "https://www.nrl.com/draw/nrl-premiership/2019/round-1/titans-v-raiders/"
            }
          ]
        },
        {
          "2": [
            {
              "Round": "Round 2",
              "Home": "Dragons",
              "Home_Score": 18,
              "Away": "Rabbitohs",
              "Away_Score": 34,
              "Venue": "Netstrata Jubilee Stadium",
              "Date": "2019-03-21T09:05:00Z",
              "Match_Centre_URL": "https://www.nrl.com/draw/nrl-premiership/2019/round-2/dragons-v-rabbitohs/"
            },
            {
              "Round": "Round 2",
              "Home": "Raiders",
              "Home_Score": 10,
              "Away": "Storm",
              "Away_Score": 22,
              "Venue": "GIO Stadium",
              "Date": "2019-03-22T07:00:00Z",
              "Match_Centre_URL": "https://www.nrl.com/draw/nrl-premiership/2019/round-2/raiders-v-storm/"
            },
            {
              "Round": "Round 2",
              "Home": "Broncos",
              "Home_Score": 29,
              "Away": "Cowboys",
              "Away_Score": 10,
              "Venue": "Suncorp Stadium",
              "Date": "2019-03-22T09:05:00Z",
              "Match_Centre_URL": "https://www.nrl.com/draw/nrl-premiership/2019/round-2/broncos-v-cowboys/"
            },
            {
              "Round": "Round 2",
              "Home": "Sharks",
              "Home_Score": 20,
              "Away": "Titans",
              "Away_Score": 6,
              "Venue": "PointsBet Stadium",
              "Date": "2019-03-23T04:00:00Z",
              "Match_Centre_URL": "https://www.nrl.com/draw/nrl-premiership/2019/round-2/sharks-v-titans/"
            },
            {
              "Round": "Round 2",
              "Home": "Knights",
              "Home_Score": 14,
              "Away": "Panthers",
              "Away_Score": 16,
              "Venue": "McDonald Jones Stadium",
              "Date": "2019-03-23T06:30:00Z",
              "Match_Centre_URL": "https://www.nrl.com/draw/nrl-premiership/2019/round-2/knights-v-panthers/"
            },
            {
              "Round": "Round 2",
              "Home": "Sea Eagles",
              "Home_Score": 18,
              "Away": "Roosters",
              "Away_Score": 26,
              "Venue": "4 Pines Park",
              "Date": "2019-03-23T08:35:00Z",
              "Match_Centre_URL": "https://www.nrl.com/draw/nrl-premiership/2019/round-2/sea-eagles-v-roosters/"
            },
            {
              "Round": "Round 2",
              "Home": "Bulldogs",
              "Home_Score": 16,
              "Away": "Eels",
              "Away_Score": 36,
              "Venue": "Accor Stadium",
              "Date": "2019-03-24T05:05:00Z",
              "Match_Centre_URL": "https://www.nrl.com/draw/nrl-premiership/2019/round-2/bulldogs-v-eels/"
            },
            {
              "Round": "Round 2",
              "Home": "Wests Tigers",
              "Home_Score": 34,
              "Away": "Warriors",
              "Away_Score": 6,
              "Venue": "Campbelltown Sports Stadium",
              "Date": "2019-03-24T07:10:00Z",
              "Match_Centre_URL": "https://www.nrl.com/draw/nrl-premiership/2019/round-2/wests-tigers-v-warriors/"
            }
          ]
        },
        {
          "3": [
            {
              "Round": "Round 3",
              "Home": "Broncos",
              "Home_Score": 24,
              "Away": "Dragons",
              "Away_Score": 25,
              "Venue": "Suncorp Stadium",
              "Date": "2019-03-28T09:05:00Z",
              "Match_Centre_URL": "https://www.nrl.com/draw/nrl-premiership/2019/round-3/broncos-v-dragons/"
            },
            {
              "Round": "Round 3",
              "Home": "Raiders",
              "Home_Score": 17,
              "Away": "Knights",
              "Away_Score": 10,
              "Venue": "GIO Stadium",
              "Date": "2019-03-29T07:00:00Z",
              "Match_Centre_URL": "https://www.nrl.com/draw/nrl-premiership/2019/round-3/raiders-v-knights/"
            },
            {
              "Round": "Round 3",
              "Home": "Eels",
              "Home_Score": 18,
              "Away": "Roosters",
              "Away_Score": 32,
              "Venue": "Accor Stadium",
              "Date": "2019-03-29T09:05:00Z",
              "Match_Centre_URL": "https://www.nrl.com/draw/nrl-premiership/2019/round-3/eels-v-roosters/"
            },
            {
              "Round": "Round 3",
              "Home": "Sea Eagles",
              "Home_Score": 46,
              "Away": "Warriors",
              "Away_Score": 12,
              "Venue": "Christchurch Stadium",
              "Date": "2019-03-30T04:00:00Z",
              "Match_Centre_URL": "https://www.nrl.com/draw/nrl-premiership/2019/round-3/sea-eagles-v-warriors/"
            },
            {
              "Round": "Round 3",
              "Home": "Cowboys",
              "Home_Score": 16,
              "Away": "Sharks",
              "Away_Score": 42,
              "Venue": "1300SMILES Stadium",
              "Date": "2019-03-30T06:30:00Z",
              "Match_Centre_URL": "https://www.nrl.com/draw/nrl-premiership/2019/round-3/cowboys-v-sharks/"
            },
            {
              "Round": "Round 3",
              "Home": "Panthers",
              "Home_Score": 2,
              "Away": "Storm",
              "Away_Score": 32,
              "Venue": "Carrington Park",
              "Date": "2019-03-30T08:35:00Z",
              "Match_Centre_URL": "https://www.nrl.com/draw/nrl-premiership/2019/round-3/panthers-v-storm/"
            },
            {
              "Round": "Round 3",
              "Home": "Wests Tigers",
              "Home_Score": 8,
              "Away": "Bulldogs",
              "Away_Score": 22,
              "Venue": "Campbelltown Sports Stadium",
              "Date": "2019-03-31T05:05:00Z",
              "Match_Centre_URL": "https://www.nrl.com/draw/nrl-premiership/2019/round-3/wests-tigers-v-bulldogs/"
            },
            {
              "Round": "Round 3",
              "Home": "Rabbitohs",
              "Home_Score": 28,
              "Away": "Titans",
              "Away_Score": 20,
              "Venue": "Accor Stadium",
              "Date": "2019-03-31T07:10:00Z",
              "Match_Centre_URL": "https://www.nrl.com/draw/nrl-premiership/2019/round-3/rabbitohs-v-titans/"
            }
          ]
        },
        {
          "4": [
            {
              "Round": "Round 4",
              "Home": "Roosters",
              "Home_Score": 36,
              "Away": "Broncos",
              "Away_Score": 4,
              "Venue": "Sydney Cricket Ground",
              "Date": "2019-04-04T09:05:00Z",
              "Match_Centre_URL": "https://www.nrl.com/draw/nrl-premiership/2019/round-4/roosters-v-broncos/"
            },
            {
              "Round": "Round 4",
              "Home": "Warriors",
              "Home_Score": 26,
              "Away": "Titans",
              "Away_Score": 10,
              "Venue": "Go Media Stadium",
              "Date": "2019-04-05T07:00:00Z",
              "Match_Centre_URL": "https://www.nrl.com/draw/nrl-premiership/2019/round-4/warriors-v-titans/"
            },
            {
              "Round": "Round 4",
              "Home": "Panthers",
              "Home_Score": 9,
              "Away": "Wests Tigers",
              "Away_Score": 8,
              "Venue": "BlueBet Stadium",
              "Date": "2019-04-05T09:05:00Z",
              "Match_Centre_URL": "https://www.nrl.com/draw/nrl-premiership/2019/round-4/panthers-v-wests-tigers/"
            },
            {
              "Round": "Round 4",
              "Home": "Sea Eagles",
              "Home_Score": 13,
              "Away": "Rabbitohs",
              "Away_Score": 12,
              "Venue": "4 Pines Park",
              "Date": "2019-04-06T04:00:00Z",
              "Match_Centre_URL": "https://www.nrl.com/draw/nrl-premiership/2019/round-4/sea-eagles-v-rabbitohs/"
            },
            {
              "Round": "Round 4",
              "Home": "Cowboys",
              "Home_Score": 12,
              "Away": "Raiders",
              "Away_Score": 30,
              "Venue": "1300SMILES Stadium",
              "Date": "2019-04-06T06:30:00Z",
              "Match_Centre_URL": "https://www.nrl.com/draw/nrl-premiership/2019/round-4/cowboys-v-raiders/"
            },
            {
              "Round": "Round 4",
              "Home": "Eels",
              "Home_Score": 24,
              "Away": "Sharks",
              "Away_Score": 12,
              "Venue": "Accor Stadium",
              "Date": "2019-04-06T08:35:00Z",
              "Match_Centre_URL": "https://www.nrl.com/draw/nrl-premiership/2019/round-4/eels-v-sharks/"
            },
            {
              "Round": "Round 4",
              "Home": "Storm",
              "Home_Score": 18,
              "Away": "Bulldogs",
              "Away_Score": 16,
              "Venue": "AAMI Park",
              "Date": "2019-04-07T06:05:00Z",
              "Match_Centre_URL": "https://www.nrl.com/draw/nrl-premiership/2019/round-4/storm-v-bulldogs/"
            },
            {
              "Round": "Round 4",
              "Home": "Knights",
              "Home_Score": 12,
              "Away": "Dragons",
              "Away_Score": 13,
              "Venue": "McDonald Jones Stadium",
              "Date": "2019-04-07T08:10:00Z",
              "Match_Centre_URL": "https://www.nrl.com/draw/nrl-premiership/2019/round-4/knights-v-dragons/"
            }
          ]
        },
        {
          "5": [
            {
              "Round": "Round 5",
              "Home": "Broncos",
              "Home_Score": 16,
              "Away": "Wests Tigers",
              "Away_Score": 22,
              "Venue": "Suncorp Stadium",
              "Date": "2019-04-11T09:50:00Z",
              "Match_Centre_URL": "https://www.nrl.com/draw/nrl-premiership/2019/round-5/broncos-v-wests-tigers/"
            },
            {
              "Round": "Round 5",
              "Home": "Titans",
              "Home_Score": 30,
              "Away": "Panthers",
              "Away_Score": 24,
              "Venue": "Cbus Super Stadium",
              "Date": "2019-04-12T08:00:00Z",
              "Match_Centre_URL": "https://www.nrl.com/draw/nrl-premiership/2019/round-5/titans-v-panthers/"
            },
            {
              "Round": "Round 5",
              "Home": "Cowboys",
              "Home_Score": 12,
              "Away": "Storm",
              "Away_Score": 18,
              "Venue": "1300SMILES Stadium",
              "Date": "2019-04-12T09:55:00Z",
              "Match_Centre_URL": "https://www.nrl.com/draw/nrl-premiership/2019/round-5/cowboys-v-storm/"
            },
            {
              "Round": "Round 5",
              "Home": "Rabbitohs",
              "Home_Score": 28,
              "Away": "Warriors",
              "Away_Score": 24,
              "Venue": "Sunshine Coast Stadium",
              "Date": "2019-04-13T05:00:00Z",
              "Match_Centre_URL": "https://www.nrl.com/draw/nrl-premiership/2019/round-5/rabbitohs-v-warriors/"
            },
            {
              "Round": "Round 5",
              "Home": "Knights",
              "Home_Score": 18,
              "Away": "Sea Eagles",
              "Away_Score": 26,
              "Venue": "McDonald Jones Stadium",
              "Date": "2019-04-13T07:30:00Z",
              "Match_Centre_URL": "https://www.nrl.com/draw/nrl-premiership/2019/round-5/knights-v-sea-eagles/"
            },
            {
              "Round": "Round 5",
              "Home": "Sharks",
              "Home_Score": 16,
              "Away": "Roosters",
              "Away_Score": 30,
              "Venue": "PointsBet Stadium",
              "Date": "2019-04-13T09:35:00Z",
              "Match_Centre_URL": "https://www.nrl.com/draw/nrl-premiership/2019/round-5/sharks-v-roosters/"
            },
            {
              "Round": "Round 5",
              "Home": "Dragons",
              "Home_Score": 40,
              "Away": "Bulldogs",
              "Away_Score": 4,
              "Venue": "Netstrata Jubilee Stadium",
              "Date": "2019-04-14T06:05:00Z",
              "Match_Centre_URL": "https://www.nrl.com/draw/nrl-premiership/2019/round-5/dragons-v-bulldogs/"
            },
            {
              "Round": "Round 5",
              "Home": "Raiders",
              "Home_Score": 19,
              "Away": "Eels",
              "Away_Score": 0,
              "Venue": "GIO Stadium",
              "Date": "2019-04-14T08:10:00Z",
              "Match_Centre_URL": "https://www.nrl.com/draw/nrl-premiership/2019/round-5/raiders-v-eels/"
            }
          ]
        },
        {
          "6": [
            {
              "Round": "Round 6",
              "Home": "Sharks",
              "Home_Score": 24,
              "Away": "Panthers",
              "Away_Score": 20,
              "Venue": "PointsBet Stadium",
              "Date": "2019-04-18T09:50:00Z",
              "Match_Centre_URL": "https://www.nrl.com/draw/nrl-premiership/2019/round-6/sharks-v-panthers/"
            },
            {
              "Round": "Round 6",
              "Home": "Bulldogs",
              "Home_Score": 6,
              "Away": "Rabbitohs",
              "Away_Score": 14,
              "Venue": "Accor Stadium",
              "Date": "2019-04-19T06:05:00Z",
              "Match_Centre_URL": "https://www.nrl.com/draw/nrl-premiership/2019/round-6/bulldogs-v-rabbitohs/"
            },
            {
              "Round": "Round 6",
              "Home": "Storm",
              "Home_Score": 20,
              "Away": "Roosters",
              "Away_Score": 21,
              "Venue": "AAMI Park",
              "Date": "2019-04-19T09:55:00Z",
              "Match_Centre_URL": "https://www.nrl.com/draw/nrl-premiership/2019/round-6/storm-v-roosters/"
            },
            {
              "Round": "Round 6",
              "Home": "Warriors",
              "Home_Score": 10,
              "Away": "Cowboys",
              "Away_Score": 17,
              "Venue": "Go Media Stadium",
              "Date": "2019-04-20T07:30:00Z",
              "Match_Centre_URL": "https://www.nrl.com/draw/nrl-premiership/2019/round-6/warriors-v-cowboys/"
            },
            {
              "Round": "Round 6",
              "Home": "Dragons",
              "Home_Score": 12,
              "Away": "Sea Eagles",
              "Away_Score": 10,
              "Venue": "WIN Stadium",
              "Date": "2019-04-20T09:35:00Z",
              "Match_Centre_URL": "https://www.nrl.com/draw/nrl-premiership/2019/round-6/dragons-v-sea-eagles/"
            },
            {
              "Round": "Round 6",
              "Home": "Titans",
              "Home_Score": 38,
              "Away": "Knights",
              "Away_Score": 14,
              "Venue": "Cbus Super Stadium",
              "Date": "2019-04-21T04:00:00Z",
              "Match_Centre_URL": "https://www.nrl.com/draw/nrl-premiership/2019/round-6/titans-v-knights/"
            },
            {
              "Round": "Round 6",
              "Home": "Raiders",
              "Home_Score": 26,
              "Away": "Broncos",
              "Away_Score": 22,
              "Venue": "GIO Stadium",
              "Date": "2019-04-21T06:05:00Z",
              "Match_Centre_URL": "https://www.nrl.com/draw/nrl-premiership/2019/round-6/raiders-v-broncos/"
            },
            {
              "Round": "Round 6",
              "Home": "Eels",
              "Home_Score": 51,
              "Away": "Wests Tigers",
              "Away_Score": 6,
              "Venue": "CommBank Stadium",
              "Date": "2019-04-22T06:00:00Z",
              "Match_Centre_URL": "https://www.nrl.com/draw/nrl-premiership/2019/round-6/eels-v-wests-tigers/"
            }
          ]
        },
        {
          "7": [
            {
              "Round": "Round 7",
              "Home": "Roosters",
              "Home_Score": 20,
              "Away": "Dragons",
              "Away_Score": 10,
              "Venue": "Sydney Cricket Ground",
              "Date": "2019-04-25T06:05:00Z",
              "Match_Centre_URL": "https://www.nrl.com/draw/nrl-premiership/2019/round-7/roosters-v-dragons/"
            },
            {
              "Round": "Round 7",
              "Home": "Storm",
              "Home_Score": 13,
              "Away": "Warriors",
              "Away_Score": 12,
              "Venue": "AAMI Park",
              "Date": "2019-04-25T09:50:00Z",
              "Match_Centre_URL": "https://www.nrl.com/draw/nrl-premiership/2019/round-7/storm-v-warriors/"
            },
            {
              "Round": "Round 7",
              "Home": "Bulldogs",
              "Home_Score": 24,
              "Away": "Cowboys",
              "Away_Score": 12,
              "Venue": "Accor Stadium",
              "Date": "2019-04-26T08:00:00Z",
              "Match_Centre_URL": "https://www.nrl.com/draw/nrl-premiership/2019/round-7/bulldogs-v-cowboys/"
            },
            {
              "Round": "Round 7",
              "Home": "Panthers",
              "Home_Score": 18,
              "Away": "Rabbitohs",
              "Away_Score": 22,
              "Venue": "BlueBet Stadium",
              "Date": "2019-04-26T09:55:00Z",
              "Match_Centre_URL": "https://www.nrl.com/draw/nrl-premiership/2019/round-7/panthers-v-rabbitohs/"
            },
            {
              "Round": "Round 7",
              "Home": "Wests Tigers",
              "Home_Score": 30,
              "Away": "Titans",
              "Away_Score": 14,
              "Venue": "Scully Park",
              "Date": "2019-04-27T07:30:00Z",
              "Match_Centre_URL": "https://www.nrl.com/draw/nrl-premiership/2019/round-7/wests-tigers-v-titans/"
            },
            {
              "Round": "Round 7",
              "Home": "Broncos",
              "Home_Score": 29,
              "Away": "Sharks",
              "Away_Score": 6,
              "Venue": "Suncorp Stadium",
              "Date": "2019-04-27T09:35:00Z",
              "Match_Centre_URL": "https://www.nrl.com/draw/nrl-premiership/2019/round-7/broncos-v-sharks/"
            },
            {
              "Round": "Round 7",
              "Home": "Sea Eagles",
              "Home_Score": 24,
              "Away": "Raiders",
              "Away_Score": 20,
              "Venue": "4 Pines Park",
              "Date": "2019-04-28T04:00:00Z",
              "Match_Centre_URL": "https://www.nrl.com/draw/nrl-premiership/2019/round-7/sea-eagles-v-raiders/"
            },
            {
              "Round": "Round 7",
              "Home": "Knights",
              "Home_Score": 28,
              "Away": "Eels",
              "Away_Score": 14,
              "Venue": "McDonald Jones Stadium",
              "Date": "2019-04-28T06:05:00Z",
              "Match_Centre_URL": "https://www.nrl.com/draw/nrl-premiership/2019/round-7/knights-v-eels/"
            }
          ]
        },
        {
          "8": [
            {
              "Round": "Round 8",
              "Home": "Rabbitohs",
              "Home_Score": 38,
              "Away": "Broncos",
              "Away_Score": 6,
              "Venue": "Accor Stadium",
              "Date": "2019-05-02T09:50:00Z",
              "Match_Centre_URL": "https://www.nrl.com/draw/nrl-premiership/2019/round-8/rabbitohs-v-broncos/"
            },
            {
              "Round": "Round 8",
              "Home": "Cowboys",
              "Home_Score": 28,
              "Away": "Titans",
              "Away_Score": 14,
              "Venue": "1300SMILES Stadium",
              "Date": "2019-05-03T08:00:00Z",
              "Match_Centre_URL": "https://www.nrl.com/draw/nrl-premiership/2019/round-8/cowboys-v-titans/"
            },
            {
              "Round": "Round 8",
              "Home": "Sharks",
              "Home_Score": 20,
              "Away": "Storm",
              "Away_Score": 18,
              "Venue": "PointsBet Stadium",
              "Date": "2019-05-03T09:55:00Z",
              "Match_Centre_URL": "https://www.nrl.com/draw/nrl-premiership/2019/round-8/sharks-v-storm/"
            },
            {
              "Round": "Round 8",
              "Home": "Raiders",
              "Home_Score": 30,
              "Away": "Panthers",
              "Away_Score": 12,
              "Venue": "McDonalds Park",
              "Date": "2019-05-04T05:00:00Z",
              "Match_Centre_URL": "https://www.nrl.com/draw/nrl-premiership/2019/round-8/raiders-v-panthers/"
            },
            {
              "Round": "Round 8",
              "Home": "Sea Eagles",
              "Home_Score": 18,
              "Away": "Bulldogs",
              "Away_Score": 10,
              "Venue": "4 Pines Park",
              "Date": "2019-05-04T07:30:00Z",
              "Match_Centre_URL": "https://www.nrl.com/draw/nrl-premiership/2019/round-8/sea-eagles-v-bulldogs/"
            },
            {
              "Round": "Round 8",
              "Home": "Roosters",
              "Home_Score": 42,
              "Away": "Wests Tigers",
              "Away_Score": 12,
              "Venue": "Sydney Cricket Ground",
              "Date": "2019-05-04T09:35:00Z",
              "Match_Centre_URL": "https://www.nrl.com/draw/nrl-premiership/2019/round-8/roosters-v-wests-tigers/"
            },
            {
              "Round": "Round 8",
              "Home": "Warriors",
              "Home_Score": 18,
              "Away": "Knights",
              "Away_Score": 36,
              "Venue": "Go Media Stadium",
              "Date": "2019-05-05T04:00:00Z",
              "Match_Centre_URL": "https://www.nrl.com/draw/nrl-premiership/2019/round-8/warriors-v-knights/"
            },
            {
              "Round": "Round 8",
              "Home": "Eels",
              "Home_Score": 32,
              "Away": "Dragons",
              "Away_Score": 18,
              "Venue": "CommBank Stadium",
              "Date": "2019-05-05T06:05:00Z",
              "Match_Centre_URL": "https://www.nrl.com/draw/nrl-premiership/2019/round-8/eels-v-dragons/"
            }
          ]
        },
        {
          "9": [
            {
              "Round": "Round 9",
              "Home": "Titans",
              "Home_Score": 18,
              "Away": "Sharks",
              "Away_Score": 26,
              "Venue": "Suncorp Stadium",
              "Date": "2019-05-09T09:50:00Z",
              "Match_Centre_URL": "https://www.nrl.com/draw/nrl-premiership/2019/round-9/titans-v-sharks/"
            },
            {
              "Round": "Round 9",
              "Home": "Wests Tigers",
              "Home_Score": 30,
              "Away": "Panthers",
              "Away_Score": 4,
              "Venue": "Suncorp Stadium",
              "Date": "2019-05-10T08:00:00Z",
              "Match_Centre_URL": "https://www.nrl.com/draw/nrl-premiership/2019/round-9/wests-tigers-v-panthers/"
            },
            {
              "Round": "Round 9",
              "Home": "Sea Eagles",
              "Home_Score": 10,
              "Away": "Broncos",
              "Away_Score": 26,
              "Venue": "Suncorp Stadium",
              "Date": "2019-05-10T10:05:00Z",
              "Match_Centre_URL": "https://www.nrl.com/draw/nrl-premiership/2019/round-9/sea-eagles-v-broncos/"
            },
            {
              "Round": "Round 9",
              "Home": "Bulldogs",
              "Home_Score": 10,
              "Away": "Knights",
              "Away_Score": 22,
              "Venue": "Suncorp Stadium",
              "Date": "2019-05-11T05:00:00Z",
              "Match_Centre_URL": "https://www.nrl.com/draw/nrl-premiership/2019/round-9/bulldogs-v-knights/"
            },
            {
              "Round": "Round 9",
              "Home": "Warriors",
              "Home_Score": 26,
              "Away": "Dragons",
              "Away_Score": 18,
              "Venue": "Suncorp Stadium",
              "Date": "2019-05-11T07:30:00Z",
              "Match_Centre_URL": "https://www.nrl.com/draw/nrl-premiership/2019/round-9/warriors-v-dragons/"
            },
            {
              "Round": "Round 9",
              "Home": "Storm",
              "Home_Score": 64,
              "Away": "Eels",
              "Away_Score": 10,
              "Venue": "Suncorp Stadium",
              "Date": "2019-05-11T09:35:00Z",
              "Match_Centre_URL": "https://www.nrl.com/draw/nrl-premiership/2019/round-9/storm-v-eels/"
            },
            {
              "Round": "Round 9",
              "Home": "Roosters",
              "Home_Score": 30,
              "Away": "Raiders",
              "Away_Score": 24,
              "Venue": "Suncorp Stadium",
              "Date": "2019-05-12T04:00:00Z",
              "Match_Centre_URL": "https://www.nrl.com/draw/nrl-premiership/2019/round-9/roosters-v-raiders/"
            },
            {
              "Round": "Round 9",
              "Home": "Rabbitohs",
              "Home_Score": 32,
              "Away": "Cowboys",
              "Away_Score": 16,
              "Venue": "Suncorp Stadium",
              "Date": "2019-05-12T06:05:00Z",
              "Match_Centre_URL": "https://www.nrl.com/draw/nrl-premiership/2019/round-9/rabbitohs-v-cowboys/"
            }
          ]
        },
        {
          "10": [
            {
              "Round": "Round 10",
              "Home": "Storm",
              "Home_Score": 24,
              "Away": "Wests Tigers",
              "Away_Score": 22,
              "Venue": "AAMI Park",
              "Date": "2019-05-16T09:50:00Z",
              "Match_Centre_URL": "https://www.nrl.com/draw/nrl-premiership/2019/round-10/storm-v-wests-tigers/"
            },
            {
              "Round": "Round 10",
              "Home": "Panthers",
              "Home_Score": 10,
              "Away": "Warriors",
              "Away_Score": 30,
              "Venue": "BlueBet Stadium",
              "Date": "2019-05-17T08:00:00Z",
              "Match_Centre_URL": "https://www.nrl.com/draw/nrl-premiership/2019/round-10/panthers-v-warriors/"
            },
            {
              "Round": "Round 10",
              "Home": "Broncos",
              "Home_Score": 15,
              "Away": "Roosters",
              "Away_Score": 10,
              "Venue": "Suncorp Stadium",
              "Date": "2019-05-17T09:55:00Z",
              "Match_Centre_URL": "https://www.nrl.com/draw/nrl-premiership/2019/round-10/broncos-v-roosters/"
            },
            {
              "Round": "Round 10",
              "Home": "Titans",
              "Home_Score": 16,
              "Away": "Bulldogs",
              "Away_Score": 22,
              "Venue": "Cbus Super Stadium",
              "Date": "2019-05-18T05:00:00Z",
              "Match_Centre_URL": "https://www.nrl.com/draw/nrl-premiership/2019/round-10/titans-v-bulldogs/"
            },
            {
              "Round": "Round 10",
              "Home": "Cowboys",
              "Home_Score": 17,
              "Away": "Eels",
              "Away_Score": 10,
              "Venue": "1300SMILES Stadium",
              "Date": "2019-05-18T07:30:00Z",
              "Match_Centre_URL": "https://www.nrl.com/draw/nrl-premiership/2019/round-10/cowboys-v-eels/"
            },
            {
              "Round": "Round 10",
              "Home": "Raiders",
              "Home_Score": 12,
              "Away": "Rabbitohs",
              "Away_Score": 16,
              "Venue": "GIO Stadium",
              "Date": "2019-05-18T09:35:00Z",
              "Match_Centre_URL": "https://www.nrl.com/draw/nrl-premiership/2019/round-10/raiders-v-rabbitohs/"
            },
            {
              "Round": "Round 10",
              "Home": "Dragons",
              "Home_Score": 12,
              "Away": "Knights",
              "Away_Score": 45,
              "Venue": "Glen Willow Oval",
              "Date": "2019-05-19T04:00:00Z",
              "Match_Centre_URL": "https://www.nrl.com/draw/nrl-premiership/2019/round-10/dragons-v-knights/"
            },
            {
              "Round": "Round 10",
              "Home": "Sharks",
              "Home_Score": 14,
              "Away": "Sea Eagles",
              "Away_Score": 24,
              "Venue": "PointsBet Stadium",
              "Date": "2019-05-19T06:05:00Z",
              "Match_Centre_URL": "https://www.nrl.com/draw/nrl-premiership/2019/round-10/sharks-v-sea-eagles/"
            }
          ]
        },
        {
          "11": [
            {
              "Round": "Round 11",
              "Home": "Eels",
              "Home_Score": 10,
              "Away": "Panthers",
              "Away_Score": 16,
              "Venue": "CommBank Stadium",
              "Date": "2019-05-23T09:50:00Z",
              "Match_Centre_URL": "https://www.nrl.com/draw/nrl-premiership/2019/round-11/eels-v-panthers/"
            },
            {
              "Round": "Round 11",
              "Home": "Sea Eagles",
              "Home_Score": 18,
              "Away": "Titans",
              "Away_Score": 36,
              "Venue": "Lottoland",
              "Date": "2019-05-24T08:00:00Z",
              "Match_Centre_URL": "https://www.nrl.com/draw/nrl-premiership/2019/round-11/sea-eagles-v-titans/"
            },
            {
              "Round": "Round 11",
              "Home": "Knights",
              "Home_Score": 38,
              "Away": "Roosters",
              "Away_Score": 12,
              "Venue": "McDonald Jones Stadium",
              "Date": "2019-05-24T09:55:00Z",
              "Match_Centre_URL": "https://www.nrl.com/draw/nrl-premiership/2019/round-11/knights-v-roosters/"
            },
            {
              "Round": "Round 11",
              "Home": "Raiders",
              "Home_Score": 16,
              "Away": "Cowboys",
              "Away_Score": 22,
              "Venue": "GIO Stadium",
              "Date": "2019-05-25T05:00:00Z",
              "Match_Centre_URL": "https://www.nrl.com/draw/nrl-premiership/2019/round-11/raiders-v-cowboys/"
            },
            {
              "Round": "Round 11",
              "Home": "Warriors",
              "Home_Score": 2,
              "Away": "Broncos",
              "Away_Score": 8,
              "Venue": "Go Media Stadium",
              "Date": "2019-05-25T07:30:00Z",
              "Match_Centre_URL": "https://www.nrl.com/draw/nrl-premiership/2019/round-11/warriors-v-broncos/"
            },
            {
              "Round": "Round 11",
              "Home": "Rabbitohs",
              "Home_Score": 32,
              "Away": "Wests Tigers",
              "Away_Score": 16,
              "Venue": "Accor Stadium",
              "Date": "2019-05-25T09:35:00Z",
              "Match_Centre_URL": "https://www.nrl.com/draw/nrl-premiership/2019/round-11/rabbitohs-v-wests-tigers/"
            },
            {
              "Round": "Round 11",
              "Home": "Bulldogs",
              "Home_Score": 6,
              "Away": "Storm",
              "Away_Score": 28,
              "Venue": "Belmore Sports Ground",
              "Date": "2019-05-26T04:00:00Z",
              "Match_Centre_URL": "https://www.nrl.com/draw/nrl-premiership/2019/round-11/bulldogs-v-storm/"
            },
            {
              "Round": "Round 11",
              "Home": "Dragons",
              "Home_Score": 9,
              "Away": "Sharks",
              "Away_Score": 22,
              "Venue": "WIN Stadium",
              "Date": "2019-05-26T06:05:00Z",
              "Match_Centre_URL": "https://www.nrl.com/draw/nrl-premiership/2019/round-11/dragons-v-sharks/"
            }
          ]
        },
        {
          "12": [
            {
              "Round": "Round 12",
              "Home": "Panthers",
              "Home_Score": 15,
              "Away": "Sea Eagles",
              "Away_Score": 12,
              "Venue": "BlueBet Stadium",
              "Date": "2019-05-30T09:50:00Z",
              "Match_Centre_URL": "https://www.nrl.com/draw/nrl-premiership/2019/round-12/panthers-v-sea-eagles/"
            },
            {
              "Round": "Round 12",
              "Home": "Eels",
              "Home_Score": 26,
              "Away": "Rabbitohs",
              "Away_Score": 14,
              "Venue": "CommBank Stadium",
              "Date": "2019-05-31T09:55:00Z",
              "Match_Centre_URL": "https://www.nrl.com/draw/nrl-premiership/2019/round-12/eels-v-rabbitohs/"
            },
            {
              "Round": "Round 12",
              "Home": "Bulldogs",
              "Home_Score": 10,
              "Away": "Raiders",
              "Away_Score": 12,
              "Venue": "Accor Stadium",
              "Date": "2019-06-01T09:35:00Z",
              "Match_Centre_URL": "https://www.nrl.com/draw/nrl-premiership/2019/round-12/bulldogs-v-raiders/"
            },
            {
              "Round": "Round 12",
              "Home": "Titans",
              "Home_Score": 4,
              "Away": "Cowboys",
              "Away_Score": 6,
              "Venue": "Cbus Super Stadium",
              "Date": "2019-06-02T06:05:00Z",
              "Match_Centre_URL": "https://www.nrl.com/draw/nrl-premiership/2019/round-12/titans-v-cowboys/"
            }
          ]
        },
        {
          "13": [
            {
              "Round": "Round 13",
              "Home": "Rabbitohs",
              "Home_Score": 12,
              "Away": "Knights",
              "Away_Score": 20,
              "Venue": "Accor Stadium",
              "Date": "2019-06-07T08:00:00Z",
              "Match_Centre_URL": "https://www.nrl.com/draw/nrl-premiership/2019/round-13/rabbitohs-v-knights/"
            },
            {
              "Round": "Round 13",
              "Home": "Wests Tigers",
              "Home_Score": 0,
              "Away": "Raiders",
              "Away_Score": 28,
              "Venue": "CommBank Stadium",
              "Date": "2019-06-07T09:55:00Z",
              "Match_Centre_URL": "https://www.nrl.com/draw/nrl-premiership/2019/round-13/wests-tigers-v-raiders/"
            },
            {
              "Round": "Round 13",
              "Home": "Warriors",
              "Home_Score": 10,
              "Away": "Storm",
              "Away_Score": 32,
              "Venue": "Go Media Stadium",
              "Date": "2019-06-08T05:00:00Z",
              "Match_Centre_URL": "https://www.nrl.com/draw/nrl-premiership/2019/round-13/warriors-v-storm/"
            },
            {
              "Round": "Round 13",
              "Home": "Sharks",
              "Home_Score": 42,
              "Away": "Eels",
              "Away_Score": 22,
              "Venue": "PointsBet Stadium",
              "Date": "2019-06-08T07:30:00Z",
              "Match_Centre_URL": "https://www.nrl.com/draw/nrl-premiership/2019/round-13/sharks-v-eels/"
            },
            {
              "Round": "Round 13",
              "Home": "Cowboys",
              "Home_Score": 20,
              "Away": "Sea Eagles",
              "Away_Score": 22,
              "Venue": "1300SMILES Stadium",
              "Date": "2019-06-08T09:35:00Z",
              "Match_Centre_URL": "https://www.nrl.com/draw/nrl-premiership/2019/round-13/cowboys-v-sea-eagles/"
            },
            {
              "Round": "Round 13",
              "Home": "Broncos",
              "Home_Score": 18,
              "Away": "Titans",
              "Away_Score": 26,
              "Venue": "Suncorp Stadium",
              "Date": "2019-06-09T04:00:00Z",
              "Match_Centre_URL": "https://www.nrl.com/draw/nrl-premiership/2019/round-13/broncos-v-titans/"
            },
            {
              "Round": "Round 13",
              "Home": "Panthers",
              "Home_Score": 19,
              "Away": "Roosters",
              "Away_Score": 10,
              "Venue": "BlueBet Stadium",
              "Date": "2019-06-09T06:05:00Z",
              "Match_Centre_URL": "https://www.nrl.com/draw/nrl-premiership/2019/round-13/panthers-v-roosters/"
            },
            {
              "Round": "Round 13",
              "Home": "Bulldogs",
              "Home_Score": 12,
              "Away": "Dragons",
              "Away_Score": 36,
              "Venue": "Accor Stadium",
              "Date": "2019-06-10T06:00:00Z",
              "Match_Centre_URL": "https://www.nrl.com/draw/nrl-premiership/2019/round-13/bulldogs-v-dragons/"
            }
          ]
        },
        {
          "14": [
            {
              "Round": "Round 14",
              "Home": "Raiders",
              "Home_Score": 22,
              "Away": "Sharks",
              "Away_Score": 20,
              "Venue": "GIO Stadium",
              "Date": "2019-06-13T09:50:00Z",
              "Match_Centre_URL": "https://www.nrl.com/draw/nrl-premiership/2019/round-14/raiders-v-sharks/"
            },
            {
              "Round": "Round 14",
              "Home": "Titans",
              "Home_Score": 20,
              "Away": "Warriors",
              "Away_Score": 24,
              "Venue": "Cbus Super Stadium",
              "Date": "2019-06-14T08:00:00Z",
              "Match_Centre_URL": "https://www.nrl.com/draw/nrl-premiership/2019/round-14/titans-v-warriors/"
            },
            {
              "Round": "Round 14",
              "Home": "Cowboys",
              "Home_Score": 26,
              "Away": "Wests Tigers",
              "Away_Score": 27,
              "Venue": "1300SMILES Stadium",
              "Date": "2019-06-14T09:55:00Z",
              "Match_Centre_URL": "https://www.nrl.com/draw/nrl-premiership/2019/round-14/cowboys-v-wests-tigers/"
            },
            {
              "Round": "Round 14",
              "Home": "Storm",
              "Home_Score": 34,
              "Away": "Knights",
              "Away_Score": 4,
              "Venue": "AAMI Park",
              "Date": "2019-06-15T05:00:00Z",
              "Match_Centre_URL": "https://www.nrl.com/draw/nrl-premiership/2019/round-14/storm-v-knights/"
            },
            {
              "Round": "Round 14",
              "Home": "Rabbitohs",
              "Home_Score": 18,
              "Away": "Panthers",
              "Away_Score": 19,
              "Venue": "Accor Stadium",
              "Date": "2019-06-15T07:30:00Z",
              "Match_Centre_URL": "https://www.nrl.com/draw/nrl-premiership/2019/round-14/rabbitohs-v-panthers/"
            },
            {
              "Round": "Round 14",
              "Home": "Eels",
              "Home_Score": 38,
              "Away": "Broncos",
              "Away_Score": 10,
              "Venue": "CommBank Stadium",
              "Date": "2019-06-15T09:30:00Z",
              "Match_Centre_URL": "https://www.nrl.com/draw/nrl-premiership/2019/round-14/eels-v-broncos/"
            },
            {
              "Round": "Round 14",
              "Home": "Sea Eagles",
              "Home_Score": 34,
              "Away": "Dragons",
              "Away_Score": 14,
              "Venue": "4 Pines Park",
              "Date": "2019-06-16T04:00:00Z",
              "Match_Centre_URL": "https://www.nrl.com/draw/nrl-premiership/2019/round-14/sea-eagles-v-dragons/"
            },
            {
              "Round": "Round 14",
              "Home": "Roosters",
              "Home_Score": 38,
              "Away": "Bulldogs",
              "Away_Score": 12,
              "Venue": "Sydney Cricket Ground",
              "Date": "2019-06-16T06:00:00Z",
              "Match_Centre_URL": "https://www.nrl.com/draw/nrl-premiership/2019/round-14/roosters-v-bulldogs/"
            }
          ]
        },
        {
          "15": [
            {
              "Round": "Round 15",
              "Home": "Wests Tigers",
              "Home_Score": 14,
              "Away": "Rabbitohs",
              "Away_Score": 9,
              "Venue": "CommBank Stadium",
              "Date": "2019-06-27T09:50:00Z",
              "Match_Centre_URL": "https://www.nrl.com/draw/nrl-premiership/2019/round-15/wests-tigers-v-rabbitohs/"
            },
            {
              "Round": "Round 15",
              "Home": "Dragons",
              "Home_Score": 22,
              "Away": "Cowboys",
              "Away_Score": 14,
              "Venue": "WIN Stadium",
              "Date": "2019-06-28T08:00:00Z",
              "Match_Centre_URL": "https://www.nrl.com/draw/nrl-premiership/2019/round-15/dragons-v-cowboys/"
            },
            {
              "Round": "Round 15",
              "Home": "Roosters",
              "Home_Score": 12,
              "Away": "Storm",
              "Away_Score": 14,
              "Venue": "Adelaide Oval",
              "Date": "2019-06-28T09:55:00Z",
              "Match_Centre_URL": "https://www.nrl.com/draw/nrl-premiership/2019/round-15/roosters-v-storm/"
            },
            {
              "Round": "Round 15",
              "Home": "Titans",
              "Home_Score": 12,
              "Away": "Sea Eagles",
              "Away_Score": 30,
              "Venue": "Cbus Super Stadium",
              "Date": "2019-06-29T05:00:00Z",
              "Match_Centre_URL": "https://www.nrl.com/draw/nrl-premiership/2019/round-15/titans-v-sea-eagles/"
            },
            {
              "Round": "Round 15",
              "Home": "Knights",
              "Home_Score": 26,
              "Away": "Broncos",
              "Away_Score": 12,
              "Venue": "McDonald Jones Stadium",
              "Date": "2019-06-29T07:30:00Z",
              "Match_Centre_URL": "https://www.nrl.com/draw/nrl-premiership/2019/round-15/knights-v-broncos/"
            },
            {
              "Round": "Round 15",
              "Home": "Eels",
              "Home_Score": 22,
              "Away": "Raiders",
              "Away_Score": 16,
              "Venue": "TIO Stadium",
              "Date": "2019-06-29T09:35:00Z",
              "Match_Centre_URL": "https://www.nrl.com/draw/nrl-premiership/2019/round-15/eels-v-raiders/"
            },
            {
              "Round": "Round 15",
              "Home": "Warriors",
              "Home_Score": 18,
              "Away": "Panthers",
              "Away_Score": 19,
              "Venue": "Go Media Stadium",
              "Date": "2019-06-30T04:00:00Z",
              "Match_Centre_URL": "https://www.nrl.com/draw/nrl-premiership/2019/round-15/warriors-v-panthers/"
            },
            {
              "Round": "Round 15",
              "Home": "Bulldogs",
              "Home_Score": 14,
              "Away": "Sharks",
              "Away_Score": 12,
              "Venue": "Accor Stadium",
              "Date": "2019-06-30T06:05:00Z",
              "Match_Centre_URL": "https://www.nrl.com/draw/nrl-premiership/2019/round-15/bulldogs-v-sharks/"
            }
          ]
        },
        {
          "16": [
            {
              "Round": "Round 16",
              "Home": "Dragons",
              "Home_Score": 14,
              "Away": "Storm",
              "Away_Score": 16,
              "Venue": "WIN Stadium",
              "Date": "2019-07-04T09:50:00Z",
              "Match_Centre_URL": "https://www.nrl.com/draw/nrl-premiership/2019/round-16/dragons-v-storm/"
            },
            {
              "Round": "Round 16",
              "Home": "Wests Tigers",
              "Home_Score": 16,
              "Away": "Roosters",
              "Away_Score": 24,
              "Venue": "CommBank Stadium",
              "Date": "2019-07-05T09:55:00Z",
              "Match_Centre_URL": "https://www.nrl.com/draw/nrl-premiership/2019/round-16/wests-tigers-v-roosters/"
            },
            {
              "Round": "Round 16",
              "Home": "Knights",
              "Home_Score": 20,
              "Away": "Warriors",
              "Away_Score": 24,
              "Venue": "McDonald Jones Stadium",
              "Date": "2019-07-06T09:35:00Z",
              "Match_Centre_URL": "https://www.nrl.com/draw/nrl-premiership/2019/round-16/knights-v-warriors/"
            },
            {
              "Round": "Round 16",
              "Home": "Sharks",
              "Home_Score": 22,
              "Away": "Broncos",
              "Away_Score": 24,
              "Venue": "PointsBet Stadium",
              "Date": "2019-07-07T06:05:00Z",
              "Match_Centre_URL": "https://www.nrl.com/draw/nrl-premiership/2019/round-16/sharks-v-broncos/"
            }
          ]
        },
        {
          "17": [
            {
              "Round": "Round 17",
              "Home": "Panthers",
              "Home_Score": 24,
              "Away": "Titans",
              "Away_Score": 2,
              "Venue": "BlueBet Stadium",
              "Date": "2019-07-12T08:00:00Z",
              "Match_Centre_URL": "https://www.nrl.com/draw/nrl-premiership/2019/round-17/panthers-v-titans/"
            },
            {
              "Round": "Round 17",
              "Home": "Knights",
              "Home_Score": 14,
              "Away": "Bulldogs",
              "Away_Score": 20,
              "Venue": "McDonald Jones Stadium",
              "Date": "2019-07-12T09:55:00Z",
              "Match_Centre_URL": "https://www.nrl.com/draw/nrl-premiership/2019/round-17/knights-v-bulldogs/"
            },
            {
              "Round": "Round 17",
              "Home": "Rabbitohs",
              "Home_Score": 21,
              "Away": "Sea Eagles",
              "Away_Score": 20,
              "Venue": "Accor Stadium",
              "Date": "2019-07-13T05:00:00Z",
              "Match_Centre_URL": "https://www.nrl.com/draw/nrl-premiership/2019/round-17/rabbitohs-v-sea-eagles/"
            },
            {
              "Round": "Round 17",
              "Home": "Broncos",
              "Home_Score": 18,
              "Away": "Warriors",
              "Away_Score": 18,
              "Venue": "Suncorp Stadium",
              "Date": "2019-07-13T07:30:00Z",
              "Match_Centre_URL": "https://www.nrl.com/draw/nrl-premiership/2019/round-17/broncos-v-warriors/"
            },
            {
              "Round": "Round 17",
              "Home": "Storm",
              "Home_Score": 40,
              "Away": "Sharks",
              "Away_Score": 16,
              "Venue": "AAMI Park",
              "Date": "2019-07-13T09:35:00Z",
              "Match_Centre_URL": "https://www.nrl.com/draw/nrl-premiership/2019/round-17/storm-v-sharks/"
            },
            {
              "Round": "Round 17",
              "Home": "Roosters",
              "Home_Score": 12,
              "Away": "Cowboys",
              "Away_Score": 15,
              "Venue": "Industree Group Stadium",
              "Date": "2019-07-14T04:00:00Z",
              "Match_Centre_URL": "https://www.nrl.com/draw/nrl-premiership/2019/round-17/roosters-v-cowboys/"
            },
            {
              "Round": "Round 17",
              "Home": "Wests Tigers",
              "Home_Score": 18,
              "Away": "Eels",
              "Away_Score": 30,
              "Venue": "CommBank Stadium",
              "Date": "2019-07-14T06:05:00Z",
              "Match_Centre_URL": "https://www.nrl.com/draw/nrl-premiership/2019/round-17/wests-tigers-v-eels/"
            },
            {
              "Round": "Round 17",
              "Home": "Dragons",
              "Home_Score": 14,
              "Away": "Raiders",
              "Away_Score": 36,
              "Venue": "WIN Stadium",
              "Date": "2019-07-14T08:10:00Z",
              "Match_Centre_URL": "https://www.nrl.com/draw/nrl-premiership/2019/round-17/dragons-v-raiders/"
            }
          ]
        },
        {
          "18": [
            {
              "Round": "Round 18",
              "Home": "Broncos",
              "Home_Score": 28,
              "Away": "Bulldogs",
              "Away_Score": 6,
              "Venue": "Suncorp Stadium",
              "Date": "2019-07-18T09:50:00Z",
              "Match_Centre_URL": "https://www.nrl.com/draw/nrl-premiership/2019/round-18/broncos-v-bulldogs/"
            },
            {
              "Round": "Round 18",
              "Home": "Warriors",
              "Home_Score": 19,
              "Away": "Sharks",
              "Away_Score": 18,
              "Venue": "Sky Stadium",
              "Date": "2019-07-19T08:00:00Z",
              "Match_Centre_URL": "https://www.nrl.com/draw/nrl-premiership/2019/round-18/warriors-v-sharks/"
            },
            {
              "Round": "Round 18",
              "Home": "Panthers",
              "Home_Score": 40,
              "Away": "Dragons",
              "Away_Score": 18,
              "Venue": "BlueBet Stadium",
              "Date": "2019-07-19T09:55:00Z",
              "Match_Centre_URL": "https://www.nrl.com/draw/nrl-premiership/2019/round-18/panthers-v-dragons/"
            },
            {
              "Round": "Round 18",
              "Home": "Roosters",
              "Home_Score": 48,
              "Away": "Knights",
              "Away_Score": 10,
              "Venue": "Sydney Cricket Ground",
              "Date": "2019-07-20T05:00:00Z",
              "Match_Centre_URL": "https://www.nrl.com/draw/nrl-premiership/2019/round-18/roosters-v-knights/"
            },
            {
              "Round": "Round 18",
              "Home": "Raiders",
              "Home_Score": 20,
              "Away": "Wests Tigers",
              "Away_Score": 12,
              "Venue": "GIO Stadium",
              "Date": "2019-07-20T07:30:00Z",
              "Match_Centre_URL": "https://www.nrl.com/draw/nrl-premiership/2019/round-18/raiders-v-wests-tigers/"
            },
            {
              "Round": "Round 18",
              "Home": "Cowboys",
              "Home_Score": 18,
              "Away": "Rabbitohs",
              "Away_Score": 30,
              "Venue": "1300SMILES Stadium",
              "Date": "2019-07-20T09:35:00Z",
              "Match_Centre_URL": "https://www.nrl.com/draw/nrl-premiership/2019/round-18/cowboys-v-rabbitohs/"
            },
            {
              "Round": "Round 18",
              "Home": "Titans",
              "Home_Score": 18,
              "Away": "Storm",
              "Away_Score": 38,
              "Venue": "Cbus Super Stadium",
              "Date": "2019-07-21T04:00:00Z",
              "Match_Centre_URL": "https://www.nrl.com/draw/nrl-premiership/2019/round-18/titans-v-storm/"
            },
            {
              "Round": "Round 18",
              "Home": "Sea Eagles",
              "Home_Score": 36,
              "Away": "Eels",
              "Away_Score": 24,
              "Venue": "4 Pines Park",
              "Date": "2019-07-21T06:05:00Z",
              "Match_Centre_URL": "https://www.nrl.com/draw/nrl-premiership/2019/round-18/sea-eagles-v-eels/"
            }
          ]
        },
        {
          "19": [
            {
              "Round": "Round 19",
              "Home": "Sharks",
              "Home_Score": 16,
              "Away": "Cowboys",
              "Away_Score": 14,
              "Venue": "PointsBet Stadium",
              "Date": "2019-07-25T09:50:00Z",
              "Match_Centre_URL": "https://www.nrl.com/draw/nrl-premiership/2019/round-19/sharks-v-cowboys/"
            },
            {
              "Round": "Round 19",
              "Home": "Knights",
              "Home_Score": 26,
              "Away": "Wests Tigers",
              "Away_Score": 28,
              "Venue": "McDonald Jones Stadium",
              "Date": "2019-07-26T08:00:00Z",
              "Match_Centre_URL": "https://www.nrl.com/draw/nrl-premiership/2019/round-19/knights-v-wests-tigers/"
            },
            {
              "Round": "Round 19",
              "Home": "Rabbitohs",
              "Home_Score": 20,
              "Away": "Dragons",
              "Away_Score": 16,
              "Venue": "Accor Stadium",
              "Date": "2019-07-26T09:55:00Z",
              "Match_Centre_URL": "https://www.nrl.com/draw/nrl-premiership/2019/round-19/rabbitohs-v-dragons/"
            },
            {
              "Round": "Round 19",
              "Home": "Eels",
              "Home_Score": 24,
              "Away": "Warriors",
              "Away_Score": 22,
              "Venue": "CommBank Stadium",
              "Date": "2019-07-27T05:00:00Z",
              "Match_Centre_URL": "https://www.nrl.com/draw/nrl-premiership/2019/round-19/eels-v-warriors/"
            },
            {
              "Round": "Round 19",
              "Home": "Titans",
              "Home_Score": 12,
              "Away": "Broncos",
              "Away_Score": 34,
              "Venue": "Cbus Super Stadium",
              "Date": "2019-07-27T07:30:00Z",
              "Match_Centre_URL": "https://www.nrl.com/draw/nrl-premiership/2019/round-19/titans-v-broncos/"
            },
            {
              "Round": "Round 19",
              "Home": "Storm",
              "Home_Score": 10,
              "Away": "Sea Eagles",
              "Away_Score": 11,
              "Venue": "AAMI Park",
              "Date": "2019-07-27T09:35:00Z",
              "Match_Centre_URL": "https://www.nrl.com/draw/nrl-premiership/2019/round-19/storm-v-sea-eagles/"
            },
            {
              "Round": "Round 19",
              "Home": "Bulldogs",
              "Home_Score": 12,
              "Away": "Roosters",
              "Away_Score": 20,
              "Venue": "Accor Stadium",
              "Date": "2019-07-28T04:00:00Z",
              "Match_Centre_URL": "https://www.nrl.com/draw/nrl-premiership/2019/round-19/bulldogs-v-roosters/"
            },
            {
              "Round": "Round 19",
              "Home": "Panthers",
              "Home_Score": 18,
              "Away": "Raiders",
              "Away_Score": 30,
              "Venue": "BlueBet Stadium",
              "Date": "2019-07-28T06:05:00Z",
              "Match_Centre_URL": "https://www.nrl.com/draw/nrl-premiership/2019/round-19/panthers-v-raiders/"
            }
          ]
        },
        {
          "20": [
            {
              "Round": "Round 20",
              "Home": "Wests Tigers",
              "Home_Score": 28,
              "Away": "Cowboys",
              "Away_Score": 4,
              "Venue": "Leichhardt Oval",
              "Date": "2019-08-01T09:50:00Z",
              "Match_Centre_URL": "https://www.nrl.com/draw/nrl-premiership/2019/round-20/wests-tigers-v-cowboys/"
            },
            {
              "Round": "Round 20",
              "Home": "Warriors",
              "Home_Score": 12,
              "Away": "Raiders",
              "Away_Score": 46,
              "Venue": "Go Media Stadium",
              "Date": "2019-08-02T08:00:00Z",
              "Match_Centre_URL": "https://www.nrl.com/draw/nrl-premiership/2019/round-20/warriors-v-raiders/"
            },
            {
              "Round": "Round 20",
              "Home": "Broncos",
              "Home_Score": 4,
              "Away": "Storm",
              "Away_Score": 40,
              "Venue": "Suncorp Stadium",
              "Date": "2019-08-02T09:55:00Z",
              "Match_Centre_URL": "https://www.nrl.com/draw/nrl-premiership/2019/round-20/broncos-v-storm/"
            },
            {
              "Round": "Round 20",
              "Home": "Sea Eagles",
              "Home_Score": 30,
              "Away": "Knights",
              "Away_Score": 6,
              "Venue": "4 Pines Park",
              "Date": "2019-08-03T05:00:00Z",
              "Match_Centre_URL": "https://www.nrl.com/draw/nrl-premiership/2019/round-20/sea-eagles-v-knights/"
            },
            {
              "Round": "Round 20",
              "Home": "Bulldogs",
              "Home_Score": 16,
              "Away": "Panthers",
              "Away_Score": 8,
              "Venue": "CommBank Stadium",
              "Date": "2019-08-03T07:30:00Z",
              "Match_Centre_URL": "https://www.nrl.com/draw/nrl-premiership/2019/round-20/bulldogs-v-panthers/"
            },
            {
              "Round": "Round 20",
              "Home": "Sharks",
              "Home_Score": 39,
              "Away": "Rabbitohs",
              "Away_Score": 24,
              "Venue": "PointsBet Stadium",
              "Date": "2019-08-03T09:35:00Z",
              "Match_Centre_URL": "https://www.nrl.com/draw/nrl-premiership/2019/round-20/sharks-v-rabbitohs/"
            },
            {
              "Round": "Round 20",
              "Home": "Roosters",
              "Home_Score": 58,
              "Away": "Titans",
              "Away_Score": 6,
              "Venue": "Sydney Cricket Ground",
              "Date": "2019-08-04T04:00:00Z",
              "Match_Centre_URL": "https://www.nrl.com/draw/nrl-premiership/2019/round-20/roosters-v-titans/"
            },
            {
              "Round": "Round 20",
              "Home": "Dragons",
              "Home_Score": 4,
              "Away": "Eels",
              "Away_Score": 12,
              "Venue": "Netstrata Jubilee Stadium",
              "Date": "2019-08-04T06:05:00Z",
              "Match_Centre_URL": "https://www.nrl.com/draw/nrl-premiership/2019/round-20/dragons-v-eels/"
            }
          ]
        },
        {
          "21": [
            {
              "Round": "Round 21",
              "Home": "Cowboys",
              "Home_Score": 14,
              "Away": "Broncos",
              "Away_Score": 18,
              "Venue": "1300SMILES Stadium",
              "Date": "2019-08-08T09:50:00Z",
              "Match_Centre_URL": "https://www.nrl.com/draw/nrl-premiership/2019/round-21/cowboys-v-broncos/"
            },
            {
              "Round": "Round 21",
              "Home": "Warriors",
              "Home_Score": 24,
              "Away": "Sea Eagles",
              "Away_Score": 16,
              "Venue": "Go Media Stadium",
              "Date": "2019-08-09T08:00:00Z",
              "Match_Centre_URL": "https://www.nrl.com/draw/nrl-premiership/2019/round-21/warriors-v-sea-eagles/"
            },
            {
              "Round": "Round 21",
              "Home": "Panthers",
              "Home_Score": 26,
              "Away": "Sharks",
              "Away_Score": 20,
              "Venue": "BlueBet Stadium",
              "Date": "2019-08-09T09:55:00Z",
              "Match_Centre_URL": "https://www.nrl.com/draw/nrl-premiership/2019/round-21/panthers-v-sharks/"
            },
            {
              "Round": "Round 21",
              "Home": "Dragons",
              "Home_Score": 40,
              "Away": "Titans",
              "Away_Score": 28,
              "Venue": "Netstrata Jubilee Stadium",
              "Date": "2019-08-10T05:00:00Z",
              "Match_Centre_URL": "https://www.nrl.com/draw/nrl-premiership/2019/round-21/dragons-v-titans/"
            },
            {
              "Round": "Round 21",
              "Home": "Eels",
              "Home_Score": 20,
              "Away": "Knights",
              "Away_Score": 14,
              "Venue": "CommBank Stadium",
              "Date": "2019-08-10T07:30:00Z",
              "Match_Centre_URL": "https://www.nrl.com/draw/nrl-premiership/2019/round-21/eels-v-knights/"
            },
            {
              "Round": "Round 21",
              "Home": "Bulldogs",
              "Home_Score": 18,
              "Away": "Wests Tigers",
              "Away_Score": 16,
              "Venue": "Accor Stadium",
              "Date": "2019-08-10T09:35:00Z",
              "Match_Centre_URL": "https://www.nrl.com/draw/nrl-premiership/2019/round-21/bulldogs-v-wests-tigers/"
            },
            {
              "Round": "Round 21",
              "Home": "Raiders",
              "Home_Score": 18,
              "Away": "Roosters",
              "Away_Score": 22,
              "Venue": "GIO Stadium",
              "Date": "2019-08-11T04:00:00Z",
              "Match_Centre_URL": "https://www.nrl.com/draw/nrl-premiership/2019/round-21/raiders-v-roosters/"
            },
            {
              "Round": "Round 21",
              "Home": "Rabbitohs",
              "Home_Score": 16,
              "Away": "Storm",
              "Away_Score": 26,
              "Venue": "Industree Group Stadium",
              "Date": "2019-08-11T06:05:00Z",
              "Match_Centre_URL": "https://www.nrl.com/draw/nrl-premiership/2019/round-21/rabbitohs-v-storm/"
            }
          ]
        },
        {
          "22": [
            {
              "Round": "Round 22",
              "Home": "Sea Eagles",
              "Home_Score": 32,
              "Away": "Wests Tigers",
              "Away_Score": 12,
              "Venue": "4 Pines Park",
              "Date": "2019-08-15T09:50:00Z",
              "Match_Centre_URL": "https://www.nrl.com/draw/nrl-premiership/2019/round-22/sea-eagles-v-wests-tigers/"
            },
            {
              "Round": "Round 22",
              "Home": "Titans",
              "Home_Score": 12,
              "Away": "Eels",
              "Away_Score": 36,
              "Venue": "Cbus Super Stadium",
              "Date": "2019-08-16T08:00:00Z",
              "Match_Centre_URL": "https://www.nrl.com/draw/nrl-premiership/2019/round-22/titans-v-eels/"
            },
            {
              "Round": "Round 22",
              "Home": "Broncos",
              "Home_Score": 24,
              "Away": "Panthers",
              "Away_Score": 12,
              "Venue": "Suncorp Stadium",
              "Date": "2019-08-16T09:55:00Z",
              "Match_Centre_URL": "https://www.nrl.com/draw/nrl-premiership/2019/round-22/broncos-v-panthers/"
            },
            {
              "Round": "Round 22",
              "Home": "Knights",
              "Home_Score": 42,
              "Away": "Cowboys",
              "Away_Score": 6,
              "Venue": "McDonald Jones Stadium",
              "Date": "2019-08-17T05:00:00Z",
              "Match_Centre_URL": "https://www.nrl.com/draw/nrl-premiership/2019/round-22/knights-v-cowboys/"
            },
            {
              "Round": "Round 22",
              "Home": "Storm",
              "Home_Score": 18,
              "Away": "Raiders",
              "Away_Score": 22,
              "Venue": "AAMI Park",
              "Date": "2019-08-17T07:30:00Z",
              "Match_Centre_URL": "https://www.nrl.com/draw/nrl-premiership/2019/round-22/storm-v-raiders/"
            },
            {
              "Round": "Round 22",
              "Home": "Rabbitohs",
              "Home_Score": 6,
              "Away": "Bulldogs",
              "Away_Score": 14,
              "Venue": "Accor Stadium",
              "Date": "2019-08-17T09:35:00Z",
              "Match_Centre_URL": "https://www.nrl.com/draw/nrl-premiership/2019/round-22/rabbitohs-v-bulldogs/"
            },
            {
              "Round": "Round 22",
              "Home": "Roosters",
              "Home_Score": 42,
              "Away": "Warriors",
              "Away_Score": 6,
              "Venue": "Sydney Cricket Ground",
              "Date": "2019-08-18T04:00:00Z",
              "Match_Centre_URL": "https://www.nrl.com/draw/nrl-premiership/2019/round-22/roosters-v-warriors/"
            },
            {
              "Round": "Round 22",
              "Home": "Sharks",
              "Home_Score": 18,
              "Away": "Dragons",
              "Away_Score": 12,
              "Venue": "PointsBet Stadium",
              "Date": "2019-08-18T06:05:00Z",
              "Match_Centre_URL": "https://www.nrl.com/draw/nrl-premiership/2019/round-22/sharks-v-dragons/"
            }
          ]
        },
        {
          "23": [
            {
              "Round": "Round 23",
              "Home": "Eels",
              "Home_Score": 6,
              "Away": "Bulldogs",
              "Away_Score": 12,
              "Venue": "CommBank Stadium",
              "Date": "2019-08-22T09:50:00Z",
              "Match_Centre_URL": "https://www.nrl.com/draw/nrl-premiership/2019/round-23/eels-v-bulldogs/"
            },
            {
              "Round": "Round 23",
              "Home": "Cowboys",
              "Home_Score": 24,
              "Away": "Panthers",
              "Away_Score": 10,
              "Venue": "1300SMILES Stadium",
              "Date": "2019-08-23T08:00:00Z",
              "Match_Centre_URL": "https://www.nrl.com/draw/nrl-premiership/2019/round-23/cowboys-v-panthers/"
            },
            {
              "Round": "Round 23",
              "Home": "Broncos",
              "Home_Score": 20,
              "Away": "Rabbitohs",
              "Away_Score": 22,
              "Venue": "Suncorp Stadium",
              "Date": "2019-08-23T09:55:00Z",
              "Match_Centre_URL": "https://www.nrl.com/draw/nrl-premiership/2019/round-23/broncos-v-rabbitohs/"
            },
            {
              "Round": "Round 23",
              "Home": "Sharks",
              "Home_Score": 42,
              "Away": "Warriors",
              "Away_Score": 16,
              "Venue": "PointsBet Stadium",
              "Date": "2019-08-24T05:00:00Z",
              "Match_Centre_URL": "https://www.nrl.com/draw/nrl-premiership/2019/round-23/sharks-v-warriors/"
            },
            {
              "Round": "Round 23",
              "Home": "Wests Tigers",
              "Home_Score": 46,
              "Away": "Knights",
              "Away_Score": 4,
              "Venue": "Campbelltown Sports Stadium",
              "Date": "2019-08-24T07:30:00Z",
              "Match_Centre_URL": "https://www.nrl.com/draw/nrl-premiership/2019/round-23/wests-tigers-v-knights/"
            },
            {
              "Round": "Round 23",
              "Home": "Dragons",
              "Home_Score": 12,
              "Away": "Roosters",
              "Away_Score": 34,
              "Venue": "Netstrata Jubilee Stadium",
              "Date": "2019-08-24T09:35:00Z",
              "Match_Centre_URL": "https://www.nrl.com/draw/nrl-premiership/2019/round-23/dragons-v-roosters/"
            },
            {
              "Round": "Round 23",
              "Home": "Storm",
              "Home_Score": 24,
              "Away": "Titans",
              "Away_Score": 8,
              "Venue": "AAMI Park",
              "Date": "2019-08-25T04:00:00Z",
              "Match_Centre_URL": "https://www.nrl.com/draw/nrl-premiership/2019/round-23/storm-v-titans/"
            },
            {
              "Round": "Round 23",
              "Home": "Raiders",
              "Home_Score": 14,
              "Away": "Sea Eagles",
              "Away_Score": 18,
              "Venue": "GIO Stadium",
              "Date": "2019-08-25T06:05:00Z",
              "Match_Centre_URL": "https://www.nrl.com/draw/nrl-premiership/2019/round-23/raiders-v-sea-eagles/"
            }
          ]
        },
        {
          "24": [
            {
              "Round": "Round 24",
              "Home": "Cowboys",
              "Home_Score": 15,
              "Away": "Bulldogs",
              "Away_Score": 8,
              "Venue": "1300SMILES Stadium",
              "Date": "2019-08-29T09:50:00Z",
              "Match_Centre_URL": "https://www.nrl.com/draw/nrl-premiership/2019/round-24/cowboys-v-bulldogs/"
            },
            {
              "Round": "Round 24",
              "Home": "Warriors",
              "Home_Score": 10,
              "Away": "Rabbitohs",
              "Away_Score": 31,
              "Venue": "Go Media Stadium",
              "Date": "2019-08-30T08:00:00Z",
              "Match_Centre_URL": "https://www.nrl.com/draw/nrl-premiership/2019/round-24/warriors-v-rabbitohs/"
            },
            {
              "Round": "Round 24",
              "Home": "Broncos",
              "Home_Score": 17,
              "Away": "Eels",
              "Away_Score": 16,
              "Venue": "Suncorp Stadium",
              "Date": "2019-08-30T09:55:00Z",
              "Match_Centre_URL": "https://www.nrl.com/draw/nrl-premiership/2019/round-24/broncos-v-eels/"
            },
            {
              "Round": "Round 24",
              "Home": "Knights",
              "Home_Score": 38,
              "Away": "Titans",
              "Away_Score": 4,
              "Venue": "McDonald Jones Stadium",
              "Date": "2019-08-31T05:00:00Z",
              "Match_Centre_URL": "https://www.nrl.com/draw/nrl-premiership/2019/round-24/knights-v-titans/"
            },
            {
              "Round": "Round 24",
              "Home": "Sea Eagles",
              "Home_Score": 6,
              "Away": "Storm",
              "Away_Score": 36,
              "Venue": "4 Pines Park",
              "Date": "2019-08-31T07:30:00Z",
              "Match_Centre_URL": "https://www.nrl.com/draw/nrl-premiership/2019/round-24/sea-eagles-v-storm/"
            },
            {
              "Round": "Round 24",
              "Home": "Roosters",
              "Home_Score": 22,
              "Away": "Panthers",
              "Away_Score": 6,
              "Venue": "Sydney Cricket Ground",
              "Date": "2019-08-31T09:35:00Z",
              "Match_Centre_URL": "https://www.nrl.com/draw/nrl-premiership/2019/round-24/roosters-v-panthers/"
            },
            {
              "Round": "Round 24",
              "Home": "Sharks",
              "Home_Score": 14,
              "Away": "Raiders",
              "Away_Score": 15,
              "Venue": "PointsBet Stadium",
              "Date": "2019-09-01T04:00:00Z",
              "Match_Centre_URL": "https://www.nrl.com/draw/nrl-premiership/2019/round-24/sharks-v-raiders/"
            },
            {
              "Round": "Round 24",
              "Home": "Dragons",
              "Home_Score": 14,
              "Away": "Wests Tigers",
              "Away_Score": 42,
              "Venue": "Sydney Cricket Ground",
              "Date": "2019-09-01T06:05:00Z",
              "Match_Centre_URL": "https://www.nrl.com/draw/nrl-premiership/2019/round-24/dragons-v-wests-tigers/"
            }
          ]
        },
        {
          "25": [
            {
              "Round": "Round 25",
              "Home": "Rabbitohs",
              "Home_Score": 16,
              "Away": "Roosters",
              "Away_Score": 10,
              "Venue": "Accor Stadium",
              "Date": "2019-09-05T09:50:00Z",
              "Match_Centre_URL": "https://www.nrl.com/draw/nrl-premiership/2019/round-25/rabbitohs-v-roosters/"
            },
            {
              "Round": "Round 25",
              "Home": "Eels",
              "Home_Score": 32,
              "Away": "Sea Eagles",
              "Away_Score": 16,
              "Venue": "CommBank Stadium",
              "Date": "2019-09-06T08:00:00Z",
              "Match_Centre_URL": "https://www.nrl.com/draw/nrl-premiership/2019/round-25/eels-v-sea-eagles/"
            },
            {
              "Round": "Round 25",
              "Home": "Storm",
              "Home_Score": 24,
              "Away": "Cowboys",
              "Away_Score": 16,
              "Venue": "AAMI Park",
              "Date": "2019-09-06T09:55:00Z",
              "Match_Centre_URL": "https://www.nrl.com/draw/nrl-premiership/2019/round-25/storm-v-cowboys/"
            },
            {
              "Round": "Round 25",
              "Home": "Raiders",
              "Home_Score": 20,
              "Away": "Warriors",
              "Away_Score": 24,
              "Venue": "GIO Stadium",
              "Date": "2019-09-07T05:00:00Z",
              "Match_Centre_URL": "https://www.nrl.com/draw/nrl-premiership/2019/round-25/raiders-v-warriors/"
            },
            {
              "Round": "Round 25",
              "Home": "Bulldogs",
              "Home_Score": 30,
              "Away": "Broncos",
              "Away_Score": 14,
              "Venue": "Accor Stadium",
              "Date": "2019-09-07T07:30:00Z",
              "Match_Centre_URL": "https://www.nrl.com/draw/nrl-premiership/2019/round-25/bulldogs-v-broncos/"
            },
            {
              "Round": "Round 25",
              "Home": "Titans",
              "Home_Score": 16,
              "Away": "Dragons",
              "Away_Score": 24,
              "Venue": "Cbus Super Stadium",
              "Date": "2019-09-07T09:35:00Z",
              "Match_Centre_URL": "https://www.nrl.com/draw/nrl-premiership/2019/round-25/titans-v-dragons/"
            },
            {
              "Round": "Round 25",
              "Home": "Wests Tigers",
              "Home_Score": 8,
              "Away": "Sharks",
              "Away_Score": 25,
              "Venue": "Leichhardt Oval",
              "Date": "2019-09-08T04:00:00Z",
              "Match_Centre_URL": "https://www.nrl.com/draw/nrl-premiership/2019/round-25/wests-tigers-v-sharks/"
            },
            {
              "Round": "Round 25",
              "Home": "Panthers",
              "Home_Score": 54,
              "Away": "Knights",
              "Away_Score": 10,
              "Venue": "BlueBet Stadium",
              "Date": "2019-09-08T06:05:00Z",
              "Match_Centre_URL": "https://www.nrl.com/draw/nrl-premiership/2019/round-25/panthers-v-knights/"
            }
          ]
        },
        {
          "26": [
            {
              "Round": "Finals Week 1",
              "Home": "Roosters",
              "Home_Score": 30,
              "Away": "Rabbitohs",
              "Away_Score": 6,
              "Venue": "Sydney Cricket Ground",
              "Date": "2019-09-13T09:50:00Z",
              "Match_Centre_URL": "https://www.nrl.com/draw/nrl-premiership/2019/finals-week-1/roosters-v-rabbitohs/"
            },
            {
              "Round": "Finals Week 1",
              "Home": "Storm",
              "Home_Score": 10,
              "Away": "Raiders",
              "Away_Score": 12,
              "Venue": "AAMI Park",
              "Date": "2019-09-14T07:40:00Z",
              "Match_Centre_URL": "https://www.nrl.com/draw/nrl-premiership/2019/finals-week-1/storm-v-raiders/"
            },
            {
              "Round": "Finals Week 1",
              "Home": "Sea Eagles",
              "Home_Score": 28,
              "Away": "Sharks",
              "Away_Score": 16,
              "Venue": "4 Pines Park",
              "Date": "2019-09-14T09:50:00Z",
              "Match_Centre_URL": "https://www.nrl.com/draw/nrl-premiership/2019/finals-week-1/sea-eagles-v-sharks/"
            },
            {
              "Round": "Finals Week 1",
              "Home": "Eels",
              "Home_Score": 58,
              "Away": "Broncos",
              "Away_Score": 0,
              "Venue": "CommBank Stadium",
              "Date": "2019-09-15T06:05:00Z",
              "Match_Centre_URL": "https://www.nrl.com/draw/nrl-premiership/2019/finals-week-1/eels-v-broncos/"
            }
          ]
        },
        {
          "27": [
            {
              "Round": "Finals Week 2",
              "Home": "Rabbitohs",
              "Home_Score": 34,
              "Away": "Sea Eagles",
              "Away_Score": 26,
              "Venue": "Accor Stadium",
              "Date": "2019-09-20T09:50:00Z",
              "Match_Centre_URL": "https://www.nrl.com/draw/nrl-premiership/2019/finals-week-2/rabbitohs-v-sea-eagles/"
            },
            {
              "Round": "Finals Week 2",
              "Home": "Storm",
              "Home_Score": 32,
              "Away": "Eels",
              "Away_Score": 0,
              "Venue": "AAMI Park",
              "Date": "2019-09-21T09:50:00Z",
              "Match_Centre_URL": "https://www.nrl.com/draw/nrl-premiership/2019/finals-week-2/storm-v-eels/"
            }
          ]
        },
        {
          "28": [
            {
              "Round": "Finals Week 3",
              "Home": "Raiders",
              "Home_Score": 16,
              "Away": "Rabbitohs",
              "Away_Score": 10,
              "Venue": "GIO Stadium",
              "Date": "2019-09-27T09:50:00Z",
              "Match_Centre_URL": "https://www.nrl.com/draw/nrl-premiership/2019/finals-week-3/raiders-v-rabbitohs/"
            },
            {
              "Round": "Finals Week 3",
              "Home": "Roosters",
              "Home_Score": 14,
              "Away": "Storm",
              "Away_Score": 6,
              "Venue": "Sydney Cricket Ground",
              "Date": "2019-09-28T09:50:00Z",
              "Match_Centre_URL": "https://www.nrl.com/draw/nrl-premiership/2019/finals-week-3/roosters-v-storm/"
            }
          ]
        },
        {
          "29": [
            {
              "Round": "Grand Final",
              "Home": "Roosters",
              "Home_Score": 14,
              "Away": "Raiders",
              "Away_Score": 8,
              "Venue": "Accor Stadium",
              "Date": "2019-10-06T08:30:00Z",
              "Match_Centre_URL": "https://www.nrl.com/draw/nrl-premiership/2019/grand-final/roosters-v-raiders/"
            }
          ]
        },
        {
          "30": [
            {
              "Round": "Grand Final",
              "Home": "Roosters",
              "Home_Score": 14,
              "Away": "Raiders",
              "Away_Score": 8,
              "Venue": "Accor Stadium",
              "Date": "2019-10-06T08:30:00Z",
              "Match_Centre_URL": "https://www.nrl.com/draw/nrl-premiership/2019/grand-final/roosters-v-raiders/"
            }
          ]
        },
        {
          "31": [
            {
              "Round": "Grand Final",
              "Home": "Roosters",
              "Home_Score": 14,
              "Away": "Raiders",
              "Away_Score": 8,
              "Venue": "Accor Stadium",
              "Date": "2019-10-06T08:30:00Z",
              "Match_Centre_URL": "https://www.nrl.com/draw/nrl-premiership/2019/grand-final/roosters-v-raiders/"
            }
          ]
        },
        {
          "32": [
            {
              "Round": "Grand Final",
              "Home": "Roosters",
              "Home_Score": 14,
              "Away": "Raiders",
              "Away_Score": 8,
              "Venue": "Accor Stadium",
              "Date": "2019-10-06T08:30:00Z",
              "Match_Centre_URL": "https://www.nrl.com/draw/nrl-premiership/2019/grand-final/roosters-v-raiders/"
            }
          ]
        },
        {
          "33": [
            {
              "Round": "Grand Final",
              "Home": "Roosters",
              "Home_Score": 14,
              "Away": "Raiders",
              "Away_Score": 8,
              "Venue": "Accor Stadium",
              "Date": "2019-10-06T08:30:00Z",
              "Match_Centre_URL": "https://www.nrl.com/draw/nrl-premiership/2019/grand-final/roosters-v-raiders/"
            }
          ]
        }
      ]
    }
  ]
}