{
  "NRL": [
    {
      "2022": [
        {
          "1": [
            {
              "Round": "Round 1",
              "Home": "Panthers",
              "Home_Score": 28,
              "Away": "Sea Eagles",
              "Away_Score": 6,
              "Venue": "Penrith Park",
              "Date": "2022-03-10T09:05:00Z",
              "Match_Centre_URL": "https://www.nrl.com/draw/nrl-premiership/2022/round-1/panthers-v-sea-eagles/"
            },
            {
              "Round": "Round 1",
              "Home": "Raiders",
              "Home_Score": 24,
              "Away": "Sharks",
              "Away_Score": 19,
              "Venue": "GIO Stadium",
              "Date": "2022-03-11T07:00:00Z",
              "Match_Centre_URL": "https://www.nrl.com/draw/nrl-premiership/2022/round-1/raiders-v-sharks/"
            },
            {
              "Round": "Round 1",
              "Home": "Broncos",
              "Home_Score": 11,
              "Away": "Rabbitohs",
              "Away_Score": 4,
              "Venue": "Suncorp Stadium",
              "Date": "2022-03-11T09:05:00Z",
              "Match_Centre_URL": "https://www.nrl.com/draw/nrl-premiership/2022/round-1/broncos-v-rabbitohs/"
            },
            {
              "Round": "Round 1",
              "Home": "Roosters",
              "Home_Score": 6,
              "Away": "Knights",
              "Away_Score": 20,
              "Venue": "Sydney Cricket Ground",
              "Date": "2022-03-12T04:00:00Z",
              "Match_Centre_URL": "https://www.nrl.com/draw/nrl-premiership/2022/round-1/roosters-v-knights/"
            },
            {
              "Round": "Round 1",
              "Home": "Warriors",
              "Home_Score": 16,
              "Away": "Dragons",
              "Away_Score": 28,
              "Venue": "Sunshine Coast Stadium",
              "Date": "2022-03-12T06:30:00Z",
              "Match_Centre_URL": "https://www.nrl.com/draw/nrl-premiership/2022/round-1/warriors-v-dragons/"
            },
            {
              "Round": "Round 1",
              "Home": "Wests Tigers",
              "Home_Score": 16,
              "Away": "Storm",
              "Away_Score": 26,
              "Venue": "CommBank Stadium",
              "Date": "2022-03-12T08:35:00Z",
              "Match_Centre_URL": "https://www.nrl.com/draw/nrl-premiership/2022/round-1/wests-tigers-v-storm/"
            },
            {
              "Round": "Round 1",
              "Home": "Eels",
              "Home_Score": 32,
              "Away": "Titans",
              "Away_Score": 28,
              "Venue": "CommBank Stadium",
              "Date": "2022-03-13T05:05:00Z",
              "Match_Centre_URL": "https://www.nrl.com/draw/nrl-premiership/2022/round-1/eels-v-titans/"
            },
            {
              "Round": "Round 1",
              "Home": "Cowboys",
              "Home_Score": 4,
              "Away": "Bulldogs",
              "Away_Score": 6,
              "Venue": "Queensland Country Bank Stadium",
              "Date": "2022-03-13T07:15:00Z",
              "Match_Centre_URL": "https://www.nrl.com/draw/nrl-premiership/2022/round-1/cowboys-v-bulldogs/"
            }
          ]
        },
        {
          "2": [
            {
              "Round": "Round 2",
              "Home": "Storm",
              "Home_Score": 15,
              "Away": "Rabbitohs",
              "Away_Score": 14,
              "Venue": "AAMI Park",
              "Date": "2022-03-17T09:05:00Z",
              "Match_Centre_URL": "https://www.nrl.com/draw/nrl-premiership/2022/round-2/storm-v-rabbitohs/"
            },
            {
              "Round": "Round 2",
              "Home": "Dragons",
              "Home_Score": 16,
              "Away": "Panthers",
              "Away_Score": 20,
              "Venue": "Netstrata Jubilee Stadium",
              "Date": "2022-03-18T07:00:00Z",
              "Match_Centre_URL": "https://www.nrl.com/draw/nrl-premiership/2022/round-2/dragons-v-panthers/"
            },
            {
              "Round": "Round 2",
              "Home": "Roosters",
              "Home_Score": 26,
              "Away": "Sea Eagles",
              "Away_Score": 12,
              "Venue": "Sydney Cricket Ground",
              "Date": "2022-03-18T09:05:00Z",
              "Match_Centre_URL": "https://www.nrl.com/draw/nrl-premiership/2022/round-2/roosters-v-sea-eagles/"
            },
            {
              "Round": "Round 2",
              "Home": "Titans",
              "Home_Score": 20,
              "Away": "Warriors",
              "Away_Score": 18,
              "Venue": "Cbus Super Stadium",
              "Date": "2022-03-19T04:00:00Z",
              "Match_Centre_URL": "https://www.nrl.com/draw/nrl-premiership/2022/round-2/titans-v-warriors/"
            },
            {
              "Round": "Round 2",
              "Home": "Sharks",
              "Home_Score": 18,
              "Away": "Eels",
              "Away_Score": 16,
              "Venue": "PointsBet Stadium",
              "Date": "2022-03-19T06:30:00Z",
              "Match_Centre_URL": "https://www.nrl.com/draw/nrl-premiership/2022/round-2/sharks-v-eels/"
            },
            {
              "Round": "Round 2",
              "Home": "Cowboys",
              "Home_Score": 26,
              "Away": "Raiders",
              "Away_Score": 6,
              "Venue": "Queensland Country Bank Stadium",
              "Date": "2022-03-19T08:35:00Z",
              "Match_Centre_URL": "https://www.nrl.com/draw/nrl-premiership/2022/round-2/cowboys-v-raiders/"
            },
            {
              "Round": "Round 2",
              "Home": "Knights",
              "Home_Score": 26,
              "Away": "Wests Tigers",
              "Away_Score": 4,
              "Venue": "McDonald Jones Stadium",
              "Date": "2022-03-20T05:05:00Z",
              "Match_Centre_URL": "https://www.nrl.com/draw/nrl-premiership/2022/round-2/knights-v-wests-tigers/"
            },
            {
              "Round": "Round 2",
              "Home": "Bulldogs",
              "Home_Score": 10,
              "Away": "Broncos",
              "Away_Score": 16,
              "Venue": "Accor Stadium",
              "Date": "2022-03-20T07:15:00Z",
              "Match_Centre_URL": "https://www.nrl.com/draw/nrl-premiership/2022/round-2/bulldogs-v-broncos/"
            }
          ]
        },
        {
          "3": [
            {
              "Round": "Round 3",
              "Home": "Dragons",
              "Home_Score": 12,
              "Away": "Sharks",
              "Away_Score": 36,
              "Venue": "WIN Stadium",
              "Date": "2022-03-24T09:05:00Z",
              "Match_Centre_URL": "https://www.nrl.com/draw/nrl-premiership/2022/round-3/dragons-v-sharks/"
            },
            {
              "Round": "Round 3",
              "Home": "Wests Tigers",
              "Home_Score": 12,
              "Away": "Warriors",
              "Away_Score": 16,
              "Venue": "Campbelltown Sports Stadium",
              "Date": "2022-03-25T07:00:00Z",
              "Match_Centre_URL": "https://www.nrl.com/draw/nrl-premiership/2022/round-3/wests-tigers-v-warriors/"
            },
            {
              "Round": "Round 3",
              "Home": "Rabbitohs",
              "Home_Score": 28,
              "Away": "Roosters",
              "Away_Score": 16,
              "Venue": "Accor Stadium",
              "Date": "2022-03-25T09:05:00Z",
              "Match_Centre_URL": "https://www.nrl.com/draw/nrl-premiership/2022/round-3/rabbitohs-v-roosters/"
            },
            {
              "Round": "Round 3",
              "Home": "Panthers",
              "Home_Score": 38,
              "Away": "Knights",
              "Away_Score": 20,
              "Venue": "Carrington Park",
              "Date": "2022-03-26T04:00:00Z",
              "Match_Centre_URL": "https://www.nrl.com/draw/nrl-premiership/2022/round-3/panthers-v-knights/"
            },
            {
              "Round": "Round 3",
              "Home": "Storm",
              "Home_Score": 24,
              "Away": "Eels",
              "Away_Score": 28,
              "Venue": "AAMI Park",
              "Date": "2022-03-26T06:30:00Z",
              "Match_Centre_URL": "https://www.nrl.com/draw/nrl-premiership/2022/round-3/storm-v-eels/"
            },
            {
              "Round": "Round 3",
              "Home": "Raiders",
              "Home_Score": 24,
              "Away": "Titans",
              "Away_Score": 22,
              "Venue": "GIO Stadium",
              "Date": "2022-03-26T08:35:00Z",
              "Match_Centre_URL": "https://www.nrl.com/draw/nrl-premiership/2022/round-3/raiders-v-titans/"
            },
            {
              "Round": "Round 3",
              "Home": "Broncos",
              "Home_Score": 12,
              "Away": "Cowboys",
              "Away_Score": 38,
              "Venue": "Suncorp Stadium",
              "Date": "2022-03-27T05:05:00Z",
              "Match_Centre_URL": "https://www.nrl.com/draw/nrl-premiership/2022/round-3/broncos-v-cowboys/"
            },
            {
              "Round": "Round 3",
              "Home": "Sea Eagles",
              "Home_Score": 13,
              "Away": "Bulldogs",
              "Away_Score": 12,
              "Venue": "4 Pines Park",
              "Date": "2022-03-27T07:15:00Z",
              "Match_Centre_URL": "https://www.nrl.com/draw/nrl-premiership/2022/round-3/sea-eagles-v-bulldogs/"
            }
          ]
        },
        {
          "4": [
            {
              "Round": "Round 4",
              "Home": "Titans",
              "Home_Score": 8,
              "Away": "Wests Tigers",
              "Away_Score": 6,
              "Venue": "Cbus Super Stadium",
              "Date": "2022-03-31T09:05:00Z",
              "Match_Centre_URL": "https://www.nrl.com/draw/nrl-premiership/2022/round-4/titans-v-wests-tigers/"
            },
            {
              "Round": "Round 4",
              "Home": "Sharks",
              "Home_Score": 18,
              "Away": "Knights",
              "Away_Score": 0,
              "Venue": "PointsBet Stadium",
              "Date": "2022-04-01T07:00:00Z",
              "Match_Centre_URL": "https://www.nrl.com/draw/nrl-premiership/2022/round-4/sharks-v-knights/"
            },
            {
              "Round": "Round 4",
              "Home": "Panthers",
              "Home_Score": 26,
              "Away": "Rabbitohs",
              "Away_Score": 12,
              "Venue": "Penrith Park",
              "Date": "2022-04-01T09:05:00Z",
              "Match_Centre_URL": "https://www.nrl.com/draw/nrl-premiership/2022/round-4/panthers-v-rabbitohs/"
            },
            {
              "Round": "Round 4",
              "Home": "Warriors",
              "Home_Score": 20,
              "Away": "Broncos",
              "Away_Score": 6,
              "Venue": "Kayo Stadium",
              "Date": "2022-04-02T04:00:00Z",
              "Match_Centre_URL": "https://www.nrl.com/draw/nrl-premiership/2022/round-4/warriors-v-broncos/"
            },
            {
              "Round": "Round 4",
              "Home": "Sea Eagles",
              "Home_Score": 25,
              "Away": "Raiders",
              "Away_Score": 6,
              "Venue": "Glen Willow Oval",
              "Date": "2022-04-02T06:30:00Z",
              "Match_Centre_URL": "https://www.nrl.com/draw/nrl-premiership/2022/round-4/sea-eagles-v-raiders/"
            },
            {
              "Round": "Round 4",
              "Home": "Cowboys",
              "Home_Score": 4,
              "Away": "Roosters",
              "Away_Score": 28,
              "Venue": "Queensland Country Bank Stadium",
              "Date": "2022-04-02T08:35:00Z",
              "Match_Centre_URL": "https://www.nrl.com/draw/nrl-premiership/2022/round-4/cowboys-v-roosters/"
            },
            {
              "Round": "Round 4",
              "Home": "Storm",
              "Home_Score": 44,
              "Away": "Bulldogs",
              "Away_Score": 0,
              "Venue": "AAMI Park",
              "Date": "2022-04-03T06:05:00Z",
              "Match_Centre_URL": "https://www.nrl.com/draw/nrl-premiership/2022/round-4/storm-v-bulldogs/"
            },
            {
              "Round": "Round 4",
              "Home": "Eels",
              "Home_Score": 48,
              "Away": "Dragons",
              "Away_Score": 14,
              "Venue": "CommBank Stadium",
              "Date": "2022-04-03T08:15:00Z",
              "Match_Centre_URL": "https://www.nrl.com/draw/nrl-premiership/2022/round-4/eels-v-dragons/"
            }
          ]
        },
        {
          "5": [
            {
              "Round": "Round 5",
              "Home": "Knights",
              "Home_Score": 6,
              "Away": "Sea Eagles",
              "Away_Score": 30,
              "Venue": "McDonald Jones Stadium",
              "Date": "2022-04-07T09:50:00Z",
              "Match_Centre_URL": "https://www.nrl.com/draw/nrl-premiership/2022/round-5/knights-v-sea-eagles/"
            },
            {
              "Round": "Round 5",
              "Home": "Warriors",
              "Home_Score": 25,
              "Away": "Cowboys",
              "Away_Score": 24,
              "Venue": "Kayo Stadium",
              "Date": "2022-04-08T08:00:00Z",
              "Match_Centre_URL": "https://www.nrl.com/draw/nrl-premiership/2022/round-5/warriors-v-cowboys/"
            },
            {
              "Round": "Round 5",
              "Home": "Broncos",
              "Home_Score": 20,
              "Away": "Roosters",
              "Away_Score": 24,
              "Venue": "Suncorp Stadium",
              "Date": "2022-04-08T09:55:00Z",
              "Match_Centre_URL": "https://www.nrl.com/draw/nrl-premiership/2022/round-5/broncos-v-roosters/"
            },
            {
              "Round": "Round 5",
              "Home": "Raiders",
              "Home_Score": 16,
              "Away": "Storm",
              "Away_Score": 30,
              "Venue": "McDonalds Park",
              "Date": "2022-04-09T05:00:00Z",
              "Match_Centre_URL": "https://www.nrl.com/draw/nrl-premiership/2022/round-5/raiders-v-storm/"
            },
            {
              "Round": "Round 5",
              "Home": "Rabbitohs",
              "Home_Score": 24,
              "Away": "Dragons",
              "Away_Score": 12,
              "Venue": "Accor Stadium",
              "Date": "2022-04-09T07:30:00Z",
              "Match_Centre_URL": "https://www.nrl.com/draw/nrl-premiership/2022/round-5/rabbitohs-v-dragons/"
            },
            {
              "Round": "Round 5",
              "Home": "Titans",
              "Home_Score": 20,
              "Away": "Eels",
              "Away_Score": 26,
              "Venue": "Cbus Super Stadium",
              "Date": "2022-04-09T09:35:00Z",
              "Match_Centre_URL": "https://www.nrl.com/draw/nrl-premiership/2022/round-5/titans-v-eels/"
            },
            {
              "Round": "Round 5",
              "Home": "Sharks",
              "Home_Score": 30,
              "Away": "Wests Tigers",
              "Away_Score": 4,
              "Venue": "PointsBet Stadium",
              "Date": "2022-04-10T06:05:00Z",
              "Match_Centre_URL": "https://www.nrl.com/draw/nrl-premiership/2022/round-5/sharks-v-wests-tigers/"
            },
            {
              "Round": "Round 5",
              "Home": "Bulldogs",
              "Home_Score": 12,
              "Away": "Panthers",
              "Away_Score": 32,
              "Venue": "CommBank Stadium",
              "Date": "2022-04-10T08:15:00Z",
              "Match_Centre_URL": "https://www.nrl.com/draw/nrl-premiership/2022/round-5/bulldogs-v-panthers/"
            }
          ]
        },
        {
          "6": [
            {
              "Round": "Round 6",
              "Home": "Raiders",
              "Home_Score": 12,
              "Away": "Cowboys",
              "Away_Score": 18,
              "Venue": "GIO Stadium",
              "Date": "2022-04-14T09:50:00Z",
              "Match_Centre_URL": "https://www.nrl.com/draw/nrl-premiership/2022/round-6/raiders-v-cowboys/"
            },
            {
              "Round": "Round 6",
              "Home": "Rabbitohs",
              "Home_Score": 36,
              "Away": "Bulldogs",
              "Away_Score": 16,
              "Venue": "Accor Stadium",
              "Date": "2022-04-15T06:00:00Z",
              "Match_Centre_URL": "https://www.nrl.com/draw/nrl-premiership/2022/round-6/rabbitohs-v-bulldogs/"
            },
            {
              "Round": "Round 6",
              "Home": "Panthers",
              "Home_Score": 40,
              "Away": "Broncos",
              "Away_Score": 12,
              "Venue": "Penrith Park",
              "Date": "2022-04-15T09:55:00Z",
              "Match_Centre_URL": "https://www.nrl.com/draw/nrl-premiership/2022/round-6/panthers-v-broncos/"
            },
            {
              "Round": "Round 6",
              "Home": "Sea Eagles",
              "Home_Score": 26,
              "Away": "Titans",
              "Away_Score": 18,
              "Venue": "4 Pines Park",
              "Date": "2022-04-16T07:30:00Z",
              "Match_Centre_URL": "https://www.nrl.com/draw/nrl-premiership/2022/round-6/sea-eagles-v-titans/"
            },
            {
              "Round": "Round 6",
              "Home": "Storm",
              "Home_Score": 34,
              "Away": "Sharks",
              "Away_Score": 18,
              "Venue": "AAMI Park",
              "Date": "2022-04-16T09:35:00Z",
              "Match_Centre_URL": "https://www.nrl.com/draw/nrl-premiership/2022/round-6/storm-v-sharks/"
            },
            {
              "Round": "Round 6",
              "Home": "Roosters",
              "Home_Score": 22,
              "Away": "Warriors",
              "Away_Score": 14,
              "Venue": "Sydney Cricket Ground",
              "Date": "2022-04-17T04:00:00Z",
              "Match_Centre_URL": "https://www.nrl.com/draw/nrl-premiership/2022/round-6/roosters-v-warriors/"
            },
            {
              "Round": "Round 6",
              "Home": "Dragons",
              "Home_Score": 21,
              "Away": "Knights",
              "Away_Score": 16,
              "Venue": "WIN Stadium",
              "Date": "2022-04-17T06:05:00Z",
              "Match_Centre_URL": "https://www.nrl.com/draw/nrl-premiership/2022/round-6/dragons-v-knights/"
            },
            {
              "Round": "Round 6",
              "Home": "Eels",
              "Home_Score": 20,
              "Away": "Wests Tigers",
              "Away_Score": 21,
              "Venue": "CommBank Stadium",
              "Date": "2022-04-18T06:00:00Z",
              "Match_Centre_URL": "https://www.nrl.com/draw/nrl-premiership/2022/round-6/eels-v-wests-tigers/"
            }
          ]
        },
        {
          "7": [
            {
              "Round": "Round 7",
              "Home": "Sharks",
              "Home_Score": 34,
              "Away": "Sea Eagles",
              "Away_Score": 22,
              "Venue": "PointsBet Stadium",
              "Date": "2022-04-21T09:50:00Z",
              "Match_Centre_URL": "https://www.nrl.com/draw/nrl-premiership/2022/round-7/sharks-v-sea-eagles/"
            },
            {
              "Round": "Round 7",
              "Home": "Broncos",
              "Home_Score": 34,
              "Away": "Bulldogs",
              "Away_Score": 14,
              "Venue": "Suncorp Stadium",
              "Date": "2022-04-22T09:55:00Z",
              "Match_Centre_URL": "https://www.nrl.com/draw/nrl-premiership/2022/round-7/broncos-v-bulldogs/"
            },
            {
              "Round": "Round 7",
              "Home": "Cowboys",
              "Home_Score": 30,
              "Away": "Titans",
              "Away_Score": 4,
              "Venue": "Queensland Country Bank Stadium",
              "Date": "2022-04-23T07:30:00Z",
              "Match_Centre_URL": "https://www.nrl.com/draw/nrl-premiership/2022/round-7/cowboys-v-titans/"
            },
            {
              "Round": "Round 7",
              "Home": "Wests Tigers",
              "Home_Score": 23,
              "Away": "Rabbitohs",
              "Away_Score": 22,
              "Venue": "CommBank Stadium",
              "Date": "2022-04-23T09:35:00Z",
              "Match_Centre_URL": "https://www.nrl.com/draw/nrl-premiership/2022/round-7/wests-tigers-v-rabbitohs/"
            },
            {
              "Round": "Round 7",
              "Home": "Knights",
              "Home_Score": 2,
              "Away": "Eels",
              "Away_Score": 39,
              "Venue": "McDonald Jones Stadium",
              "Date": "2022-04-24T04:00:00Z",
              "Match_Centre_URL": "https://www.nrl.com/draw/nrl-premiership/2022/round-7/knights-v-eels/"
            },
            {
              "Round": "Round 7",
              "Home": "Panthers",
              "Home_Score": 36,
              "Away": "Raiders",
              "Away_Score": 6,
              "Venue": "Penrith Park",
              "Date": "2022-04-24T06:05:00Z",
              "Match_Centre_URL": "https://www.nrl.com/draw/nrl-premiership/2022/round-7/panthers-v-raiders/"
            },
            {
              "Round": "Round 7",
              "Home": "Dragons",
              "Home_Score": 14,
              "Away": "Roosters",
              "Away_Score": 12,
              "Venue": "Sydney Cricket Ground",
              "Date": "2022-04-25T06:00:00Z",
              "Match_Centre_URL": "https://www.nrl.com/draw/nrl-premiership/2022/round-7/dragons-v-roosters/"
            },
            {
              "Round": "Round 7",
              "Home": "Storm",
              "Home_Score": 70,
              "Away": "Warriors",
              "Away_Score": 10,
              "Venue": "AAMI Park",
              "Date": "2022-04-25T09:00:00Z",
              "Match_Centre_URL": "https://www.nrl.com/draw/nrl-premiership/2022/round-7/storm-v-warriors/"
            }
          ]
        },
        {
          "8": [
            {
              "Round": "Round 8",
              "Home": "Broncos",
              "Home_Score": 16,
              "Away": "Sharks",
              "Away_Score": 7,
              "Venue": "Suncorp Stadium",
              "Date": "2022-04-28T09:50:00Z",
              "Match_Centre_URL": "https://www.nrl.com/draw/nrl-premiership/2022/round-8/broncos-v-sharks/"
            },
            {
              "Round": "Round 8",
              "Home": "Titans",
              "Home_Score": 4,
              "Away": "Panthers",
              "Away_Score": 18,
              "Venue": "Cbus Super Stadium",
              "Date": "2022-04-29T08:00:00Z",
              "Match_Centre_URL": "https://www.nrl.com/draw/nrl-premiership/2022/round-8/titans-v-panthers/"
            },
            {
              "Round": "Round 8",
              "Home": "Rabbitohs",
              "Home_Score": 40,
              "Away": "Sea Eagles",
              "Away_Score": 22,
              "Venue": "Industree Group Stadium",
              "Date": "2022-04-29T09:55:00Z",
              "Match_Centre_URL": "https://www.nrl.com/draw/nrl-premiership/2022/round-8/rabbitohs-v-sea-eagles/"
            },
            {
              "Round": "Round 8",
              "Home": "Warriors",
              "Home_Score": 21,
              "Away": "Raiders",
              "Away_Score": 20,
              "Venue": "Kayo Stadium",
              "Date": "2022-04-30T05:00:00Z",
              "Match_Centre_URL": "https://www.nrl.com/draw/nrl-premiership/2022/round-8/warriors-v-raiders/"
            },
            {
              "Round": "Round 8",
              "Home": "Bulldogs",
              "Home_Score": 16,
              "Away": "Roosters",
              "Away_Score": 12,
              "Venue": "Accor Stadium",
              "Date": "2022-04-30T07:30:00Z",
              "Match_Centre_URL": "https://www.nrl.com/draw/nrl-premiership/2022/round-8/bulldogs-v-roosters/"
            },
            {
              "Round": "Round 8",
              "Home": "Eels",
              "Home_Score": 4,
              "Away": "Cowboys",
              "Away_Score": 35,
              "Venue": "TIO Stadium",
              "Date": "2022-04-30T09:35:00Z",
              "Match_Centre_URL": "https://www.nrl.com/draw/nrl-premiership/2022/round-8/eels-v-cowboys/"
            },
            {
              "Round": "Round 8",
              "Home": "Knights",
              "Home_Score": 2,
              "Away": "Storm",
              "Away_Score": 50,
              "Venue": "McDonald Jones Stadium",
              "Date": "2022-05-01T04:00:00Z",
              "Match_Centre_URL": "https://www.nrl.com/draw/nrl-premiership/2022/round-8/knights-v-storm/"
            },
            {
              "Round": "Round 8",
              "Home": "Dragons",
              "Home_Score": 12,
              "Away": "Wests Tigers",
              "Away_Score": 6,
              "Venue": "WIN Stadium",
              "Date": "2022-05-01T06:05:00Z",
              "Match_Centre_URL": "https://www.nrl.com/draw/nrl-premiership/2022/round-8/dragons-v-wests-tigers/"
            }
          ]
        },
        {
          "9": [
            {
              "Round": "Round 9",
              "Home": "Rabbitohs",
              "Home_Score": 12,
              "Away": "Broncos",
              "Away_Score": 32,
              "Venue": "Accor Stadium",
              "Date": "2022-05-05T09:50:00Z",
              "Match_Centre_URL": "https://www.nrl.com/draw/nrl-premiership/2022/round-9/rabbitohs-v-broncos/"
            },
            {
              "Round": "Round 9",
              "Home": "Raiders",
              "Home_Score": 14,
              "Away": "Bulldogs",
              "Away_Score": 4,
              "Venue": "GIO Stadium",
              "Date": "2022-05-06T08:00:00Z",
              "Match_Centre_URL": "https://www.nrl.com/draw/nrl-premiership/2022/round-9/raiders-v-bulldogs/"
            },
            {
              "Round": "Round 9",
              "Home": "Panthers",
              "Home_Score": 20,
              "Away": "Eels",
              "Away_Score": 22,
              "Venue": "Penrith Park",
              "Date": "2022-05-06T09:55:00Z",
              "Match_Centre_URL": "https://www.nrl.com/draw/nrl-premiership/2022/round-9/panthers-v-eels/"
            },
            {
              "Round": "Round 9",
              "Home": "Sea Eagles",
              "Home_Score": 36,
              "Away": "Wests Tigers",
              "Away_Score": 22,
              "Venue": "4 Pines Park",
              "Date": "2022-05-07T05:00:00Z",
              "Match_Centre_URL": "https://www.nrl.com/draw/nrl-premiership/2022/round-9/sea-eagles-v-wests-tigers/"
            },
            {
              "Round": "Round 9",
              "Home": "Roosters",
              "Home_Score": 44,
              "Away": "Titans",
              "Away_Score": 16,
              "Venue": "BB Print Stadium",
              "Date": "2022-05-07T07:30:00Z",
              "Match_Centre_URL": "https://www.nrl.com/draw/nrl-premiership/2022/round-9/roosters-v-titans/"
            },
            {
              "Round": "Round 9",
              "Home": "Cowboys",
              "Home_Score": 36,
              "Away": "Knights",
              "Away_Score": 16,
              "Venue": "Queensland Country Bank Stadium",
              "Date": "2022-05-07T09:35:00Z",
              "Match_Centre_URL": "https://www.nrl.com/draw/nrl-premiership/2022/round-9/cowboys-v-knights/"
            },
            {
              "Round": "Round 9",
              "Home": "Storm",
              "Home_Score": 42,
              "Away": "Dragons",
              "Away_Score": 6,
              "Venue": "AAMI Park",
              "Date": "2022-05-08T04:00:00Z",
              "Match_Centre_URL": "https://www.nrl.com/draw/nrl-premiership/2022/round-9/storm-v-dragons/"
            },
            {
              "Round": "Round 9",
              "Home": "Sharks",
              "Home_Score": 29,
              "Away": "Warriors",
              "Away_Score": 10,
              "Venue": "PointsBet Stadium",
              "Date": "2022-05-08T06:05:00Z",
              "Match_Centre_URL": "https://www.nrl.com/draw/nrl-premiership/2022/round-9/sharks-v-warriors/"
            }
          ]
        },
        {
          "10": [
            {
              "Round": "Round 10",
              "Home": "Bulldogs",
              "Home_Score": 6,
              "Away": "Knights",
              "Away_Score": 16,
              "Venue": "Suncorp Stadium",
              "Date": "2022-05-13T08:00:00Z",
              "Match_Centre_URL": "https://www.nrl.com/draw/nrl-premiership/2022/round-10/bulldogs-v-knights/"
            },
            {
              "Round": "Round 10",
              "Home": "Sea Eagles",
              "Home_Score": 0,
              "Away": "Broncos",
              "Away_Score": 38,
              "Venue": "Suncorp Stadium",
              "Date": "2022-05-13T10:05:00Z",
              "Match_Centre_URL": "https://www.nrl.com/draw/nrl-premiership/2022/round-10/sea-eagles-v-broncos/"
            },
            {
              "Round": "Round 10",
              "Home": "Warriors",
              "Home_Score": 30,
              "Away": "Rabbitohs",
              "Away_Score": 32,
              "Venue": "Suncorp Stadium",
              "Date": "2022-05-14T05:00:00Z",
              "Match_Centre_URL": "https://www.nrl.com/draw/nrl-premiership/2022/round-10/warriors-v-rabbitohs/"
            },
            {
              "Round": "Round 10",
              "Home": "Titans",
              "Home_Score": 20,
              "Away": "Dragons",
              "Away_Score": 16,
              "Venue": "Suncorp Stadium",
              "Date": "2022-05-14T07:30:00Z",
              "Match_Centre_URL": "https://www.nrl.com/draw/nrl-premiership/2022/round-10/titans-v-dragons/"
            },
            {
              "Round": "Round 10",
              "Home": "Storm",
              "Home_Score": 6,
              "Away": "Panthers",
              "Away_Score": 32,
              "Venue": "Suncorp Stadium",
              "Date": "2022-05-14T09:45:00Z",
              "Match_Centre_URL": "https://www.nrl.com/draw/nrl-premiership/2022/round-10/storm-v-panthers/"
            },
            {
              "Round": "Round 10",
              "Home": "Sharks",
              "Home_Score": 10,
              "Away": "Raiders",
              "Away_Score": 30,
              "Venue": "Suncorp Stadium",
              "Date": "2022-05-15T03:50:00Z",
              "Match_Centre_URL": "https://www.nrl.com/draw/nrl-premiership/2022/round-10/sharks-v-raiders/"
            },
            {
              "Round": "Round 10",
              "Home": "Roosters",
              "Home_Score": 31,
              "Away": "Eels",
              "Away_Score": 24,
              "Venue": "Suncorp Stadium",
              "Date": "2022-05-15T06:05:00Z",
              "Match_Centre_URL": "https://www.nrl.com/draw/nrl-premiership/2022/round-10/roosters-v-eels/"
            },
            {
              "Round": "Round 10",
              "Home": "Wests Tigers",
              "Home_Score": 12,
              "Away": "Cowboys",
              "Away_Score": 36,
              "Venue": "Suncorp Stadium",
              "Date": "2022-05-15T08:25:00Z",
              "Match_Centre_URL": "https://www.nrl.com/draw/nrl-premiership/2022/round-10/wests-tigers-v-cowboys/"
            }
          ]
        },
        {
          "11": [
            {
              "Round": "Round 11",
              "Home": "Knights",
              "Home_Score": 12,
              "Away": "Broncos",
              "Away_Score": 36,
              "Venue": "McDonald Jones Stadium",
              "Date": "2022-05-19T09:50:00Z",
              "Match_Centre_URL": "https://www.nrl.com/draw/nrl-premiership/2022/round-11/knights-v-broncos/"
            },
            {
              "Round": "Round 11",
              "Home": "Wests Tigers",
              "Home_Score": 36,
              "Away": "Bulldogs",
              "Away_Score": 22,
              "Venue": "Leichhardt Oval",
              "Date": "2022-05-20T08:00:00Z",
              "Match_Centre_URL": "https://www.nrl.com/draw/nrl-premiership/2022/round-11/wests-tigers-v-bulldogs/"
            },
            {
              "Round": "Round 11",
              "Home": "Eels",
              "Home_Score": 22,
              "Away": "Sea Eagles",
              "Away_Score": 20,
              "Venue": "CommBank Stadium",
              "Date": "2022-05-20T09:55:00Z",
              "Match_Centre_URL": "https://www.nrl.com/draw/nrl-premiership/2022/round-11/eels-v-sea-eagles/"
            },
            {
              "Round": "Round 11",
              "Home": "Dragons",
              "Home_Score": 24,
              "Away": "Warriors",
              "Away_Score": 18,
              "Venue": "Netstrata Jubilee Stadium",
              "Date": "2022-05-21T05:00:00Z",
              "Match_Centre_URL": "https://www.nrl.com/draw/nrl-premiership/2022/round-11/dragons-v-warriors/"
            },
            {
              "Round": "Round 11",
              "Home": "Cowboys",
              "Home_Score": 36,
              "Away": "Storm",
              "Away_Score": 6,
              "Venue": "Queensland Country Bank Stadium",
              "Date": "2022-05-21T07:30:00Z",
              "Match_Centre_URL": "https://www.nrl.com/draw/nrl-premiership/2022/round-11/cowboys-v-storm/"
            },
            {
              "Round": "Round 11",
              "Home": "Roosters",
              "Home_Score": 12,
              "Away": "Panthers",
              "Away_Score": 32,
              "Venue": "Sydney Cricket Ground",
              "Date": "2022-05-21T09:35:00Z",
              "Match_Centre_URL": "https://www.nrl.com/draw/nrl-premiership/2022/round-11/roosters-v-panthers/"
            },
            {
              "Round": "Round 11",
              "Home": "Rabbitohs",
              "Home_Score": 12,
              "Away": "Raiders",
              "Away_Score": 32,
              "Venue": "Apex Oval",
              "Date": "2022-05-22T04:00:00Z",
              "Match_Centre_URL": "https://www.nrl.com/draw/nrl-premiership/2022/round-11/rabbitohs-v-raiders/"
            },
            {
              "Round": "Round 11",
              "Home": "Titans",
              "Home_Score": 18,
              "Away": "Sharks",
              "Away_Score": 25,
              "Venue": "Cbus Super Stadium",
              "Date": "2022-05-22T06:05:00Z",
              "Match_Centre_URL": "https://www.nrl.com/draw/nrl-premiership/2022/round-11/titans-v-sharks/"
            }
          ]
        },
        {
          "12": [
            {
              "Round": "Round 12",
              "Home": "Storm",
              "Home_Score": 28,
              "Away": "Sea Eagles",
              "Away_Score": 8,
              "Venue": "AAMI Park",
              "Date": "2022-05-26T09:50:00Z",
              "Match_Centre_URL": "https://www.nrl.com/draw/nrl-premiership/2022/round-12/storm-v-sea-eagles/"
            },
            {
              "Round": "Round 12",
              "Home": "Panthers",
              "Home_Score": 22,
              "Away": "Cowboys",
              "Away_Score": 0,
              "Venue": "Penrith Park",
              "Date": "2022-05-27T08:00:00Z",
              "Match_Centre_URL": "https://www.nrl.com/draw/nrl-premiership/2022/round-12/panthers-v-cowboys/"
            },
            {
              "Round": "Round 12",
              "Home": "Broncos",
              "Home_Score": 35,
              "Away": "Titans",
              "Away_Score": 24,
              "Venue": "Suncorp Stadium",
              "Date": "2022-05-27T09:55:00Z",
              "Match_Centre_URL": "https://www.nrl.com/draw/nrl-premiership/2022/round-12/broncos-v-titans/"
            },
            {
              "Round": "Round 12",
              "Home": "Warriors",
              "Home_Score": 16,
              "Away": "Knights",
              "Away_Score": 24,
              "Venue": "Kayo Stadium",
              "Date": "2022-05-28T05:00:00Z",
              "Match_Centre_URL": "https://www.nrl.com/draw/nrl-premiership/2022/round-12/warriors-v-knights/"
            },
            {
              "Round": "Round 12",
              "Home": "Rabbitohs",
              "Home_Score": 44,
              "Away": "Wests Tigers",
              "Away_Score": 18,
              "Venue": "Accor Stadium",
              "Date": "2022-05-28T07:30:00Z",
              "Match_Centre_URL": "https://www.nrl.com/draw/nrl-premiership/2022/round-12/rabbitohs-v-wests-tigers/"
            },
            {
              "Round": "Round 12",
              "Home": "Sharks",
              "Home_Score": 16,
              "Away": "Roosters",
              "Away_Score": 36,
              "Venue": "PointsBet Stadium",
              "Date": "2022-05-28T09:35:00Z",
              "Match_Centre_URL": "https://www.nrl.com/draw/nrl-premiership/2022/round-12/sharks-v-roosters/"
            },
            {
              "Round": "Round 12",
              "Home": "Bulldogs",
              "Home_Score": 24,
              "Away": "Dragons",
              "Away_Score": 34,
              "Venue": "Belmore Sports Ground",
              "Date": "2022-05-29T04:00:00Z",
              "Match_Centre_URL": "https://www.nrl.com/draw/nrl-premiership/2022/round-12/bulldogs-v-dragons/"
            },
            {
              "Round": "Round 12",
              "Home": "Raiders",
              "Home_Score": 20,
              "Away": "Eels",
              "Away_Score": 28,
              "Venue": "GIO Stadium",
              "Date": "2022-05-29T06:05:00Z",
              "Match_Centre_URL": "https://www.nrl.com/draw/nrl-premiership/2022/round-12/raiders-v-eels/"
            }
          ]
        },
        {
          "13": [
            {
              "Round": "Round 13",
              "Home": "Titans",
              "Home_Score": 6,
              "Away": "Cowboys",
              "Away_Score": 32,
              "Venue": "Cbus Super Stadium",
              "Date": "2022-06-02T09:50:00Z",
              "Match_Centre_URL": "https://www.nrl.com/draw/nrl-premiership/2022/round-13/titans-v-cowboys/"
            },
            {
              "Round": "Round 13",
              "Home": "Panthers",
              "Home_Score": 30,
              "Away": "Bulldogs",
              "Away_Score": 18,
              "Venue": "Penrith Park",
              "Date": "2022-06-03T09:55:00Z",
              "Match_Centre_URL": "https://www.nrl.com/draw/nrl-premiership/2022/round-13/panthers-v-bulldogs/"
            },
            {
              "Round": "Round 13",
              "Home": "Sea Eagles",
              "Home_Score": 44,
              "Away": "Warriors",
              "Away_Score": 12,
              "Venue": "4 Pines Park",
              "Date": "2022-06-04T09:35:00Z",
              "Match_Centre_URL": "https://www.nrl.com/draw/nrl-premiership/2022/round-13/sea-eagles-v-warriors/"
            },
            {
              "Round": "Round 13",
              "Home": "Raiders",
              "Home_Score": 22,
              "Away": "Roosters",
              "Away_Score": 16,
              "Venue": "GIO Stadium",
              "Date": "2022-06-05T06:05:00Z",
              "Match_Centre_URL": "https://www.nrl.com/draw/nrl-premiership/2022/round-13/raiders-v-roosters/"
            }
          ]
        },
        {
          "14": [
            {
              "Round": "Round 14",
              "Home": "Cowboys",
              "Home_Score": 31,
              "Away": "Dragons",
              "Away_Score": 12,
              "Venue": "Queensland Country Bank Stadium",
              "Date": "2022-06-10T09:55:00Z",
              "Match_Centre_URL": "https://www.nrl.com/draw/nrl-premiership/2022/round-14/cowboys-v-dragons/"
            },
            {
              "Round": "Round 14",
              "Home": "Titans",
              "Home_Score": 16,
              "Away": "Rabbitohs",
              "Away_Score": 30,
              "Venue": "Cbus Super Stadium",
              "Date": "2022-06-11T05:00:00Z",
              "Match_Centre_URL": "https://www.nrl.com/draw/nrl-premiership/2022/round-14/titans-v-rabbitohs/"
            },
            {
              "Round": "Round 14",
              "Home": "Roosters",
              "Home_Score": 18,
              "Away": "Storm",
              "Away_Score": 26,
              "Venue": "Sydney Cricket Ground",
              "Date": "2022-06-11T07:30:00Z",
              "Match_Centre_URL": "https://www.nrl.com/draw/nrl-premiership/2022/round-14/roosters-v-storm/"
            },
            {
              "Round": "Round 14",
              "Home": "Broncos",
              "Home_Score": 24,
              "Away": "Raiders",
              "Away_Score": 18,
              "Venue": "Suncorp Stadium",
              "Date": "2022-06-11T09:35:00Z",
              "Match_Centre_URL": "https://www.nrl.com/draw/nrl-premiership/2022/round-14/broncos-v-raiders/"
            },
            {
              "Round": "Round 14",
              "Home": "Wests Tigers",
              "Home_Score": 4,
              "Away": "Sea Eagles",
              "Away_Score": 30,
              "Venue": "Campbelltown Sports Stadium",
              "Date": "2022-06-12T04:00:00Z",
              "Match_Centre_URL": "https://www.nrl.com/draw/nrl-premiership/2022/round-14/wests-tigers-v-sea-eagles/"
            },
            {
              "Round": "Round 14",
              "Home": "Knights",
              "Home_Score": 6,
              "Away": "Panthers",
              "Away_Score": 42,
              "Venue": "McDonald Jones Stadium",
              "Date": "2022-06-12T06:05:00Z",
              "Match_Centre_URL": "https://www.nrl.com/draw/nrl-premiership/2022/round-14/knights-v-panthers/"
            },
            {
              "Round": "Round 14",
              "Home": "Warriors",
              "Home_Score": 16,
              "Away": "Sharks",
              "Away_Score": 38,
              "Venue": "Kayo Stadium",
              "Date": "2022-06-12T08:15:00Z",
              "Match_Centre_URL": "https://www.nrl.com/draw/nrl-premiership/2022/round-14/warriors-v-sharks/"
            },
            {
              "Round": "Round 14",
              "Home": "Bulldogs",
              "Home_Score": 34,
              "Away": "Eels",
              "Away_Score": 4,
              "Venue": "Accor Stadium",
              "Date": "2022-06-13T06:00:00Z",
              "Match_Centre_URL": "https://www.nrl.com/draw/nrl-premiership/2022/round-14/bulldogs-v-eels/"
            }
          ]
        },
        {
          "15": [
            {
              "Round": "Round 15",
              "Home": "Dragons",
              "Home_Score": 32,
              "Away": "Rabbitohs",
              "Away_Score": 12,
              "Venue": "WIN Stadium",
              "Date": "2022-06-16T09:50:00Z",
              "Match_Centre_URL": "https://www.nrl.com/draw/nrl-premiership/2022/round-15/dragons-v-rabbitohs/"
            },
            {
              "Round": "Round 15",
              "Home": "Sea Eagles",
              "Home_Score": 26,
              "Away": "Cowboys",
              "Away_Score": 28,
              "Venue": "4 Pines Park",
              "Date": "2022-06-17T08:00:00Z",
              "Match_Centre_URL": "https://www.nrl.com/draw/nrl-premiership/2022/round-15/sea-eagles-v-cowboys/"
            },
            {
              "Round": "Round 15",
              "Home": "Storm",
              "Home_Score": 32,
              "Away": "Broncos",
              "Away_Score": 20,
              "Venue": "AAMI Park",
              "Date": "2022-06-17T09:55:00Z",
              "Match_Centre_URL": "https://www.nrl.com/draw/nrl-premiership/2022/round-15/storm-v-broncos/"
            },
            {
              "Round": "Round 15",
              "Home": "Sharks",
              "Home_Score": 18,
              "Away": "Titans",
              "Away_Score": 10,
              "Venue": "C.ex Coffs International Stadium",
              "Date": "2022-06-18T05:00:00Z",
              "Match_Centre_URL": "https://www.nrl.com/draw/nrl-premiership/2022/round-15/sharks-v-titans/"
            },
            {
              "Round": "Round 15",
              "Home": "Warriors",
              "Home_Score": 6,
              "Away": "Panthers",
              "Away_Score": 40,
              "Venue": "Kayo Stadium",
              "Date": "2022-06-18T07:30:00Z",
              "Match_Centre_URL": "https://www.nrl.com/draw/nrl-premiership/2022/round-15/warriors-v-panthers/"
            },
            {
              "Round": "Round 15",
              "Home": "Eels",
              "Home_Score": 26,
              "Away": "Roosters",
              "Away_Score": 16,
              "Venue": "CommBank Stadium",
              "Date": "2022-06-18T09:35:00Z",
              "Match_Centre_URL": "https://www.nrl.com/draw/nrl-premiership/2022/round-15/eels-v-roosters/"
            },
            {
              "Round": "Round 15",
              "Home": "Raiders",
              "Home_Score": 20,
              "Away": "Knights",
              "Away_Score": 18,
              "Venue": "GIO Stadium",
              "Date": "2022-06-19T04:00:00Z",
              "Match_Centre_URL": "https://www.nrl.com/draw/nrl-premiership/2022/round-15/raiders-v-knights/"
            },
            {
              "Round": "Round 15",
              "Home": "Bulldogs",
              "Home_Score": 36,
              "Away": "Wests Tigers",
              "Away_Score": 12,
              "Venue": "CommBank Stadium",
              "Date": "2022-06-19T06:05:00Z",
              "Match_Centre_URL": "https://www.nrl.com/draw/nrl-premiership/2022/round-15/bulldogs-v-wests-tigers/"
            }
          ]
        },
        {
          "16": [
            {
              "Round": "Round 16",
              "Home": "Sea Eagles",
              "Home_Score": 36,
              "Away": "Storm",
              "Away_Score": 30,
              "Venue": "4 Pines Park",
              "Date": "2022-06-30T09:50:00Z",
              "Match_Centre_URL": "https://www.nrl.com/draw/nrl-premiership/2022/round-16/sea-eagles-v-storm/"
            },
            {
              "Round": "Round 16",
              "Home": "Knights",
              "Home_Score": 38,
              "Away": "Titans",
              "Away_Score": 12,
              "Venue": "McDonald Jones Stadium",
              "Date": "2022-07-01T08:00:00Z",
              "Match_Centre_URL": "https://www.nrl.com/draw/nrl-premiership/2022/round-16/knights-v-titans/"
            },
            {
              "Round": "Round 16",
              "Home": "Panthers",
              "Home_Score": 26,
              "Away": "Roosters",
              "Away_Score": 18,
              "Venue": "Penrith Park",
              "Date": "2022-07-01T09:55:00Z",
              "Match_Centre_URL": "https://www.nrl.com/draw/nrl-premiership/2022/round-16/panthers-v-roosters/"
            },
            {
              "Round": "Round 16",
              "Home": "Bulldogs",
              "Home_Score": 6,
              "Away": "Sharks",
              "Away_Score": 18,
              "Venue": "CommBank Stadium",
              "Date": "2022-07-02T05:00:00Z",
              "Match_Centre_URL": "https://www.nrl.com/draw/nrl-premiership/2022/round-16/bulldogs-v-sharks/"
            },
            {
              "Round": "Round 16",
              "Home": "Cowboys",
              "Home_Score": 40,
              "Away": "Broncos",
              "Away_Score": 26,
              "Venue": "Queensland Country Bank Stadium",
              "Date": "2022-07-02T07:30:00Z",
              "Match_Centre_URL": "https://www.nrl.com/draw/nrl-premiership/2022/round-16/cowboys-v-broncos/"
            },
            {
              "Round": "Round 16",
              "Home": "Rabbitohs",
              "Home_Score": 30,
              "Away": "Eels",
              "Away_Score": 12,
              "Venue": "Accor Stadium",
              "Date": "2022-07-02T09:35:00Z",
              "Match_Centre_URL": "https://www.nrl.com/draw/nrl-premiership/2022/round-16/rabbitohs-v-eels/"
            },
            {
              "Round": "Round 16",
              "Home": "Warriors",
              "Home_Score": 22,
              "Away": "Wests Tigers",
              "Away_Score": 2,
              "Venue": "Go Media Stadium",
              "Date": "2022-07-03T04:00:00Z",
              "Match_Centre_URL": "https://www.nrl.com/draw/nrl-premiership/2022/round-16/warriors-v-wests-tigers/"
            },
            {
              "Round": "Round 16",
              "Home": "Dragons",
              "Home_Score": 12,
              "Away": "Raiders",
              "Away_Score": 10,
              "Venue": "WIN Stadium",
              "Date": "2022-07-03T06:05:00Z",
              "Match_Centre_URL": "https://www.nrl.com/draw/nrl-premiership/2022/round-16/dragons-v-raiders/"
            }
          ]
        },
        {
          "17": [
            {
              "Round": "Round 17",
              "Home": "Sharks",
              "Home_Score": 28,
              "Away": "Storm",
              "Away_Score": 6,
              "Venue": "PointsBet Stadium",
              "Date": "2022-07-07T09:50:00Z",
              "Match_Centre_URL": "https://www.nrl.com/draw/nrl-premiership/2022/round-17/sharks-v-storm/"
            },
            {
              "Round": "Round 17",
              "Home": "Knights",
              "Home_Score": 28,
              "Away": "Rabbitohs",
              "Away_Score": 40,
              "Venue": "McDonald Jones Stadium",
              "Date": "2022-07-08T09:55:00Z",
              "Match_Centre_URL": "https://www.nrl.com/draw/nrl-premiership/2022/round-17/knights-v-rabbitohs/"
            },
            {
              "Round": "Round 17",
              "Home": "Wests Tigers",
              "Home_Score": 20,
              "Away": "Eels",
              "Away_Score": 28,
              "Venue": "Leichhardt Oval",
              "Date": "2022-07-09T09:35:00Z",
              "Match_Centre_URL": "https://www.nrl.com/draw/nrl-premiership/2022/round-17/wests-tigers-v-eels/"
            },
            {
              "Round": "Round 17",
              "Home": "Broncos",
              "Home_Score": 32,
              "Away": "Dragons",
              "Away_Score": 18,
              "Venue": "Suncorp Stadium",
              "Date": "2022-07-10T06:05:00Z",
              "Match_Centre_URL": "https://www.nrl.com/draw/nrl-premiership/2022/round-17/broncos-v-dragons/"
            }
          ]
        },
        {
          "18": [
            {
              "Round": "Round 18",
              "Home": "Cowboys",
              "Home_Score": 12,
              "Away": "Sharks",
              "Away_Score": 26,
              "Venue": "Queensland Country Bank Stadium",
              "Date": "2022-07-15T08:00:00Z",
              "Match_Centre_URL": "https://www.nrl.com/draw/nrl-premiership/2022/round-18/cowboys-v-sharks/"
            },
            {
              "Round": "Round 18",
              "Home": "Eels",
              "Home_Score": 28,
              "Away": "Warriors",
              "Away_Score": 18,
              "Venue": "CommBank Stadium",
              "Date": "2022-07-15T09:55:00Z",
              "Match_Centre_URL": "https://www.nrl.com/draw/nrl-premiership/2022/round-18/eels-v-warriors/"
            },
            {
              "Round": "Round 18",
              "Home": "Roosters",
              "Home_Score": 54,
              "Away": "Dragons",
              "Away_Score": 26,
              "Venue": "Industree Group Stadium",
              "Date": "2022-07-16T05:00:00Z",
              "Match_Centre_URL": "https://www.nrl.com/draw/nrl-premiership/2022/round-18/roosters-v-dragons/"
            },
            {
              "Round": "Round 18",
              "Home": "Sea Eagles",
              "Home_Score": 42,
              "Away": "Knights",
              "Away_Score": 12,
              "Venue": "4 Pines Park",
              "Date": "2022-07-16T07:30:00Z",
              "Match_Centre_URL": "https://www.nrl.com/draw/nrl-premiership/2022/round-18/sea-eagles-v-knights/"
            },
            {
              "Round": "Round 18",
              "Home": "Titans",
              "Home_Score": 12,
              "Away": "Broncos",
              "Away_Score": 16,
              "Venue": "Cbus Super Stadium",
              "Date": "2022-07-16T09:35:00Z",
              "Match_Centre_URL": "https://www.nrl.com/draw/nrl-premiership/2022/round-18/titans-v-broncos/"
            },
            {
              "Round": "Round 18",
              "Home": "Wests Tigers",
              "Home_Score": 16,
              "Away": "Panthers",
              "Away_Score": 18,
              "Venue": "CommBank Stadium",
              "Date": "2022-07-17T04:00:00Z",
              "Match_Centre_URL": "https://www.nrl.com/draw/nrl-premiership/2022/round-18/wests-tigers-v-panthers/"
            },
            {
              "Round": "Round 18",
              "Home": "Storm",
              "Home_Score": 16,
              "Away": "Raiders",
              "Away_Score": 20,
              "Venue": "AAMI Park",
              "Date": "2022-07-17T06:05:00Z",
              "Match_Centre_URL": "https://www.nrl.com/draw/nrl-premiership/2022/round-18/storm-v-raiders/"
            },
            {
              "Round": "Round 18",
              "Home": "Bulldogs",
              "Home_Score": 28,
              "Away": "Rabbitohs",
              "Away_Score": 36,
              "Venue": "Accor Stadium",
              "Date": "2022-07-17T08:15:00Z",
              "Match_Centre_URL": "https://www.nrl.com/draw/nrl-premiership/2022/round-18/bulldogs-v-rabbitohs/"
            }
          ]
        },
        {
          "19": [
            {
              "Round": "Round 19",
              "Home": "Eels",
              "Home_Score": 14,
              "Away": "Broncos",
              "Away_Score": 36,
              "Venue": "CommBank Stadium",
              "Date": "2022-07-21T09:50:00Z",
              "Match_Centre_URL": "https://www.nrl.com/draw/nrl-premiership/2022/round-19/eels-v-broncos/"
            },
            {
              "Round": "Round 19",
              "Home": "Dragons",
              "Home_Score": 20,
              "Away": "Sea Eagles",
              "Away_Score": 6,
              "Venue": "Netstrata Jubilee Stadium",
              "Date": "2022-07-22T08:00:00Z",
              "Match_Centre_URL": "https://www.nrl.com/draw/nrl-premiership/2022/round-19/dragons-v-sea-eagles/"
            },
            {
              "Round": "Round 19",
              "Home": "Knights",
              "Home_Score": 12,
              "Away": "Roosters",
              "Away_Score": 42,
              "Venue": "McDonald Jones Stadium",
              "Date": "2022-07-22T09:55:00Z",
              "Match_Centre_URL": "https://www.nrl.com/draw/nrl-premiership/2022/round-19/knights-v-roosters/"
            },
            {
              "Round": "Round 19",
              "Home": "Raiders",
              "Home_Score": 26,
              "Away": "Warriors",
              "Away_Score": 14,
              "Venue": "GIO Stadium",
              "Date": "2022-07-23T05:00:00Z",
              "Match_Centre_URL": "https://www.nrl.com/draw/nrl-premiership/2022/round-19/raiders-v-warriors/"
            },
            {
              "Round": "Round 19",
              "Home": "Panthers",
              "Home_Score": 20,
              "Away": "Sharks",
              "Away_Score": 10,
              "Venue": "Penrith Park",
              "Date": "2022-07-23T07:30:00Z",
              "Match_Centre_URL": "https://www.nrl.com/draw/nrl-premiership/2022/round-19/panthers-v-sharks/"
            },
            {
              "Round": "Round 19",
              "Home": "Rabbitohs",
              "Home_Score": 24,
              "Away": "Storm",
              "Away_Score": 12,
              "Venue": "Accor Stadium",
              "Date": "2022-07-23T09:35:00Z",
              "Match_Centre_URL": "https://www.nrl.com/draw/nrl-premiership/2022/round-19/rabbitohs-v-storm/"
            },
            {
              "Round": "Round 19",
              "Home": "Bulldogs",
              "Home_Score": 36,
              "Away": "Titans",
              "Away_Score": 26,
              "Venue": "CommBank Stadium",
              "Date": "2022-07-24T04:00:00Z",
              "Match_Centre_URL": "https://www.nrl.com/draw/nrl-premiership/2022/round-19/bulldogs-v-titans/"
            },
            {
              "Round": "Round 19",
              "Home": "Cowboys",
              "Home_Score": 27,
              "Away": "Wests Tigers",
              "Away_Score": 26,
              "Venue": "Queensland Country Bank Stadium",
              "Date": "2022-07-24T06:05:00Z",
              "Match_Centre_URL": "https://www.nrl.com/draw/nrl-premiership/2022/round-19/cowboys-v-wests-tigers/"
            }
          ]
        },
        {
          "20": [
            {
              "Round": "Round 20",
              "Home": "Sea Eagles",
              "Home_Score": 10,
              "Away": "Roosters",
              "Away_Score": 20,
              "Venue": "4 Pines Park",
              "Date": "2022-07-28T09:50:00Z",
              "Match_Centre_URL": "https://www.nrl.com/draw/nrl-premiership/2022/round-20/sea-eagles-v-roosters/"
            },
            {
              "Round": "Round 20",
              "Home": "Warriors",
              "Home_Score": 12,
              "Away": "Storm",
              "Away_Score": 24,
              "Venue": "Go Media Stadium",
              "Date": "2022-07-29T08:00:00Z",
              "Match_Centre_URL": "https://www.nrl.com/draw/nrl-premiership/2022/round-20/warriors-v-storm/"
            },
            {
              "Round": "Round 20",
              "Home": "Eels",
              "Home_Score": 34,
              "Away": "Panthers",
              "Away_Score": 10,
              "Venue": "CommBank Stadium",
              "Date": "2022-07-29T09:55:00Z",
              "Match_Centre_URL": "https://www.nrl.com/draw/nrl-premiership/2022/round-20/eels-v-panthers/"
            },
            {
              "Round": "Round 20",
              "Home": "Titans",
              "Home_Score": 24,
              "Away": "Raiders",
              "Away_Score": 36,
              "Venue": "Cbus Super Stadium",
              "Date": "2022-07-30T05:00:00Z",
              "Match_Centre_URL": "https://www.nrl.com/draw/nrl-premiership/2022/round-20/titans-v-raiders/"
            },
            {
              "Round": "Round 20",
              "Home": "Sharks",
              "Home_Score": 21,
              "Away": "Rabbitohs",
              "Away_Score": 20,
              "Venue": "PointsBet Stadium",
              "Date": "2022-07-30T07:30:00Z",
              "Match_Centre_URL": "https://www.nrl.com/draw/nrl-premiership/2022/round-20/sharks-v-rabbitohs/"
            },
            {
              "Round": "Round 20",
              "Home": "Broncos",
              "Home_Score": 18,
              "Away": "Wests Tigers",
              "Away_Score": 32,
              "Venue": "Suncorp Stadium",
              "Date": "2022-07-30T09:35:00Z",
              "Match_Centre_URL": "https://www.nrl.com/draw/nrl-premiership/2022/round-20/broncos-v-wests-tigers/"
            },
            {
              "Round": "Round 20",
              "Home": "Knights",
              "Home_Score": 10,
              "Away": "Bulldogs",
              "Away_Score": 24,
              "Venue": "McDonald Jones Stadium",
              "Date": "2022-07-31T04:00:00Z",
              "Match_Centre_URL": "https://www.nrl.com/draw/nrl-premiership/2022/round-20/knights-v-bulldogs/"
            },
            {
              "Round": "Round 20",
              "Home": "Dragons",
              "Home_Score": 8,
              "Away": "Cowboys",
              "Away_Score": 34,
              "Venue": "Netstrata Jubilee Stadium",
              "Date": "2022-07-31T06:05:00Z",
              "Match_Centre_URL": "https://www.nrl.com/draw/nrl-premiership/2022/round-20/dragons-v-cowboys/"
            }
          ]
        },
        {
          "21": [
            {
              "Round": "Round 21",
              "Home": "Roosters",
              "Home_Score": 34,
              "Away": "Broncos",
              "Away_Score": 16,
              "Venue": "Sydney Cricket Ground",
              "Date": "2022-08-04T09:50:00Z",
              "Match_Centre_URL": "https://www.nrl.com/draw/nrl-premiership/2022/round-21/roosters-v-broncos/"
            },
            {
              "Round": "Round 21",
              "Home": "Storm",
              "Home_Score": 32,
              "Away": "Titans",
              "Away_Score": 14,
              "Venue": "AAMI Park",
              "Date": "2022-08-05T08:00:00Z",
              "Match_Centre_URL": "https://www.nrl.com/draw/nrl-premiership/2022/round-21/storm-v-titans/"
            },
            {
              "Round": "Round 21",
              "Home": "Sea Eagles",
              "Home_Score": 20,
              "Away": "Eels",
              "Away_Score": 36,
              "Venue": "4 Pines Park",
              "Date": "2022-08-05T09:55:00Z",
              "Match_Centre_URL": "https://www.nrl.com/draw/nrl-premiership/2022/round-21/sea-eagles-v-eels/"
            },
            {
              "Round": "Round 21",
              "Home": "Rabbitohs",
              "Home_Score": 48,
              "Away": "Warriors",
              "Away_Score": 10,
              "Venue": "Sunshine Coast Stadium",
              "Date": "2022-08-06T05:00:00Z",
              "Match_Centre_URL": "https://www.nrl.com/draw/nrl-premiership/2022/round-21/rabbitohs-v-warriors/"
            },
            {
              "Round": "Round 21",
              "Home": "Raiders",
              "Home_Score": 6,
              "Away": "Panthers",
              "Away_Score": 26,
              "Venue": "GIO Stadium",
              "Date": "2022-08-06T07:30:00Z",
              "Match_Centre_URL": "https://www.nrl.com/draw/nrl-premiership/2022/round-21/raiders-v-panthers/"
            },
            {
              "Round": "Round 21",
              "Home": "Sharks",
              "Home_Score": 24,
              "Away": "Dragons",
              "Away_Score": 18,
              "Venue": "PointsBet Stadium",
              "Date": "2022-08-06T09:35:00Z",
              "Match_Centre_URL": "https://www.nrl.com/draw/nrl-premiership/2022/round-21/sharks-v-dragons/"
            },
            {
              "Round": "Round 21",
              "Home": "Bulldogs",
              "Home_Score": 14,
              "Away": "Cowboys",
              "Away_Score": 28,
              "Venue": "Salter Oval",
              "Date": "2022-08-07T04:00:00Z",
              "Match_Centre_URL": "https://www.nrl.com/draw/nrl-premiership/2022/round-21/bulldogs-v-cowboys/"
            },
            {
              "Round": "Round 21",
              "Home": "Wests Tigers",
              "Home_Score": 10,
              "Away": "Knights",
              "Away_Score": 14,
              "Venue": "Campbelltown Sports Stadium",
              "Date": "2022-08-07T06:05:00Z",
              "Match_Centre_URL": "https://www.nrl.com/draw/nrl-premiership/2022/round-21/wests-tigers-v-knights/"
            }
          ]
        },
        {
          "22": [
            {
              "Round": "Round 22",
              "Home": "Panthers",
              "Home_Score": 0,
              "Away": "Storm",
              "Away_Score": 16,
              "Venue": "Penrith Park",
              "Date": "2022-08-11T09:50:00Z",
              "Match_Centre_URL": "https://www.nrl.com/draw/nrl-premiership/2022/round-22/panthers-v-storm/"
            },
            {
              "Round": "Round 22",
              "Home": "Warriors",
              "Home_Score": 42,
              "Away": "Bulldogs",
              "Away_Score": 18,
              "Venue": "Go Media Stadium",
              "Date": "2022-08-12T08:00:00Z",
              "Match_Centre_URL": "https://www.nrl.com/draw/nrl-premiership/2022/round-22/warriors-v-bulldogs/"
            },
            {
              "Round": "Round 22",
              "Home": "Eels",
              "Home_Score": 0,
              "Away": "Rabbitohs",
              "Away_Score": 26,
              "Venue": "CommBank Stadium",
              "Date": "2022-08-12T09:55:00Z",
              "Match_Centre_URL": "https://www.nrl.com/draw/nrl-premiership/2022/round-22/eels-v-rabbitohs/"
            },
            {
              "Round": "Round 22",
              "Home": "Roosters",
              "Home_Score": 32,
              "Away": "Cowboys",
              "Away_Score": 18,
              "Venue": "Sydney Cricket Ground",
              "Date": "2022-08-13T05:00:00Z",
              "Match_Centre_URL": "https://www.nrl.com/draw/nrl-premiership/2022/round-22/roosters-v-cowboys/"
            },
            {
              "Round": "Round 22",
              "Home": "Wests Tigers",
              "Home_Score": 12,
              "Away": "Sharks",
              "Away_Score": 36,
              "Venue": "Scully Park",
              "Date": "2022-08-13T07:30:00Z",
              "Match_Centre_URL": "https://www.nrl.com/draw/nrl-premiership/2022/round-22/wests-tigers-v-sharks/"
            },
            {
              "Round": "Round 22",
              "Home": "Broncos",
              "Home_Score": 28,
              "Away": "Knights",
              "Away_Score": 10,
              "Venue": "Suncorp Stadium",
              "Date": "2022-08-13T09:35:00Z",
              "Match_Centre_URL": "https://www.nrl.com/draw/nrl-premiership/2022/round-22/broncos-v-knights/"
            },
            {
              "Round": "Round 22",
              "Home": "Raiders",
              "Home_Score": 24,
              "Away": "Dragons",
              "Away_Score": 22,
              "Venue": "GIO Stadium",
              "Date": "2022-08-14T04:00:00Z",
              "Match_Centre_URL": "https://www.nrl.com/draw/nrl-premiership/2022/round-22/raiders-v-dragons/"
            },
            {
              "Round": "Round 22",
              "Home": "Titans",
              "Home_Score": 44,
              "Away": "Sea Eagles",
              "Away_Score": 24,
              "Venue": "Cbus Super Stadium",
              "Date": "2022-08-14T06:05:00Z",
              "Match_Centre_URL": "https://www.nrl.com/draw/nrl-premiership/2022/round-22/titans-v-sea-eagles/"
            }
          ]
        },
        {
          "23": [
            {
              "Round": "Round 23",
              "Home": "Rabbitohs",
              "Home_Score": 22,
              "Away": "Panthers",
              "Away_Score": 26,
              "Venue": "Accor Stadium",
              "Date": "2022-08-18T09:50:00Z",
              "Match_Centre_URL": "https://www.nrl.com/draw/nrl-premiership/2022/round-23/rabbitohs-v-panthers/"
            },
            {
              "Round": "Round 23",
              "Home": "Cowboys",
              "Home_Score": 48,
              "Away": "Warriors",
              "Away_Score": 4,
              "Venue": "Queensland Country Bank Stadium",
              "Date": "2022-08-19T08:00:00Z",
              "Match_Centre_URL": "https://www.nrl.com/draw/nrl-premiership/2022/round-23/cowboys-v-warriors/"
            },
            {
              "Round": "Round 23",
              "Home": "Broncos",
              "Home_Score": 12,
              "Away": "Storm",
              "Away_Score": 60,
              "Venue": "Suncorp Stadium",
              "Date": "2022-08-19T09:55:00Z",
              "Match_Centre_URL": "https://www.nrl.com/draw/nrl-premiership/2022/round-23/broncos-v-storm/"
            },
            {
              "Round": "Round 23",
              "Home": "Eels",
              "Home_Score": 42,
              "Away": "Bulldogs",
              "Away_Score": 6,
              "Venue": "CommBank Stadium",
              "Date": "2022-08-20T05:00:00Z",
              "Match_Centre_URL": "https://www.nrl.com/draw/nrl-premiership/2022/round-23/eels-v-bulldogs/"
            },
            {
              "Round": "Round 23",
              "Home": "Sea Eagles",
              "Home_Score": 6,
              "Away": "Sharks",
              "Away_Score": 40,
              "Venue": "4 Pines Park",
              "Date": "2022-08-20T07:30:00Z",
              "Match_Centre_URL": "https://www.nrl.com/draw/nrl-premiership/2022/round-23/sea-eagles-v-sharks/"
            },
            {
              "Round": "Round 23",
              "Home": "Roosters",
              "Home_Score": 72,
              "Away": "Wests Tigers",
              "Away_Score": 6,
              "Venue": "Sydney Cricket Ground",
              "Date": "2022-08-20T09:35:00Z",
              "Match_Centre_URL": "https://www.nrl.com/draw/nrl-premiership/2022/round-23/roosters-v-wests-tigers/"
            },
            {
              "Round": "Round 23",
              "Home": "Dragons",
              "Home_Score": 46,
              "Away": "Titans",
              "Away_Score": 26,
              "Venue": "WIN Stadium",
              "Date": "2022-08-21T04:00:00Z",
              "Match_Centre_URL": "https://www.nrl.com/draw/nrl-premiership/2022/round-23/dragons-v-titans/"
            },
            {
              "Round": "Round 23",
              "Home": "Knights",
              "Home_Score": 22,
              "Away": "Raiders",
              "Away_Score": 28,
              "Venue": "McDonald Jones Stadium",
              "Date": "2022-08-21T06:05:00Z",
              "Match_Centre_URL": "https://www.nrl.com/draw/nrl-premiership/2022/round-23/knights-v-raiders/"
            }
          ]
        },
        {
          "24": [
            {
              "Round": "Round 24",
              "Home": "Broncos",
              "Home_Score": 6,
              "Away": "Eels",
              "Away_Score": 53,
              "Venue": "Suncorp Stadium",
              "Date": "2022-08-25T09:50:00Z",
              "Match_Centre_URL": "https://www.nrl.com/draw/nrl-premiership/2022/round-24/broncos-v-eels/"
            },
            {
              "Round": "Round 24",
              "Home": "Panthers",
              "Home_Score": 46,
              "Away": "Warriors",
              "Away_Score": 12,
              "Venue": "Penrith Park",
              "Date": "2022-08-26T08:00:00Z",
              "Match_Centre_URL": "https://www.nrl.com/draw/nrl-premiership/2022/round-24/panthers-v-warriors/"
            },
            {
              "Round": "Round 24",
              "Home": "Storm",
              "Home_Score": 14,
              "Away": "Roosters",
              "Away_Score": 18,
              "Venue": "AAMI Park",
              "Date": "2022-08-26T09:55:00Z",
              "Match_Centre_URL": "https://www.nrl.com/draw/nrl-premiership/2022/round-24/storm-v-roosters/"
            },
            {
              "Round": "Round 24",
              "Home": "Raiders",
              "Home_Score": 48,
              "Away": "Sea Eagles",
              "Away_Score": 6,
              "Venue": "GIO Stadium",
              "Date": "2022-08-27T05:00:00Z",
              "Match_Centre_URL": "https://www.nrl.com/draw/nrl-premiership/2022/round-24/raiders-v-sea-eagles/"
            },
            {
              "Round": "Round 24",
              "Home": "Sharks",
              "Home_Score": 16,
              "Away": "Bulldogs",
              "Away_Score": 0,
              "Venue": "PointsBet Stadium",
              "Date": "2022-08-27T07:30:00Z",
              "Match_Centre_URL": "https://www.nrl.com/draw/nrl-premiership/2022/round-24/sharks-v-bulldogs/"
            },
            {
              "Round": "Round 24",
              "Home": "Rabbitohs",
              "Home_Score": 20,
              "Away": "Cowboys",
              "Away_Score": 10,
              "Venue": "Accor Stadium",
              "Date": "2022-08-27T09:35:00Z",
              "Match_Centre_URL": "https://www.nrl.com/draw/nrl-premiership/2022/round-24/rabbitohs-v-cowboys/"
            },
            {
              "Round": "Round 24",
              "Home": "Wests Tigers",
              "Home_Score": 22,
              "Away": "Dragons",
              "Away_Score": 24,
              "Venue": "CommBank Stadium",
              "Date": "2022-08-28T04:00:00Z",
              "Match_Centre_URL": "https://www.nrl.com/draw/nrl-premiership/2022/round-24/wests-tigers-v-dragons/"
            },
            {
              "Round": "Round 24",
              "Home": "Titans",
              "Home_Score": 36,
              "Away": "Knights",
              "Away_Score": 26,
              "Venue": "Cbus Super Stadium",
              "Date": "2022-08-28T06:05:00Z",
              "Match_Centre_URL": "https://www.nrl.com/draw/nrl-premiership/2022/round-24/titans-v-knights/"
            }
          ]
        },
        {
          "25": [
            {
              "Round": "Round 25",
              "Home": "Eels",
              "Home_Score": 22,
              "Away": "Storm",
              "Away_Score": 14,
              "Venue": "CommBank Stadium",
              "Date": "2022-09-01T09:50:00Z",
              "Match_Centre_URL": "https://www.nrl.com/draw/nrl-premiership/2022/round-25/eels-v-storm/"
            },
            {
              "Round": "Round 25",
              "Home": "Bulldogs",
              "Home_Score": 21,
              "Away": "Sea Eagles",
              "Away_Score": 20,
              "Venue": "Accor Stadium",
              "Date": "2022-09-02T08:00:00Z",
              "Match_Centre_URL": "https://www.nrl.com/draw/nrl-premiership/2022/round-25/bulldogs-v-sea-eagles/"
            },
            {
              "Round": "Round 25",
              "Home": "Roosters",
              "Home_Score": 26,
              "Away": "Rabbitohs",
              "Away_Score": 16,
              "Venue": "Allianz Stadium",
              "Date": "2022-09-02T09:55:00Z",
              "Match_Centre_URL": "https://www.nrl.com/draw/nrl-premiership/2022/round-25/roosters-v-rabbitohs/"
            },
            {
              "Round": "Round 25",
              "Home": "Warriors",
              "Home_Score": 26,
              "Away": "Titans",
              "Away_Score": 27,
              "Venue": "Go Media Stadium",
              "Date": "2022-09-03T05:00:00Z",
              "Match_Centre_URL": "https://www.nrl.com/draw/nrl-premiership/2022/round-25/warriors-v-titans/"
            },
            {
              "Round": "Round 25",
              "Home": "Dragons",
              "Home_Score": 22,
              "Away": "Broncos",
              "Away_Score": 12,
              "Venue": "Netstrata Jubilee Stadium",
              "Date": "2022-09-03T07:30:00Z",
              "Match_Centre_URL": "https://www.nrl.com/draw/nrl-premiership/2022/round-25/dragons-v-broncos/"
            },
            {
              "Round": "Round 25",
              "Home": "Cowboys",
              "Home_Score": 38,
              "Away": "Panthers",
              "Away_Score": 8,
              "Venue": "Queensland Country Bank Stadium",
              "Date": "2022-09-03T09:35:00Z",
              "Match_Centre_URL": "https://www.nrl.com/draw/nrl-premiership/2022/round-25/cowboys-v-panthers/"
            },
            {
              "Round": "Round 25",
              "Home": "Knights",
              "Home_Score": 16,
              "Away": "Sharks",
              "Away_Score": 38,
              "Venue": "McDonald Jones Stadium",
              "Date": "2022-09-04T04:00:00Z",
              "Match_Centre_URL": "https://www.nrl.com/draw/nrl-premiership/2022/round-25/knights-v-sharks/"
            },
            {
              "Round": "Round 25",
              "Home": "Wests Tigers",
              "Home_Score": 10,
              "Away": "Raiders",
              "Away_Score": 56,
              "Venue": "Leichhardt Oval",
              "Date": "2022-09-04T06:05:00Z",
              "Match_Centre_URL": "https://www.nrl.com/draw/nrl-premiership/2022/round-25/wests-tigers-v-raiders/"
            }
          ]
        },
        {
          "26": [
            {
              "Round": "Finals Week 1",
              "Home": "Panthers",
              "Home_Score": 27,
              "Away": "Eels",
              "Away_Score": 8,
              "Venue": "Penrith Park",
              "Date": "2022-09-09T09:50:00Z",
              "Match_Centre_URL": "https://www.nrl.com/draw/nrl-premiership/2022/finals-week-1/panthers-v-eels/"
            },
            {
              "Round": "Finals Week 1",
              "Home": "Storm",
              "Home_Score": 20,
              "Away": "Raiders",
              "Away_Score": 28,
              "Venue": "AAMI Park",
              "Date": "2022-09-10T07:40:00Z",
              "Match_Centre_URL": "https://www.nrl.com/draw/nrl-premiership/2022/finals-week-1/storm-v-raiders/"
            },
            {
              "Round": "Finals Week 1",
              "Home": "Sharks",
              "Home_Score": 30,
              "Away": "Cowboys",
              "Away_Score": 32,
              "Venue": "PointsBet Stadium",
              "Date": "2022-09-10T09:50:00Z",
              "Match_Centre_URL": "https://www.nrl.com/draw/nrl-premiership/2022/finals-week-1/sharks-v-cowboys/"
            },
            {
              "Round": "Finals Week 1",
              "Home": "Roosters",
              "Home_Score": 14,
              "Away": "Rabbitohs",
              "Away_Score": 30,
              "Venue": "Allianz Stadium",
              "Date": "2022-09-11T06:05:00Z",
              "Match_Centre_URL": "https://www.nrl.com/draw/nrl-premiership/2022/finals-week-1/roosters-v-rabbitohs/"
            }
          ]
        },
        {
          "27": [
            {
              "Round": "Finals Week 2",
              "Home": "Eels",
              "Home_Score": 40,
              "Away": "Raiders",
              "Away_Score": 4,
              "Venue": "CommBank Stadium",
              "Date": "2022-09-16T09:50:00Z",
              "Match_Centre_URL": "https://www.nrl.com/draw/nrl-premiership/2022/finals-week-2/eels-v-raiders/"
            },
            {
              "Round": "Finals Week 2",
              "Home": "Sharks",
              "Home_Score": 12,
              "Away": "Rabbitohs",
              "Away_Score": 38,
              "Venue": "Allianz Stadium",
              "Date": "2022-09-17T10:00:00Z",
              "Match_Centre_URL": "https://www.nrl.com/draw/nrl-premiership/2022/finals-week-2/sharks-v-rabbitohs/"
            }
          ]
        },
        {
          "28": [
            {
              "Round": "Finals Week 3",
              "Home": "Cowboys",
              "Home_Score": 20,
              "Away": "Eels",
              "Away_Score": 24,
              "Venue": "Queensland Country Bank Stadium",
              "Date": "2022-09-23T09:50:00Z",
              "Match_Centre_URL": "https://www.nrl.com/draw/nrl-premiership/2022/finals-week-3/cowboys-v-eels/"
            },
            {
              "Round": "Finals Week 3",
              "Home": "Panthers",
              "Home_Score": 32,
              "Away": "Rabbitohs",
              "Away_Score": 12,
              "Venue": "Accor Stadium",
              "Date": "2022-09-24T09:50:00Z",
              "Match_Centre_URL": "https://www.nrl.com/draw/nrl-premiership/2022/finals-week-3/panthers-v-rabbitohs/"
            }
          ]
        },
        {
          "29": [
            {
              "Round": "Grand Final",
              "Home": "Panthers",
              "Home_Score": 28,
              "Away": "Eels",
              "Away_Score": 12,
              "Venue": "Accor Stadium",
              "Date": "2022-10-02T08:30:00Z",
              "Match_Centre_URL": "https://www.nrl.com/draw/nrl-premiership/2022/grand-final/panthers-v-eels/"
            }
          ]
        },
        {
          "30": [
            {
              "Round": "Grand Final",
              "Home": "Panthers",
              "Home_Score": 28,
              "Away": "Eels",
              "Away_Score": 12,
              "Venue": "Accor Stadium",
              "Date": "2022-10-02T08:30:00Z",
              "Match_Centre_URL": "https://www.nrl.com/draw/nrl-premiership/2022/grand-final/panthers-v-eels/"
            }
          ]
        },
        {
          "31": [
            {
              "Round": "Grand Final",
              "Home": "Panthers",
              "Home_Score": 28,
              "Away": "Eels",
              "Away_Score": 12,
              "Venue": "Accor Stadium",
              "Date": "2022-10-02T08:30:00Z",
              "Match_Centre_URL": "https://www.nrl.com/draw/nrl-premiership/2022/grand-final/panthers-v-eels/"
            }
          ]
        },
        {
          "32": [
            {
              "Round": "Grand Final",
              "Home": "Panthers",
              "Home_Score": 28,
              "Away": "Eels",
              "Away_Score": 12,
              "Venue": "Accor Stadium",
              "Date": "2022-10-02T08:30:00Z",
              "Match_Centre_URL": "https://www.nrl.com/draw/nrl-premiership/2022/grand-final/panthers-v-eels/"
            }
          ]
        },
        {
          "33": [
            {
              "Round": "Grand Final",
              "Home": "Panthers",
              "Home_Score": 28,
              "Away": "Eels",
              "Away_Score": 12,
              "Venue": "Accor Stadium",
              "Date": "2022-10-02T08:30:00Z",
              "Match_Centre_URL": "https://www.nrl.com/draw/nrl-premiership/2022/grand-final/panthers-v-eels/"
            }
          ]
        }
      ]
    }
  ]
}