{
  "NRL": [
    {
      "2021": [
        {
          "1": [
            {
              "Round": "Round 1",
              "Home": "Storm",
              "Home_Score": 26,
              "Away": "Rabbitohs",
              "Away_Score": 18,
              "Venue": "AAMI Park",
              "Date": "2021-03-11T09:05:00Z",
              "Match_Centre_URL": "https://www.nrl.com/draw/nrl-premiership/2021/round-1/storm-v-rabbitohs/"
            },
            {
              "Round": "Round 1",
              "Home": "Knights",
              "Home_Score": 32,
              "Away": "Bulldogs",
              "Away_Score": 16,
              "Venue": "McDonald Jones Stadium",
              "Date": "2021-03-12T07:00:00Z",
              "Match_Centre_URL": "https://www.nrl.com/draw/nrl-premiership/2021/round-1/knights-v-bulldogs/"
            },
            {
              "Round": "Round 1",
              "Home": "Broncos",
              "Home_Score": 16,
              "Away": "Eels",
              "Away_Score": 24,
              "Venue": "Suncorp Stadium",
              "Date": "2021-03-12T09:05:00Z",
              "Match_Centre_URL": "https://www.nrl.com/draw/nrl-premiership/2021/round-1/broncos-v-eels/"
            },
            {
              "Round": "Round 1",
              "Home": "Warriors",
              "Home_Score": 19,
              "Away": "Titans",
              "Away_Score": 6,
              "Venue": "Industree Group Stadium",
              "Date": "2021-03-13T04:00:00Z",
              "Match_Centre_URL": "https://www.nrl.com/draw/nrl-premiership/2021/round-1/warriors-v-titans/"
            },
            {
              "Round": "Round 1",
              "Home": "Roosters",
              "Home_Score": 46,
              "Away": "Sea Eagles",
              "Away_Score": 4,
              "Venue": "Sydney Cricket Ground",
              "Date": "2021-03-13T06:30:00Z",
              "Match_Centre_URL": "https://www.nrl.com/draw/nrl-premiership/2021/round-1/roosters-v-sea-eagles/"
            },
            {
              "Round": "Round 1",
              "Home": "Panthers",
              "Home_Score": 24,
              "Away": "Cowboys",
              "Away_Score": 0,
              "Venue": "BlueBet Stadium",
              "Date": "2021-03-13T08:35:00Z",
              "Match_Centre_URL": "https://www.nrl.com/draw/nrl-premiership/2021/round-1/panthers-v-cowboys/"
            },
            {
              "Round": "Round 1",
              "Home": "Raiders",
              "Home_Score": 30,
              "Away": "Wests Tigers",
              "Away_Score": 12,
              "Venue": "GIO Stadium",
              "Date": "2021-03-14T05:05:00Z",
              "Match_Centre_URL": "https://www.nrl.com/draw/nrl-premiership/2021/round-1/raiders-v-wests-tigers/"
            },
            {
              "Round": "Round 1",
              "Home": "Dragons",
              "Home_Score": 18,
              "Away": "Sharks",
              "Away_Score": 32,
              "Venue": "Netstrata Jubilee Stadium",
              "Date": "2021-03-14T07:15:00Z",
              "Match_Centre_URL": "https://www.nrl.com/draw/nrl-premiership/2021/round-1/dragons-v-sharks/"
            }
          ]
        },
        {
          "2": [
            {
              "Round": "Round 2",
              "Home": "Eels",
              "Home_Score": 16,
              "Away": "Storm",
              "Away_Score": 12,
              "Venue": "CommBank Stadium",
              "Date": "2021-03-18T09:05:00Z",
              "Match_Centre_URL": "https://www.nrl.com/draw/nrl-premiership/2021/round-2/eels-v-storm/"
            },
            {
              "Round": "Round 2",
              "Home": "Warriors",
              "Home_Score": 16,
              "Away": "Knights",
              "Away_Score": 20,
              "Venue": "Industree Group Stadium",
              "Date": "2021-03-19T07:00:00Z",
              "Match_Centre_URL": "https://www.nrl.com/draw/nrl-premiership/2021/round-2/warriors-v-knights/"
            },
            {
              "Round": "Round 2",
              "Home": "Titans",
              "Home_Score": 28,
              "Away": "Broncos",
              "Away_Score": 16,
              "Venue": "Cbus Super Stadium",
              "Date": "2021-03-19T09:05:00Z",
              "Match_Centre_URL": "https://www.nrl.com/draw/nrl-premiership/2021/round-2/titans-v-broncos/"
            },
            {
              "Round": "Round 2",
              "Home": "Bulldogs",
              "Home_Score": 0,
              "Away": "Panthers",
              "Away_Score": 28,
              "Venue": "CommBank Stadium",
              "Date": "2021-03-20T04:00:00Z",
              "Match_Centre_URL": "https://www.nrl.com/draw/nrl-premiership/2021/round-2/bulldogs-v-panthers/"
            },
            {
              "Round": "Round 2",
              "Home": "Sea Eagles",
              "Home_Score": 12,
              "Away": "Rabbitohs",
              "Away_Score": 26,
              "Venue": "4 Pines Park",
              "Date": "2021-03-20T06:30:00Z",
              "Match_Centre_URL": "https://www.nrl.com/draw/nrl-premiership/2021/round-2/sea-eagles-v-rabbitohs/"
            },
            {
              "Round": "Round 2",
              "Home": "Cowboys",
              "Home_Score": 18,
              "Away": "Dragons",
              "Away_Score": 25,
              "Venue": "Queensland Country Bank Stadium",
              "Date": "2021-03-20T08:35:00Z",
              "Match_Centre_URL": "https://www.nrl.com/draw/nrl-premiership/2021/round-2/cowboys-v-dragons/"
            },
            {
              "Round": "Round 2",
              "Home": "Wests Tigers",
              "Home_Score": 6,
              "Away": "Roosters",
              "Away_Score": 40,
              "Venue": "Campbelltown Sports Stadium",
              "Date": "2021-03-21T05:05:00Z",
              "Match_Centre_URL": "https://www.nrl.com/draw/nrl-premiership/2021/round-2/wests-tigers-v-roosters/"
            },
            {
              "Round": "Round 2",
              "Home": "Sharks",
              "Home_Score": 10,
              "Away": "Raiders",
              "Away_Score": 12,
              "Venue": "Netstrata Jubilee Stadium",
              "Date": "2021-03-21T07:15:00Z",
              "Match_Centre_URL": "https://www.nrl.com/draw/nrl-premiership/2021/round-2/sharks-v-raiders/"
            }
          ]
        },
        {
          "3": [
            {
              "Round": "Round 3",
              "Home": "Panthers",
              "Home_Score": 12,
              "Away": "Storm",
              "Away_Score": 10,
              "Venue": "BlueBet Stadium",
              "Date": "2021-03-25T09:05:00Z",
              "Match_Centre_URL": "https://www.nrl.com/draw/nrl-premiership/2021/round-3/panthers-v-storm/"
            },
            {
              "Round": "Round 3",
              "Home": "Dragons",
              "Home_Score": 38,
              "Away": "Sea Eagles",
              "Away_Score": 12,
              "Venue": "WIN Stadium",
              "Date": "2021-03-26T07:00:00Z",
              "Match_Centre_URL": "https://www.nrl.com/draw/nrl-premiership/2021/round-3/dragons-v-sea-eagles/"
            },
            {
              "Round": "Round 3",
              "Home": "Rabbitohs",
              "Home_Score": 26,
              "Away": "Roosters",
              "Away_Score": 16,
              "Venue": "Accor Stadium",
              "Date": "2021-03-26T09:05:00Z",
              "Match_Centre_URL": "https://www.nrl.com/draw/nrl-premiership/2021/round-3/rabbitohs-v-roosters/"
            },
            {
              "Round": "Round 3",
              "Home": "Raiders",
              "Home_Score": 31,
              "Away": "Warriors",
              "Away_Score": 34,
              "Venue": "GIO Stadium",
              "Date": "2021-03-27T04:00:00Z",
              "Match_Centre_URL": "https://www.nrl.com/draw/nrl-premiership/2021/round-3/raiders-v-warriors/"
            },
            {
              "Round": "Round 3",
              "Home": "Broncos",
              "Home_Score": 24,
              "Away": "Bulldogs",
              "Away_Score": 0,
              "Venue": "Suncorp Stadium",
              "Date": "2021-03-27T06:30:00Z",
              "Match_Centre_URL": "https://www.nrl.com/draw/nrl-premiership/2021/round-3/broncos-v-bulldogs/"
            },
            {
              "Round": "Round 3",
              "Home": "Eels",
              "Home_Score": 28,
              "Away": "Sharks",
              "Away_Score": 4,
              "Venue": "CommBank Stadium",
              "Date": "2021-03-27T08:35:00Z",
              "Match_Centre_URL": "https://www.nrl.com/draw/nrl-premiership/2021/round-3/eels-v-sharks/"
            },
            {
              "Round": "Round 3",
              "Home": "Knights",
              "Home_Score": 20,
              "Away": "Wests Tigers",
              "Away_Score": 24,
              "Venue": "McDonald Jones Stadium",
              "Date": "2021-03-28T05:05:00Z",
              "Match_Centre_URL": "https://www.nrl.com/draw/nrl-premiership/2021/round-3/knights-v-wests-tigers/"
            },
            {
              "Round": "Round 3",
              "Home": "Cowboys",
              "Home_Score": 8,
              "Away": "Titans",
              "Away_Score": 44,
              "Venue": "Queensland Country Bank Stadium",
              "Date": "2021-03-28T07:15:00Z",
              "Match_Centre_URL": "https://www.nrl.com/draw/nrl-premiership/2021/round-3/cowboys-v-titans/"
            }
          ]
        },
        {
          "4": [
            {
              "Round": "Round 4",
              "Home": "Sea Eagles",
              "Home_Score": 6,
              "Away": "Panthers",
              "Away_Score": 46,
              "Venue": "4 Pines Park",
              "Date": "2021-04-01T09:05:00Z",
              "Match_Centre_URL": "https://www.nrl.com/draw/nrl-premiership/2021/round-4/sea-eagles-v-panthers/"
            },
            {
              "Round": "Round 4",
              "Home": "Bulldogs",
              "Home_Score": 0,
              "Away": "Rabbitohs",
              "Away_Score": 38,
              "Venue": "Accor Stadium",
              "Date": "2021-04-02T05:05:00Z",
              "Match_Centre_URL": "https://www.nrl.com/draw/nrl-premiership/2021/round-4/bulldogs-v-rabbitohs/"
            },
            {
              "Round": "Round 4",
              "Home": "Storm",
              "Home_Score": 40,
              "Away": "Broncos",
              "Away_Score": 6,
              "Venue": "AAMI Park",
              "Date": "2021-04-02T09:05:00Z",
              "Match_Centre_URL": "https://www.nrl.com/draw/nrl-premiership/2021/round-4/storm-v-broncos/"
            },
            {
              "Round": "Round 4",
              "Home": "Sharks",
              "Home_Score": 48,
              "Away": "Cowboys",
              "Away_Score": 10,
              "Venue": "Netstrata Jubilee Stadium",
              "Date": "2021-04-03T06:15:00Z",
              "Match_Centre_URL": "https://www.nrl.com/draw/nrl-premiership/2021/round-4/sharks-v-cowboys/"
            },
            {
              "Round": "Round 4",
              "Home": "Titans",
              "Home_Score": 4,
              "Away": "Raiders",
              "Away_Score": 20,
              "Venue": "Netstrata Jubilee Stadium",
              "Date": "2021-04-03T08:45:00Z",
              "Match_Centre_URL": "https://www.nrl.com/draw/nrl-premiership/2021/round-4/titans-v-raiders/"
            },
            {
              "Round": "Round 4",
              "Home": "Knights",
              "Home_Score": 13,
              "Away": "Dragons",
              "Away_Score": 22,
              "Venue": "McDonald Jones Stadium",
              "Date": "2021-04-04T06:05:00Z",
              "Match_Centre_URL": "https://www.nrl.com/draw/nrl-premiership/2021/round-4/knights-v-dragons/"
            },
            {
              "Round": "Round 4",
              "Home": "Roosters",
              "Home_Score": 32,
              "Away": "Warriors",
              "Away_Score": 12,
              "Venue": "Sydney Cricket Ground",
              "Date": "2021-04-04T08:15:00Z",
              "Match_Centre_URL": "https://www.nrl.com/draw/nrl-premiership/2021/round-4/roosters-v-warriors/"
            },
            {
              "Round": "Round 4",
              "Home": "Wests Tigers",
              "Home_Score": 22,
              "Away": "Eels",
              "Away_Score": 36,
              "Venue": "Accor Stadium",
              "Date": "2021-04-05T06:00:00Z",
              "Match_Centre_URL": "https://www.nrl.com/draw/nrl-premiership/2021/round-4/wests-tigers-v-eels/"
            }
          ]
        },
        {
          "5": [
            {
              "Round": "Round 5",
              "Home": "Rabbitohs",
              "Home_Score": 35,
              "Away": "Broncos",
              "Away_Score": 6,
              "Venue": "Accor Stadium",
              "Date": "2021-04-08T09:50:00Z",
              "Match_Centre_URL": "https://www.nrl.com/draw/nrl-premiership/2021/round-5/rabbitohs-v-broncos/"
            },
            {
              "Round": "Round 5",
              "Home": "Warriors",
              "Home_Score": 12,
              "Away": "Sea Eagles",
              "Away_Score": 13,
              "Venue": "Industree Group Stadium",
              "Date": "2021-04-09T08:00:00Z",
              "Match_Centre_URL": "https://www.nrl.com/draw/nrl-premiership/2021/round-5/warriors-v-sea-eagles/"
            },
            {
              "Round": "Round 5",
              "Home": "Panthers",
              "Home_Score": 30,
              "Away": "Raiders",
              "Away_Score": 10,
              "Venue": "BlueBet Stadium",
              "Date": "2021-04-09T09:55:00Z",
              "Match_Centre_URL": "https://www.nrl.com/draw/nrl-premiership/2021/round-5/panthers-v-raiders/"
            },
            {
              "Round": "Round 5",
              "Home": "Titans",
              "Home_Score": 42,
              "Away": "Knights",
              "Away_Score": 16,
              "Venue": "Cbus Super Stadium",
              "Date": "2021-04-10T05:00:00Z",
              "Match_Centre_URL": "https://www.nrl.com/draw/nrl-premiership/2021/round-5/titans-v-knights/"
            },
            {
              "Round": "Round 5",
              "Home": "Bulldogs",
              "Home_Score": 18,
              "Away": "Storm",
              "Away_Score": 52,
              "Venue": "Accor Stadium",
              "Date": "2021-04-10T07:30:00Z",
              "Match_Centre_URL": "https://www.nrl.com/draw/nrl-premiership/2021/round-5/bulldogs-v-storm/"
            },
            {
              "Round": "Round 5",
              "Home": "Roosters",
              "Home_Score": 26,
              "Away": "Sharks",
              "Away_Score": 18,
              "Venue": "Sydney Cricket Ground",
              "Date": "2021-04-10T09:35:00Z",
              "Match_Centre_URL": "https://www.nrl.com/draw/nrl-premiership/2021/round-5/roosters-v-sharks/"
            },
            {
              "Round": "Round 5",
              "Home": "Wests Tigers",
              "Home_Score": 30,
              "Away": "Cowboys",
              "Away_Score": 34,
              "Venue": "Leichhardt Oval",
              "Date": "2021-04-11T06:05:00Z",
              "Match_Centre_URL": "https://www.nrl.com/draw/nrl-premiership/2021/round-5/wests-tigers-v-cowboys/"
            },
            {
              "Round": "Round 5",
              "Home": "Eels",
              "Home_Score": 12,
              "Away": "Dragons",
              "Away_Score": 26,
              "Venue": "CommBank Stadium",
              "Date": "2021-04-11T08:15:00Z",
              "Match_Centre_URL": "https://www.nrl.com/draw/nrl-premiership/2021/round-5/eels-v-dragons/"
            }
          ]
        },
        {
          "6": [
            {
              "Round": "Round 6",
              "Home": "Broncos",
              "Home_Score": 12,
              "Away": "Panthers",
              "Away_Score": 20,
              "Venue": "Suncorp Stadium",
              "Date": "2021-04-15T09:50:00Z",
              "Match_Centre_URL": "https://www.nrl.com/draw/nrl-premiership/2021/round-6/broncos-v-panthers/"
            },
            {
              "Round": "Round 6",
              "Home": "Knights",
              "Home_Score": 26,
              "Away": "Sharks",
              "Away_Score": 22,
              "Venue": "McDonald Jones Stadium",
              "Date": "2021-04-16T08:00:00Z",
              "Match_Centre_URL": "https://www.nrl.com/draw/nrl-premiership/2021/round-6/knights-v-sharks/"
            },
            {
              "Round": "Round 6",
              "Home": "Storm",
              "Home_Score": 20,
              "Away": "Roosters",
              "Away_Score": 4,
              "Venue": "AAMI Park",
              "Date": "2021-04-16T09:55:00Z",
              "Match_Centre_URL": "https://www.nrl.com/draw/nrl-premiership/2021/round-6/storm-v-roosters/"
            },
            {
              "Round": "Round 6",
              "Home": "Sea Eagles",
              "Home_Score": 36,
              "Away": "Titans",
              "Away_Score": 0,
              "Venue": "Glen Willow Oval",
              "Date": "2021-04-17T05:00:00Z",
              "Match_Centre_URL": "https://www.nrl.com/draw/nrl-premiership/2021/round-6/sea-eagles-v-titans/"
            },
            {
              "Round": "Round 6",
              "Home": "Rabbitohs",
              "Home_Score": 18,
              "Away": "Wests Tigers",
              "Away_Score": 14,
              "Venue": "Accor Stadium",
              "Date": "2021-04-17T07:30:00Z",
              "Match_Centre_URL": "https://www.nrl.com/draw/nrl-premiership/2021/round-6/rabbitohs-v-wests-tigers/"
            },
            {
              "Round": "Round 6",
              "Home": "Raiders",
              "Home_Score": 10,
              "Away": "Eels",
              "Away_Score": 35,
              "Venue": "GIO Stadium",
              "Date": "2021-04-17T09:35:00Z",
              "Match_Centre_URL": "https://www.nrl.com/draw/nrl-premiership/2021/round-6/raiders-v-eels/"
            },
            {
              "Round": "Round 6",
              "Home": "Dragons",
              "Home_Score": 14,
              "Away": "Warriors",
              "Away_Score": 20,
              "Venue": "Netstrata Jubilee Stadium",
              "Date": "2021-04-18T04:00:00Z",
              "Match_Centre_URL": "https://www.nrl.com/draw/nrl-premiership/2021/round-6/dragons-v-warriors/"
            },
            {
              "Round": "Round 6",
              "Home": "Cowboys",
              "Home_Score": 30,
              "Away": "Bulldogs",
              "Away_Score": 18,
              "Venue": "Queensland Country Bank Stadium",
              "Date": "2021-04-18T06:05:00Z",
              "Match_Centre_URL": "https://www.nrl.com/draw/nrl-premiership/2021/round-6/cowboys-v-bulldogs/"
            }
          ]
        },
        {
          "7": [
            {
              "Round": "Round 7",
              "Home": "Panthers",
              "Home_Score": 24,
              "Away": "Knights",
              "Away_Score": 6,
              "Venue": "BlueBet Stadium",
              "Date": "2021-04-22T09:50:00Z",
              "Match_Centre_URL": "https://www.nrl.com/draw/nrl-premiership/2021/round-7/panthers-v-knights/"
            },
            {
              "Round": "Round 7",
              "Home": "Titans",
              "Home_Score": 30,
              "Away": "Rabbitohs",
              "Away_Score": 40,
              "Venue": "Cbus Super Stadium",
              "Date": "2021-04-23T08:00:00Z",
              "Match_Centre_URL": "https://www.nrl.com/draw/nrl-premiership/2021/round-7/titans-v-rabbitohs/"
            },
            {
              "Round": "Round 7",
              "Home": "Eels",
              "Home_Score": 46,
              "Away": "Broncos",
              "Away_Score": 6,
              "Venue": "TIO Stadium",
              "Date": "2021-04-23T09:55:00Z",
              "Match_Centre_URL": "https://www.nrl.com/draw/nrl-premiership/2021/round-7/eels-v-broncos/"
            },
            {
              "Round": "Round 7",
              "Home": "Sharks",
              "Home_Score": 12,
              "Away": "Bulldogs",
              "Away_Score": 18,
              "Venue": "Netstrata Jubilee Stadium",
              "Date": "2021-04-24T07:30:00Z",
              "Match_Centre_URL": "https://www.nrl.com/draw/nrl-premiership/2021/round-7/sharks-v-bulldogs/"
            },
            {
              "Round": "Round 7",
              "Home": "Cowboys",
              "Home_Score": 26,
              "Away": "Raiders",
              "Away_Score": 24,
              "Venue": "Queensland Country Bank Stadium",
              "Date": "2021-04-24T09:35:00Z",
              "Match_Centre_URL": "https://www.nrl.com/draw/nrl-premiership/2021/round-7/cowboys-v-raiders/"
            },
            {
              "Round": "Round 7",
              "Home": "Wests Tigers",
              "Home_Score": 6,
              "Away": "Sea Eagles",
              "Away_Score": 40,
              "Venue": "CommBank Stadium",
              "Date": "2021-04-25T03:45:00Z",
              "Match_Centre_URL": "https://www.nrl.com/draw/nrl-premiership/2021/round-7/wests-tigers-v-sea-eagles/"
            },
            {
              "Round": "Round 7",
              "Home": "Roosters",
              "Home_Score": 34,
              "Away": "Dragons",
              "Away_Score": 10,
              "Venue": "Sydney Cricket Ground",
              "Date": "2021-04-25T06:05:00Z",
              "Match_Centre_URL": "https://www.nrl.com/draw/nrl-premiership/2021/round-7/roosters-v-dragons/"
            },
            {
              "Round": "Round 7",
              "Home": "Storm",
              "Home_Score": 42,
              "Away": "Warriors",
              "Away_Score": 20,
              "Venue": "AAMI Park",
              "Date": "2021-04-25T08:15:00Z",
              "Match_Centre_URL": "https://www.nrl.com/draw/nrl-premiership/2021/round-7/storm-v-warriors/"
            }
          ]
        },
        {
          "8": [
            {
              "Round": "Round 8",
              "Home": "Raiders",
              "Home_Score": 20,
              "Away": "Rabbitohs",
              "Away_Score": 34,
              "Venue": "GIO Stadium",
              "Date": "2021-04-29T09:50:00Z",
              "Match_Centre_URL": "https://www.nrl.com/draw/nrl-premiership/2021/round-8/raiders-v-rabbitohs/"
            },
            {
              "Round": "Round 8",
              "Home": "Storm",
              "Home_Score": 40,
              "Away": "Sharks",
              "Away_Score": 14,
              "Venue": "AAMI Park",
              "Date": "2021-04-30T08:00:00Z",
              "Match_Centre_URL": "https://www.nrl.com/draw/nrl-premiership/2021/round-8/storm-v-sharks/"
            },
            {
              "Round": "Round 8",
              "Home": "Broncos",
              "Home_Score": 36,
              "Away": "Titans",
              "Away_Score": 28,
              "Venue": "Suncorp Stadium",
              "Date": "2021-04-30T09:55:00Z",
              "Match_Centre_URL": "https://www.nrl.com/draw/nrl-premiership/2021/round-8/broncos-v-titans/"
            },
            {
              "Round": "Round 8",
              "Home": "Panthers",
              "Home_Score": 28,
              "Away": "Sea Eagles",
              "Away_Score": 16,
              "Venue": "Carrington Park",
              "Date": "2021-05-01T05:00:00Z",
              "Match_Centre_URL": "https://www.nrl.com/draw/nrl-premiership/2021/round-8/panthers-v-sea-eagles/"
            },
            {
              "Round": "Round 8",
              "Home": "Bulldogs",
              "Home_Score": 10,
              "Away": "Eels",
              "Away_Score": 32,
              "Venue": "Accor Stadium",
              "Date": "2021-05-01T07:30:00Z",
              "Match_Centre_URL": "https://www.nrl.com/draw/nrl-premiership/2021/round-8/bulldogs-v-eels/"
            },
            {
              "Round": "Round 8",
              "Home": "Knights",
              "Home_Score": 4,
              "Away": "Roosters",
              "Away_Score": 38,
              "Venue": "McDonald Jones Stadium",
              "Date": "2021-05-01T09:35:00Z",
              "Match_Centre_URL": "https://www.nrl.com/draw/nrl-premiership/2021/round-8/knights-v-roosters/"
            },
            {
              "Round": "Round 8",
              "Home": "Warriors",
              "Home_Score": 24,
              "Away": "Cowboys",
              "Away_Score": 20,
              "Venue": "Industree Group Stadium",
              "Date": "2021-05-02T04:00:00Z",
              "Match_Centre_URL": "https://www.nrl.com/draw/nrl-premiership/2021/round-8/warriors-v-cowboys/"
            },
            {
              "Round": "Round 8",
              "Home": "Dragons",
              "Home_Score": 8,
              "Away": "Wests Tigers",
              "Away_Score": 16,
              "Venue": "WIN Stadium",
              "Date": "2021-05-02T06:05:00Z",
              "Match_Centre_URL": "https://www.nrl.com/draw/nrl-premiership/2021/round-8/dragons-v-wests-tigers/"
            }
          ]
        },
        {
          "9": [
            {
              "Round": "Round 9",
              "Home": "Rabbitohs",
              "Home_Score": 0,
              "Away": "Storm",
              "Away_Score": 50,
              "Venue": "Accor Stadium",
              "Date": "2021-05-06T09:50:00Z",
              "Match_Centre_URL": "https://www.nrl.com/draw/nrl-premiership/2021/round-9/rabbitohs-v-storm/"
            },
            {
              "Round": "Round 9",
              "Home": "Panthers",
              "Home_Score": 48,
              "Away": "Sharks",
              "Away_Score": 0,
              "Venue": "BlueBet Stadium",
              "Date": "2021-05-07T08:00:00Z",
              "Match_Centre_URL": "https://www.nrl.com/draw/nrl-premiership/2021/round-9/panthers-v-sharks/"
            },
            {
              "Round": "Round 9",
              "Home": "Eels",
              "Home_Score": 31,
              "Away": "Roosters",
              "Away_Score": 18,
              "Venue": "CommBank Stadium",
              "Date": "2021-05-07T09:55:00Z",
              "Match_Centre_URL": "https://www.nrl.com/draw/nrl-premiership/2021/round-9/eels-v-roosters/"
            },
            {
              "Round": "Round 9",
              "Home": "Raiders",
              "Home_Score": 16,
              "Away": "Knights",
              "Away_Score": 24,
              "Venue": "McDonalds Park",
              "Date": "2021-05-08T05:00:00Z",
              "Match_Centre_URL": "https://www.nrl.com/draw/nrl-premiership/2021/round-9/raiders-v-knights/"
            },
            {
              "Round": "Round 9",
              "Home": "Wests Tigers",
              "Home_Score": 28,
              "Away": "Titans",
              "Away_Score": 36,
              "Venue": "Campbelltown Sports Stadium",
              "Date": "2021-05-08T07:30:00Z",
              "Match_Centre_URL": "https://www.nrl.com/draw/nrl-premiership/2021/round-9/wests-tigers-v-titans/"
            },
            {
              "Round": "Round 9",
              "Home": "Cowboys",
              "Home_Score": 19,
              "Away": "Broncos",
              "Away_Score": 18,
              "Venue": "Queensland Country Bank Stadium",
              "Date": "2021-05-08T09:35:00Z",
              "Match_Centre_URL": "https://www.nrl.com/draw/nrl-premiership/2021/round-9/cowboys-v-broncos/"
            },
            {
              "Round": "Round 9",
              "Home": "Sea Eagles",
              "Home_Score": 38,
              "Away": "Warriors",
              "Away_Score": 32,
              "Venue": "4 Pines Park",
              "Date": "2021-05-09T04:00:00Z",
              "Match_Centre_URL": "https://www.nrl.com/draw/nrl-premiership/2021/round-9/sea-eagles-v-warriors/"
            },
            {
              "Round": "Round 9",
              "Home": "Dragons",
              "Home_Score": 32,
              "Away": "Bulldogs",
              "Away_Score": 12,
              "Venue": "Netstrata Jubilee Stadium",
              "Date": "2021-05-09T06:05:00Z",
              "Match_Centre_URL": "https://www.nrl.com/draw/nrl-premiership/2021/round-9/dragons-v-bulldogs/"
            }
          ]
        },
        {
          "10": [
            {
              "Round": "Round 10",
              "Home": "Wests Tigers",
              "Home_Score": 36,
              "Away": "Knights",
              "Away_Score": 18,
              "Venue": "Suncorp Stadium",
              "Date": "2021-05-14T08:00:00Z",
              "Match_Centre_URL": "https://www.nrl.com/draw/nrl-premiership/2021/round-10/wests-tigers-v-knights/"
            },
            {
              "Round": "Round 10",
              "Home": "Sea Eagles",
              "Home_Score": 50,
              "Away": "Broncos",
              "Away_Score": 6,
              "Venue": "Suncorp Stadium",
              "Date": "2021-05-14T10:05:00Z",
              "Match_Centre_URL": "https://www.nrl.com/draw/nrl-premiership/2021/round-10/sea-eagles-v-broncos/"
            },
            {
              "Round": "Round 10",
              "Home": "Bulldogs",
              "Home_Score": 18,
              "Away": "Raiders",
              "Away_Score": 20,
              "Venue": "Suncorp Stadium",
              "Date": "2021-05-15T05:00:00Z",
              "Match_Centre_URL": "https://www.nrl.com/draw/nrl-premiership/2021/round-10/bulldogs-v-raiders/"
            },
            {
              "Round": "Round 10",
              "Home": "Sharks",
              "Home_Score": 22,
              "Away": "Rabbitohs",
              "Away_Score": 32,
              "Venue": "Suncorp Stadium",
              "Date": "2021-05-15T07:30:00Z",
              "Match_Centre_URL": "https://www.nrl.com/draw/nrl-premiership/2021/round-10/sharks-v-rabbitohs/"
            },
            {
              "Round": "Round 10",
              "Home": "Roosters",
              "Home_Score": 30,
              "Away": "Cowboys",
              "Away_Score": 16,
              "Venue": "Suncorp Stadium",
              "Date": "2021-05-15T09:45:00Z",
              "Match_Centre_URL": "https://www.nrl.com/draw/nrl-premiership/2021/round-10/roosters-v-cowboys/"
            },
            {
              "Round": "Round 10",
              "Home": "Warriors",
              "Home_Score": 18,
              "Away": "Eels",
              "Away_Score": 34,
              "Venue": "Suncorp Stadium",
              "Date": "2021-05-16T03:50:00Z",
              "Match_Centre_URL": "https://www.nrl.com/draw/nrl-premiership/2021/round-10/warriors-v-eels/"
            },
            {
              "Round": "Round 10",
              "Home": "Storm",
              "Home_Score": 44,
              "Away": "Dragons",
              "Away_Score": 18,
              "Venue": "Suncorp Stadium",
              "Date": "2021-05-16T06:05:00Z",
              "Match_Centre_URL": "https://www.nrl.com/draw/nrl-premiership/2021/round-10/storm-v-dragons/"
            },
            {
              "Round": "Round 10",
              "Home": "Titans",
              "Home_Score": 12,
              "Away": "Panthers",
              "Away_Score": 48,
              "Venue": "Suncorp Stadium",
              "Date": "2021-05-16T08:25:00Z",
              "Match_Centre_URL": "https://www.nrl.com/draw/nrl-premiership/2021/round-10/titans-v-panthers/"
            }
          ]
        },
        {
          "11": [
            {
              "Round": "Round 11",
              "Home": "Cowboys",
              "Home_Score": 36,
              "Away": "Knights",
              "Away_Score": 20,
              "Venue": "Queensland Country Bank Stadium",
              "Date": "2021-05-20T09:50:00Z",
              "Match_Centre_URL": "https://www.nrl.com/draw/nrl-premiership/2021/round-11/cowboys-v-knights/"
            },
            {
              "Round": "Round 11",
              "Home": "Warriors",
              "Home_Score": 30,
              "Away": "Wests Tigers",
              "Away_Score": 26,
              "Venue": "Industree Group Stadium",
              "Date": "2021-05-21T08:00:00Z",
              "Match_Centre_URL": "https://www.nrl.com/draw/nrl-premiership/2021/round-11/warriors-v-wests-tigers/"
            },
            {
              "Round": "Round 11",
              "Home": "Sharks",
              "Home_Score": 13,
              "Away": "Dragons",
              "Away_Score": 12,
              "Venue": "Netstrata Jubilee Stadium",
              "Date": "2021-05-21T09:55:00Z",
              "Match_Centre_URL": "https://www.nrl.com/draw/nrl-premiership/2021/round-11/sharks-v-dragons/"
            },
            {
              "Round": "Round 11",
              "Home": "Titans",
              "Home_Score": 30,
              "Away": "Bulldogs",
              "Away_Score": 20,
              "Venue": "Cbus Super Stadium",
              "Date": "2021-05-22T05:00:00Z",
              "Match_Centre_URL": "https://www.nrl.com/draw/nrl-premiership/2021/round-11/titans-v-bulldogs/"
            },
            {
              "Round": "Round 11",
              "Home": "Roosters",
              "Home_Score": 16,
              "Away": "Broncos",
              "Away_Score": 34,
              "Venue": "Sydney Cricket Ground*",
              "Date": "2021-05-22T07:30:00Z",
              "Match_Centre_URL": "https://www.nrl.com/draw/nrl-premiership/2021/round-11/roosters-v-broncos/"
            },
            {
              "Round": "Round 11",
              "Home": "Raiders",
              "Home_Score": 10,
              "Away": "Storm",
              "Away_Score": 34,
              "Venue": "GIO Stadium",
              "Date": "2021-05-22T09:35:00Z",
              "Match_Centre_URL": "https://www.nrl.com/draw/nrl-premiership/2021/round-11/raiders-v-storm/"
            },
            {
              "Round": "Round 11",
              "Home": "Rabbitohs",
              "Home_Score": 12,
              "Away": "Panthers",
              "Away_Score": 56,
              "Venue": "Apex Oval",
              "Date": "2021-05-23T04:00:00Z",
              "Match_Centre_URL": "https://www.nrl.com/draw/nrl-premiership/2021/round-11/rabbitohs-v-panthers/"
            },
            {
              "Round": "Round 11",
              "Home": "Eels",
              "Home_Score": 6,
              "Away": "Sea Eagles",
              "Away_Score": 28,
              "Venue": "CommBank Stadium",
              "Date": "2021-05-23T06:05:00Z",
              "Match_Centre_URL": "https://www.nrl.com/draw/nrl-premiership/2021/round-11/eels-v-sea-eagles/"
            }
          ]
        },
        {
          "12": [
            {
              "Round": "Round 12",
              "Home": "Broncos",
              "Home_Score": 12,
              "Away": "Storm",
              "Away_Score": 40,
              "Venue": "Suncorp Stadium",
              "Date": "2021-05-27T09:50:00Z",
              "Match_Centre_URL": "https://www.nrl.com/draw/nrl-premiership/2021/round-12/broncos-v-storm/"
            },
            {
              "Round": "Round 12",
              "Home": "Cowboys",
              "Home_Score": 29,
              "Away": "Warriors",
              "Away_Score": 28,
              "Venue": "Queensland Country Bank Stadium",
              "Date": "2021-05-28T08:00:00Z",
              "Match_Centre_URL": "https://www.nrl.com/draw/nrl-premiership/2021/round-12/cowboys-v-warriors/"
            },
            {
              "Round": "Round 12",
              "Home": "Wests Tigers",
              "Home_Score": 34,
              "Away": "Dragons",
              "Away_Score": 18,
              "Venue": "CommBank Stadium",
              "Date": "2021-05-28T09:55:00Z",
              "Match_Centre_URL": "https://www.nrl.com/draw/nrl-premiership/2021/round-12/wests-tigers-v-dragons/"
            },
            {
              "Round": "Round 12",
              "Home": "Panthers",
              "Home_Score": 30,
              "Away": "Bulldogs",
              "Away_Score": 4,
              "Venue": "BlueBet Stadium",
              "Date": "2021-05-29T05:00:00Z",
              "Match_Centre_URL": "https://www.nrl.com/draw/nrl-premiership/2021/round-12/panthers-v-bulldogs/"
            },
            {
              "Round": "Round 12",
              "Home": "Rabbitohs",
              "Home_Score": 38,
              "Away": "Eels",
              "Away_Score": 20,
              "Venue": "Accor Stadium",
              "Date": "2021-05-29T07:30:00Z",
              "Match_Centre_URL": "https://www.nrl.com/draw/nrl-premiership/2021/round-12/rabbitohs-v-eels/"
            },
            {
              "Round": "Round 12",
              "Home": "Roosters",
              "Home_Score": 44,
              "Away": "Raiders",
              "Away_Score": 16,
              "Venue": "Industree Group Stadium",
              "Date": "2021-05-29T09:35:00Z",
              "Match_Centre_URL": "https://www.nrl.com/draw/nrl-premiership/2021/round-12/roosters-v-raiders/"
            },
            {
              "Round": "Round 12",
              "Home": "Sharks",
              "Home_Score": 38,
              "Away": "Titans",
              "Away_Score": 10,
              "Venue": "C.ex Coffs International Stadium",
              "Date": "2021-05-30T04:00:00Z",
              "Match_Centre_URL": "https://www.nrl.com/draw/nrl-premiership/2021/round-12/sharks-v-titans/"
            },
            {
              "Round": "Round 12",
              "Home": "Knights",
              "Home_Score": 18,
              "Away": "Sea Eagles",
              "Away_Score": 10,
              "Venue": "McDonald Jones Stadium",
              "Date": "2021-05-30T06:05:00Z",
              "Match_Centre_URL": "https://www.nrl.com/draw/nrl-premiership/2021/round-12/knights-v-sea-eagles/"
            }
          ]
        },
        {
          "13": [
            {
              "Round": "Round 13",
              "Home": "Dragons",
              "Home_Score": 52,
              "Away": "Broncos",
              "Away_Score": 24,
              "Venue": "Netstrata Jubilee Stadium",
              "Date": "2021-06-03T09:50:00Z",
              "Match_Centre_URL": "https://www.nrl.com/draw/nrl-premiership/2021/round-13/dragons-v-broncos/"
            },
            {
              "Round": "Round 13",
              "Home": "Wests Tigers",
              "Home_Score": 26,
              "Away": "Panthers",
              "Away_Score": 6,
              "Venue": "Leichhardt Oval",
              "Date": "2021-06-04T09:55:00Z",
              "Match_Centre_URL": "https://www.nrl.com/draw/nrl-premiership/2021/round-13/wests-tigers-v-panthers/"
            },
            {
              "Round": "Round 13",
              "Home": "Storm",
              "Home_Score": 20,
              "Away": "Titans",
              "Away_Score": 14,
              "Venue": "Sunshine Coast Stadium",
              "Date": "2021-06-05T09:35:00Z",
              "Match_Centre_URL": "https://www.nrl.com/draw/nrl-premiership/2021/round-13/storm-v-titans/"
            },
            {
              "Round": "Round 13",
              "Home": "Knights",
              "Home_Score": 4,
              "Away": "Eels",
              "Away_Score": 40,
              "Venue": "McDonald Jones Stadium",
              "Date": "2021-06-06T06:05:00Z",
              "Match_Centre_URL": "https://www.nrl.com/draw/nrl-premiership/2021/round-13/knights-v-eels/"
            }
          ]
        },
        {
          "14": [
            {
              "Round": "Round 14",
              "Home": "Sea Eagles",
              "Home_Score": 50,
              "Away": "Cowboys",
              "Away_Score": 18,
              "Venue": "4 Pines Park",
              "Date": "2021-06-11T08:00:00Z",
              "Match_Centre_URL": "https://www.nrl.com/draw/nrl-premiership/2021/round-14/sea-eagles-v-cowboys/"
            },
            {
              "Round": "Round 14",
              "Home": "Sharks",
              "Home_Score": 19,
              "Away": "Panthers",
              "Away_Score": 18,
              "Venue": "Netstrata Jubilee Stadium",
              "Date": "2021-06-11T09:55:00Z",
              "Match_Centre_URL": "https://www.nrl.com/draw/nrl-premiership/2021/round-14/sharks-v-panthers/"
            },
            {
              "Round": "Round 14",
              "Home": "Titans",
              "Home_Score": 34,
              "Away": "Roosters",
              "Away_Score": 35,
              "Venue": "Cbus Super Stadium",
              "Date": "2021-06-12T05:00:00Z",
              "Match_Centre_URL": "https://www.nrl.com/draw/nrl-premiership/2021/round-14/titans-v-roosters/"
            },
            {
              "Round": "Round 14",
              "Home": "Rabbitohs",
              "Home_Score": 24,
              "Away": "Knights",
              "Away_Score": 10,
              "Venue": "Accor Stadium",
              "Date": "2021-06-12T07:30:00Z",
              "Match_Centre_URL": "https://www.nrl.com/draw/nrl-premiership/2021/round-14/rabbitohs-v-knights/"
            },
            {
              "Round": "Round 14",
              "Home": "Raiders",
              "Home_Score": 38,
              "Away": "Broncos",
              "Away_Score": 16,
              "Venue": "GIO Stadium",
              "Date": "2021-06-12T09:35:00Z",
              "Match_Centre_URL": "https://www.nrl.com/draw/nrl-premiership/2021/round-14/raiders-v-broncos/"
            },
            {
              "Round": "Round 14",
              "Home": "Warriors",
              "Home_Score": 16,
              "Away": "Storm",
              "Away_Score": 42,
              "Venue": "Industree Group Stadium",
              "Date": "2021-06-13T04:00:00Z",
              "Match_Centre_URL": "https://www.nrl.com/draw/nrl-premiership/2021/round-14/warriors-v-storm/"
            },
            {
              "Round": "Round 14",
              "Home": "Eels",
              "Home_Score": 40,
              "Away": "Wests Tigers",
              "Away_Score": 12,
              "Venue": "CommBank Stadium",
              "Date": "2021-06-13T06:05:00Z",
              "Match_Centre_URL": "https://www.nrl.com/draw/nrl-premiership/2021/round-14/eels-v-wests-tigers/"
            },
            {
              "Round": "Round 14",
              "Home": "Bulldogs",
              "Home_Score": 28,
              "Away": "Dragons",
              "Away_Score": 6,
              "Venue": "Accor Stadium",
              "Date": "2021-06-14T06:00:00Z",
              "Match_Centre_URL": "https://www.nrl.com/draw/nrl-premiership/2021/round-14/bulldogs-v-dragons/"
            }
          ]
        },
        {
          "15": [
            {
              "Round": "Round 15",
              "Home": "Broncos",
              "Home_Score": 0,
              "Away": "Rabbitohs",
              "Away_Score": 46,
              "Venue": "Suncorp Stadium",
              "Date": "2021-06-17T09:50:00Z",
              "Match_Centre_URL": "https://www.nrl.com/draw/nrl-premiership/2021/round-15/broncos-v-rabbitohs/"
            },
            {
              "Round": "Round 15",
              "Home": "Cowboys",
              "Home_Score": 24,
              "Away": "Sharks",
              "Away_Score": 26,
              "Venue": "Queensland Country Bank Stadium",
              "Date": "2021-06-18T08:00:00Z",
              "Match_Centre_URL": "https://www.nrl.com/draw/nrl-premiership/2021/round-15/cowboys-v-sharks/"
            },
            {
              "Round": "Round 15",
              "Home": "Panthers",
              "Home_Score": 38,
              "Away": "Roosters",
              "Away_Score": 12,
              "Venue": "BlueBet Stadium",
              "Date": "2021-06-18T09:55:00Z",
              "Match_Centre_URL": "https://www.nrl.com/draw/nrl-premiership/2021/round-15/panthers-v-roosters/"
            },
            {
              "Round": "Round 15",
              "Home": "Knights",
              "Home_Score": 10,
              "Away": "Warriors",
              "Away_Score": 6,
              "Venue": "McDonald Jones Stadium",
              "Date": "2021-06-19T05:00:00Z",
              "Match_Centre_URL": "https://www.nrl.com/draw/nrl-premiership/2021/round-15/knights-v-warriors/"
            },
            {
              "Round": "Round 15",
              "Home": "Dragons",
              "Home_Score": 22,
              "Away": "Raiders",
              "Away_Score": 20,
              "Venue": "WIN Stadium",
              "Date": "2021-06-19T07:30:00Z",
              "Match_Centre_URL": "https://www.nrl.com/draw/nrl-premiership/2021/round-15/dragons-v-raiders/"
            },
            {
              "Round": "Round 15",
              "Home": "Storm",
              "Home_Score": 66,
              "Away": "Wests Tigers",
              "Away_Score": 16,
              "Venue": "Sunshine Coast Stadium",
              "Date": "2021-06-19T09:35:00Z",
              "Match_Centre_URL": "https://www.nrl.com/draw/nrl-premiership/2021/round-15/storm-v-wests-tigers/"
            },
            {
              "Round": "Round 15",
              "Home": "Eels",
              "Home_Score": 36,
              "Away": "Bulldogs",
              "Away_Score": 10,
              "Venue": "CommBank Stadium",
              "Date": "2021-06-20T04:00:00Z",
              "Match_Centre_URL": "https://www.nrl.com/draw/nrl-premiership/2021/round-15/eels-v-bulldogs/"
            },
            {
              "Round": "Round 15",
              "Home": "Titans",
              "Home_Score": 24,
              "Away": "Sea Eagles",
              "Away_Score": 56,
              "Venue": "Cbus Super Stadium",
              "Date": "2021-06-20T06:05:00Z",
              "Match_Centre_URL": "https://www.nrl.com/draw/nrl-premiership/2021/round-15/titans-v-sea-eagles/"
            }
          ]
        },
        {
          "16": [
            {
              "Round": "Round 16",
              "Home": "Roosters",
              "Home_Score": 0,
              "Away": "Storm",
              "Away_Score": 46,
              "Venue": "McDonald Jones Stadium",
              "Date": "2021-07-01T09:50:00Z",
              "Match_Centre_URL": "https://www.nrl.com/draw/nrl-premiership/2021/round-16/roosters-v-storm/"
            },
            {
              "Round": "Round 16",
              "Home": "Warriors",
              "Home_Score": 18,
              "Away": "Dragons",
              "Away_Score": 19,
              "Venue": "Industree Group Stadium",
              "Date": "2021-07-02T08:00:00Z",
              "Match_Centre_URL": "https://www.nrl.com/draw/nrl-premiership/2021/round-16/warriors-v-dragons/"
            },
            {
              "Round": "Round 16",
              "Home": "Panthers",
              "Home_Score": 13,
              "Away": "Eels",
              "Away_Score": 12,
              "Venue": "BlueBet Stadium",
              "Date": "2021-07-02T09:55:00Z",
              "Match_Centre_URL": "https://www.nrl.com/draw/nrl-premiership/2021/round-16/panthers-v-eels/"
            },
            {
              "Round": "Round 16",
              "Home": "Bulldogs",
              "Home_Score": 0,
              "Away": "Sea Eagles",
              "Away_Score": 66,
              "Venue": "CommBank Stadium",
              "Date": "2021-07-03T05:00:00Z",
              "Match_Centre_URL": "https://www.nrl.com/draw/nrl-premiership/2021/round-16/bulldogs-v-sea-eagles/"
            },
            {
              "Round": "Round 16",
              "Home": "Raiders",
              "Home_Score": 6,
              "Away": "Titans",
              "Away_Score": 44,
              "Venue": "GIO Stadium",
              "Date": "2021-07-03T07:30:00Z",
              "Match_Centre_URL": "https://www.nrl.com/draw/nrl-premiership/2021/round-16/raiders-v-titans/"
            },
            {
              "Round": "Round 16",
              "Home": "Knights",
              "Home_Score": 38,
              "Away": "Cowboys",
              "Away_Score": 0,
              "Venue": "McDonald Jones Stadium",
              "Date": "2021-07-03T09:35:00Z",
              "Match_Centre_URL": "https://www.nrl.com/draw/nrl-premiership/2021/round-16/knights-v-cowboys/"
            },
            {
              "Round": "Round 16",
              "Home": "Broncos",
              "Home_Score": 26,
              "Away": "Sharks",
              "Away_Score": 18,
              "Venue": "Suncorp Stadium",
              "Date": "2021-07-04T04:00:00Z",
              "Match_Centre_URL": "https://www.nrl.com/draw/nrl-premiership/2021/round-16/broncos-v-sharks/"
            },
            {
              "Round": "Round 16",
              "Home": "Wests Tigers",
              "Home_Score": 22,
              "Away": "Rabbitohs",
              "Away_Score": 38,
              "Venue": "Leichhardt Oval",
              "Date": "2021-07-04T06:05:00Z",
              "Match_Centre_URL": "https://www.nrl.com/draw/nrl-premiership/2021/round-16/wests-tigers-v-rabbitohs/"
            }
          ]
        },
        {
          "17": [
            {
              "Round": "Round 17",
              "Home": "Sea Eagles",
              "Home_Score": 16,
              "Away": "Raiders",
              "Away_Score": 30,
              "Venue": "4 Pines Park",
              "Date": "2021-07-08T09:50:00Z",
              "Match_Centre_URL": "https://www.nrl.com/draw/nrl-premiership/2021/round-17/sea-eagles-v-raiders/"
            },
            {
              "Round": "Round 17",
              "Home": "Rabbitohs",
              "Home_Score": 46,
              "Away": "Cowboys",
              "Away_Score": 18,
              "Venue": "McDonald Jones Stadium",
              "Date": "2021-07-09T09:55:00Z",
              "Match_Centre_URL": "https://www.nrl.com/draw/nrl-premiership/2021/round-17/rabbitohs-v-cowboys/"
            },
            {
              "Round": "Round 17",
              "Home": "Bulldogs",
              "Home_Score": 16,
              "Away": "Roosters",
              "Away_Score": 22,
              "Venue": "CommBank Stadium",
              "Date": "2021-07-10T09:35:00Z",
              "Match_Centre_URL": "https://www.nrl.com/draw/nrl-premiership/2021/round-17/bulldogs-v-roosters/"
            },
            {
              "Round": "Round 17",
              "Home": "Sharks",
              "Home_Score": 20,
              "Away": "Warriors",
              "Away_Score": 12,
              "Venue": "Netstrata Jubilee Stadium",
              "Date": "2021-07-11T06:05:00Z",
              "Match_Centre_URL": "https://www.nrl.com/draw/nrl-premiership/2021/round-17/sharks-v-warriors/"
            }
          ]
        },
        {
          "18": [
            {
              "Round": "Round 18",
              "Home": "Titans",
              "Home_Score": 8,
              "Away": "Eels",
              "Away_Score": 26,
              "Venue": "Cbus Super Stadium",
              "Date": "2021-07-16T08:00:00Z",
              "Match_Centre_URL": "https://www.nrl.com/draw/nrl-premiership/2021/round-18/titans-v-eels/"
            },
            {
              "Round": "Round 18",
              "Home": "Sea Eagles",
              "Home_Score": 32,
              "Away": "Dragons",
              "Away_Score": 18,
              "Venue": "Cbus Super Stadium",
              "Date": "2021-07-16T10:05:00Z",
              "Match_Centre_URL": "https://www.nrl.com/draw/nrl-premiership/2021/round-18/sea-eagles-v-dragons/"
            },
            {
              "Round": "Round 18",
              "Home": "Cowboys",
              "Home_Score": 18,
              "Away": "Roosters",
              "Away_Score": 34,
              "Venue": "Queensland Country Bank Stadium",
              "Date": "2021-07-17T05:00:00Z",
              "Match_Centre_URL": "https://www.nrl.com/draw/nrl-premiership/2021/round-18/cowboys-v-roosters/"
            },
            {
              "Round": "Round 18",
              "Home": "Raiders",
              "Home_Score": 34,
              "Away": "Sharks",
              "Away_Score": 18,
              "Venue": "Cbus Super Stadium",
              "Date": "2021-07-17T07:30:00Z",
              "Match_Centre_URL": "https://www.nrl.com/draw/nrl-premiership/2021/round-18/raiders-v-sharks/"
            },
            {
              "Round": "Round 18",
              "Home": "Storm",
              "Home_Score": 48,
              "Away": "Knights",
              "Away_Score": 4,
              "Venue": "Cbus Super Stadium",
              "Date": "2021-07-17T09:35:00Z",
              "Match_Centre_URL": "https://www.nrl.com/draw/nrl-premiership/2021/round-18/storm-v-knights/"
            },
            {
              "Round": "Round 18",
              "Home": "Warriors",
              "Home_Score": 16,
              "Away": "Panthers",
              "Away_Score": 30,
              "Venue": "Suncorp Stadium",
              "Date": "2021-07-18T03:50:00Z",
              "Match_Centre_URL": "https://www.nrl.com/draw/nrl-premiership/2021/round-18/warriors-v-panthers/"
            },
            {
              "Round": "Round 18",
              "Home": "Broncos",
              "Home_Score": 24,
              "Away": "Wests Tigers",
              "Away_Score": 42,
              "Venue": "Suncorp Stadium",
              "Date": "2021-07-18T06:05:00Z",
              "Match_Centre_URL": "https://www.nrl.com/draw/nrl-premiership/2021/round-18/broncos-v-wests-tigers/"
            },
            {
              "Round": "Round 18",
              "Home": "Rabbitohs",
              "Home_Score": 32,
              "Away": "Bulldogs",
              "Away_Score": 24,
              "Venue": "Cbus Super Stadium",
              "Date": "2021-07-18T08:15:00Z",
              "Match_Centre_URL": "https://www.nrl.com/draw/nrl-premiership/2021/round-18/rabbitohs-v-bulldogs/"
            }
          ]
        },
        {
          "19": [
            {
              "Round": "Round 19",
              "Home": "Eels",
              "Home_Score": 10,
              "Away": "Raiders",
              "Away_Score": 12,
              "Venue": "Cbus Super Stadium",
              "Date": "2021-07-22T09:50:00Z",
              "Match_Centre_URL": "https://www.nrl.com/draw/nrl-premiership/2021/round-19/eels-v-raiders/"
            },
            {
              "Round": "Round 19",
              "Home": "Roosters",
              "Home_Score": 28,
              "Away": "Knights",
              "Away_Score": 8,
              "Venue": "Sunshine Coast Stadium",
              "Date": "2021-07-23T08:00:00Z",
              "Match_Centre_URL": "https://www.nrl.com/draw/nrl-premiership/2021/round-19/roosters-v-knights/"
            },
            {
              "Round": "Round 19",
              "Home": "Cowboys",
              "Home_Score": 16,
              "Away": "Storm",
              "Away_Score": 20,
              "Venue": "Queensland Country Bank Stadium",
              "Date": "2021-07-23T09:55:00Z",
              "Match_Centre_URL": "https://www.nrl.com/draw/nrl-premiership/2021/round-19/cowboys-v-storm/"
            },
            {
              "Round": "Round 19",
              "Home": "Rabbitohs",
              "Home_Score": 60,
              "Away": "Warriors",
              "Away_Score": 22,
              "Venue": "Sunshine Coast Stadium",
              "Date": "2021-07-24T05:00:00Z",
              "Match_Centre_URL": "https://www.nrl.com/draw/nrl-premiership/2021/round-19/rabbitohs-v-warriors/"
            },
            {
              "Round": "Round 19",
              "Home": "Sea Eagles",
              "Home_Score": 44,
              "Away": "Wests Tigers",
              "Away_Score": 24,
              "Venue": "Suncorp Stadium",
              "Date": "2021-07-24T07:30:00Z",
              "Match_Centre_URL": "https://www.nrl.com/draw/nrl-premiership/2021/round-19/sea-eagles-v-wests-tigers/"
            },
            {
              "Round": "Round 19",
              "Home": "Panthers",
              "Home_Score": 18,
              "Away": "Broncos",
              "Away_Score": 12,
              "Venue": "Suncorp Stadium",
              "Date": "2021-07-24T09:35:00Z",
              "Match_Centre_URL": "https://www.nrl.com/draw/nrl-premiership/2021/round-19/panthers-v-broncos/"
            },
            {
              "Round": "Round 19",
              "Home": "Dragons",
              "Home_Score": 10,
              "Away": "Titans",
              "Away_Score": 32,
              "Venue": "Cbus Super Stadium",
              "Date": "2021-07-25T03:50:00Z",
              "Match_Centre_URL": "https://www.nrl.com/draw/nrl-premiership/2021/round-19/dragons-v-titans/"
            },
            {
              "Round": "Round 19",
              "Home": "Bulldogs",
              "Home_Score": 24,
              "Away": "Sharks",
              "Away_Score": 44,
              "Venue": "Cbus Super Stadium",
              "Date": "2021-07-25T06:05:00Z",
              "Match_Centre_URL": "https://www.nrl.com/draw/nrl-premiership/2021/round-19/bulldogs-v-sharks/"
            }
          ]
        },
        {
          "20": [
            {
              "Round": "Round 20",
              "Home": "Roosters",
              "Home_Score": 28,
              "Away": "Eels",
              "Away_Score": 0,
              "Venue": "BB Print Stadium",
              "Date": "2021-07-29T09:50:00Z",
              "Match_Centre_URL": "https://www.nrl.com/draw/nrl-premiership/2021/round-20/roosters-v-eels/"
            },
            {
              "Round": "Round 20",
              "Home": "Wests Tigers",
              "Home_Score": 16,
              "Away": "Warriors",
              "Away_Score": 18,
              "Venue": "Suncorp Stadium",
              "Date": "2021-07-30T08:00:00Z",
              "Match_Centre_URL": "https://www.nrl.com/draw/nrl-premiership/2021/round-20/wests-tigers-v-warriors/"
            },
            {
              "Round": "Round 20",
              "Home": "Broncos",
              "Home_Score": 37,
              "Away": "Cowboys",
              "Away_Score": 18,
              "Venue": "Suncorp Stadium",
              "Date": "2021-07-30T10:05:00Z",
              "Match_Centre_URL": "https://www.nrl.com/draw/nrl-premiership/2021/round-20/broncos-v-cowboys/"
            },
            {
              "Round": "Round 20",
              "Home": "Knights",
              "Home_Score": 34,
              "Away": "Raiders",
              "Away_Score": 24,
              "Venue": "Suncorp Stadium",
              "Date": "2021-08-01T03:50:00Z",
              "Match_Centre_URL": "https://www.nrl.com/draw/nrl-premiership/2021/round-20/knights-v-raiders/"
            },
            {
              "Round": "Round 20",
              "Home": "Storm",
              "Home_Score": 37,
              "Away": "Panthers",
              "Away_Score": 10,
              "Venue": "Suncorp Stadium",
              "Date": "2021-08-01T06:05:00Z",
              "Match_Centre_URL": "https://www.nrl.com/draw/nrl-premiership/2021/round-20/storm-v-panthers/"
            },
            {
              "Round": "Round 20",
              "Home": "Dragons",
              "Home_Score": 14,
              "Away": "Rabbitohs",
              "Away_Score": 50,
              "Venue": "Suncorp Stadium",
              "Date": "2021-08-01T08:25:00Z",
              "Match_Centre_URL": "https://www.nrl.com/draw/nrl-premiership/2021/round-20/dragons-v-rabbitohs/"
            },
            {
              "Round": "Round 20",
              "Home": "Bulldogs",
              "Home_Score": 6,
              "Away": "Titans",
              "Away_Score": 34,
              "Venue": "Suncorp Stadium",
              "Date": "2021-08-02T08:00:00Z",
              "Match_Centre_URL": "https://www.nrl.com/draw/nrl-premiership/2021/round-20/bulldogs-v-titans/"
            },
            {
              "Round": "Round 20",
              "Home": "Sharks",
              "Home_Score": 22,
              "Away": "Sea Eagles",
              "Away_Score": 40,
              "Venue": "Suncorp Stadium",
              "Date": "2021-08-02T10:05:00Z",
              "Match_Centre_URL": "https://www.nrl.com/draw/nrl-premiership/2021/round-20/sharks-v-sea-eagles/"
            }
          ]
        },
        {
          "21": [
            {
              "Round": "Round 21",
              "Home": "Knights",
              "Home_Score": 28,
              "Away": "Broncos",
              "Away_Score": 20,
              "Venue": "Suncorp Stadium",
              "Date": "2021-08-05T09:50:00Z",
              "Match_Centre_URL": "https://www.nrl.com/draw/nrl-premiership/2021/round-21/knights-v-broncos/"
            },
            {
              "Round": "Round 21",
              "Home": "Raiders",
              "Home_Score": 20,
              "Away": "Dragons",
              "Away_Score": 12,
              "Venue": "Cbus Super Stadium",
              "Date": "2021-08-06T08:00:00Z",
              "Match_Centre_URL": "https://www.nrl.com/draw/nrl-premiership/2021/round-21/raiders-v-dragons/"
            },
            {
              "Round": "Round 21",
              "Home": "Eels",
              "Home_Score": 12,
              "Away": "Rabbitohs",
              "Away_Score": 40,
              "Venue": "Cbus Super Stadium",
              "Date": "2021-08-06T10:05:00Z",
              "Match_Centre_URL": "https://www.nrl.com/draw/nrl-premiership/2021/round-21/eels-v-rabbitohs/"
            },
            {
              "Round": "Round 21",
              "Home": "Warriors",
              "Home_Score": 18,
              "Away": "Sharks",
              "Away_Score": 16,
              "Venue": "Cbus Super Stadium",
              "Date": "2021-08-07T05:00:00Z",
              "Match_Centre_URL": "https://www.nrl.com/draw/nrl-premiership/2021/round-21/warriors-v-sharks/"
            },
            {
              "Round": "Round 21",
              "Home": "Roosters",
              "Home_Score": 14,
              "Away": "Panthers",
              "Away_Score": 20,
              "Venue": "Suncorp Stadium",
              "Date": "2021-08-07T07:30:00Z",
              "Match_Centre_URL": "https://www.nrl.com/draw/nrl-premiership/2021/round-21/roosters-v-panthers/"
            },
            {
              "Round": "Round 21",
              "Home": "Sea Eagles",
              "Home_Score": 18,
              "Away": "Storm",
              "Away_Score": 28,
              "Venue": "Suncorp Stadium",
              "Date": "2021-08-07T09:35:00Z",
              "Match_Centre_URL": "https://www.nrl.com/draw/nrl-premiership/2021/round-21/sea-eagles-v-storm/"
            },
            {
              "Round": "Round 21",
              "Home": "Bulldogs",
              "Home_Score": 16,
              "Away": "Wests Tigers",
              "Away_Score": 28,
              "Venue": "Cbus Super Stadium",
              "Date": "2021-08-08T03:50:00Z",
              "Match_Centre_URL": "https://www.nrl.com/draw/nrl-premiership/2021/round-21/bulldogs-v-wests-tigers/"
            },
            {
              "Round": "Round 21",
              "Home": "Titans",
              "Home_Score": 36,
              "Away": "Cowboys",
              "Away_Score": 14,
              "Venue": "Cbus Super Stadium",
              "Date": "2021-08-08T06:05:00Z",
              "Match_Centre_URL": "https://www.nrl.com/draw/nrl-premiership/2021/round-21/titans-v-cowboys/"
            }
          ]
        },
        {
          "22": [
            {
              "Round": "Round 22",
              "Home": "Storm",
              "Home_Score": 26,
              "Away": "Raiders",
              "Away_Score": 16,
              "Venue": "Sunshine Coast Stadium",
              "Date": "2021-08-12T09:50:00Z",
              "Match_Centre_URL": "https://www.nrl.com/draw/nrl-premiership/2021/round-22/storm-v-raiders/"
            },
            {
              "Round": "Round 22",
              "Home": "Dragons",
              "Home_Score": 16,
              "Away": "Panthers",
              "Away_Score": 34,
              "Venue": "Suncorp Stadium",
              "Date": "2021-08-13T08:00:00Z",
              "Match_Centre_URL": "https://www.nrl.com/draw/nrl-premiership/2021/round-22/dragons-v-panthers/"
            },
            {
              "Round": "Round 22",
              "Home": "Broncos",
              "Home_Score": 20,
              "Away": "Roosters",
              "Away_Score": 21,
              "Venue": "Suncorp Stadium",
              "Date": "2021-08-13T10:05:00Z",
              "Match_Centre_URL": "https://www.nrl.com/draw/nrl-premiership/2021/round-22/broncos-v-roosters/"
            },
            {
              "Round": "Round 22",
              "Home": "Rabbitohs",
              "Home_Score": 36,
              "Away": "Titans",
              "Away_Score": 6,
              "Venue": "Cbus Super Stadium",
              "Date": "2021-08-14T05:00:00Z",
              "Match_Centre_URL": "https://www.nrl.com/draw/nrl-premiership/2021/round-22/rabbitohs-v-titans/"
            },
            {
              "Round": "Round 22",
              "Home": "Cowboys",
              "Home_Score": 16,
              "Away": "Wests Tigers",
              "Away_Score": 24,
              "Venue": "Queensland Country Bank Stadium",
              "Date": "2021-08-14T07:30:00Z",
              "Match_Centre_URL": "https://www.nrl.com/draw/nrl-premiership/2021/round-22/cowboys-v-wests-tigers/"
            },
            {
              "Round": "Round 22",
              "Home": "Sea Eagles",
              "Home_Score": 56,
              "Away": "Eels",
              "Away_Score": 10,
              "Venue": "Sunshine Coast Stadium",
              "Date": "2021-08-14T09:35:00Z",
              "Match_Centre_URL": "https://www.nrl.com/draw/nrl-premiership/2021/round-22/sea-eagles-v-eels/"
            },
            {
              "Round": "Round 22",
              "Home": "Warriors",
              "Home_Score": 24,
              "Away": "Bulldogs",
              "Away_Score": 10,
              "Venue": "Kayo Stadium",
              "Date": "2021-08-15T03:50:00Z",
              "Match_Centre_URL": "https://www.nrl.com/draw/nrl-premiership/2021/round-22/warriors-v-bulldogs/"
            },
            {
              "Round": "Round 22",
              "Home": "Sharks",
              "Home_Score": 14,
              "Away": "Knights",
              "Away_Score": 16,
              "Venue": "Kayo Stadium",
              "Date": "2021-08-15T06:00:00Z",
              "Match_Centre_URL": "https://www.nrl.com/draw/nrl-premiership/2021/round-22/sharks-v-knights/"
            }
          ]
        },
        {
          "23": [
            {
              "Round": "Round 23",
              "Home": "Titans",
              "Home_Score": 20,
              "Away": "Storm",
              "Away_Score": 34,
              "Venue": "Cbus Super Stadium",
              "Date": "2021-08-19T09:50:00Z",
              "Match_Centre_URL": "https://www.nrl.com/draw/nrl-premiership/2021/round-23/titans-v-storm/"
            },
            {
              "Round": "Round 23",
              "Home": "Raiders",
              "Home_Score": 18,
              "Away": "Sea Eagles",
              "Away_Score": 19,
              "Venue": "Suncorp Stadium",
              "Date": "2021-08-20T08:00:00Z",
              "Match_Centre_URL": "https://www.nrl.com/draw/nrl-premiership/2021/round-23/raiders-v-sea-eagles/"
            },
            {
              "Round": "Round 23",
              "Home": "Panthers",
              "Home_Score": 25,
              "Away": "Rabbitohs",
              "Away_Score": 12,
              "Venue": "Suncorp Stadium",
              "Date": "2021-08-20T10:05:00Z",
              "Match_Centre_URL": "https://www.nrl.com/draw/nrl-premiership/2021/round-23/panthers-v-rabbitohs/"
            },
            {
              "Round": "Round 23",
              "Home": "Wests Tigers",
              "Home_Score": 20,
              "Away": "Sharks",
              "Away_Score": 50,
              "Venue": "Browne Park",
              "Date": "2021-08-21T05:00:00Z",
              "Match_Centre_URL": "https://www.nrl.com/draw/nrl-premiership/2021/round-23/wests-tigers-v-sharks/"
            },
            {
              "Round": "Round 23",
              "Home": "Bulldogs",
              "Home_Score": 16,
              "Away": "Knights",
              "Away_Score": 22,
              "Venue": "Cbus Super Stadium",
              "Date": "2021-08-21T07:30:00Z",
              "Match_Centre_URL": "https://www.nrl.com/draw/nrl-premiership/2021/round-23/bulldogs-v-knights/"
            },
            {
              "Round": "Round 23",
              "Home": "Eels",
              "Home_Score": 32,
              "Away": "Cowboys",
              "Away_Score": 16,
              "Venue": "Cbus Super Stadium",
              "Date": "2021-08-21T09:35:00Z",
              "Match_Centre_URL": "https://www.nrl.com/draw/nrl-premiership/2021/round-23/eels-v-cowboys/"
            },
            {
              "Round": "Round 23",
              "Home": "Dragons",
              "Home_Score": 22,
              "Away": "Roosters",
              "Away_Score": 40,
              "Venue": "Toowoomba Sports Ground",
              "Date": "2021-08-22T04:00:00Z",
              "Match_Centre_URL": "https://www.nrl.com/draw/nrl-premiership/2021/round-23/dragons-v-roosters/"
            },
            {
              "Round": "Round 23",
              "Home": "Broncos",
              "Home_Score": 24,
              "Away": "Warriors",
              "Away_Score": 22,
              "Venue": "Suncorp Stadium",
              "Date": "2021-08-22T06:05:00Z",
              "Match_Centre_URL": "https://www.nrl.com/draw/nrl-premiership/2021/round-23/broncos-v-warriors/"
            }
          ]
        },
        {
          "24": [
            {
              "Round": "Round 24",
              "Home": "Knights",
              "Home_Score": 15,
              "Away": "Titans",
              "Away_Score": 14,
              "Venue": "Sunshine Coast Stadium",
              "Date": "2021-08-26T09:50:00Z",
              "Match_Centre_URL": "https://www.nrl.com/draw/nrl-premiership/2021/round-24/knights-v-titans/"
            },
            {
              "Round": "Round 24",
              "Home": "Warriors",
              "Home_Score": 16,
              "Away": "Raiders",
              "Away_Score": 28,
              "Venue": "BB Print Stadium",
              "Date": "2021-08-27T08:00:00Z",
              "Match_Centre_URL": "https://www.nrl.com/draw/nrl-premiership/2021/round-24/warriors-v-raiders/"
            },
            {
              "Round": "Round 24",
              "Home": "Roosters",
              "Home_Score": 12,
              "Away": "Rabbitohs",
              "Away_Score": 54,
              "Venue": "Suncorp Stadium",
              "Date": "2021-08-27T09:55:00Z",
              "Match_Centre_URL": "https://www.nrl.com/draw/nrl-premiership/2021/round-24/roosters-v-rabbitohs/"
            },
            {
              "Round": "Round 24",
              "Home": "Dragons",
              "Home_Score": 26,
              "Away": "Cowboys",
              "Away_Score": 38,
              "Venue": "Browne Park",
              "Date": "2021-08-28T05:00:00Z",
              "Match_Centre_URL": "https://www.nrl.com/draw/nrl-premiership/2021/round-24/dragons-v-cowboys/"
            },
            {
              "Round": "Round 24",
              "Home": "Sharks",
              "Home_Score": 24,
              "Away": "Broncos",
              "Away_Score": 16,
              "Venue": "Suncorp Stadium",
              "Date": "2021-08-28T07:30:00Z",
              "Match_Centre_URL": "https://www.nrl.com/draw/nrl-premiership/2021/round-24/sharks-v-broncos/"
            },
            {
              "Round": "Round 24",
              "Home": "Storm",
              "Home_Score": 10,
              "Away": "Eels",
              "Away_Score": 22,
              "Venue": "Suncorp Stadium",
              "Date": "2021-08-28T09:35:00Z",
              "Match_Centre_URL": "https://www.nrl.com/draw/nrl-premiership/2021/round-24/storm-v-eels/"
            },
            {
              "Round": "Round 24",
              "Home": "Sea Eagles",
              "Home_Score": 36,
              "Away": "Bulldogs",
              "Away_Score": 18,
              "Venue": "Kayo Stadium",
              "Date": "2021-08-29T03:50:00Z",
              "Match_Centre_URL": "https://www.nrl.com/draw/nrl-premiership/2021/round-24/sea-eagles-v-bulldogs/"
            },
            {
              "Round": "Round 24",
              "Home": "Panthers",
              "Home_Score": 30,
              "Away": "Wests Tigers",
              "Away_Score": 16,
              "Venue": "Kayo Stadium",
              "Date": "2021-08-29T06:05:00Z",
              "Match_Centre_URL": "https://www.nrl.com/draw/nrl-premiership/2021/round-24/panthers-v-wests-tigers/"
            }
          ]
        },
        {
          "25": [
            {
              "Round": "Round 25",
              "Home": "Raiders",
              "Home_Score": 16,
              "Away": "Roosters",
              "Away_Score": 40,
              "Venue": "BB Print Stadium",
              "Date": "2021-09-02T09:50:00Z",
              "Match_Centre_URL": "https://www.nrl.com/draw/nrl-premiership/2021/round-25/raiders-v-roosters/"
            },
            {
              "Round": "Round 25",
              "Home": "Sharks",
              "Home_Score": 16,
              "Away": "Storm",
              "Away_Score": 28,
              "Venue": "Cbus Super Stadium",
              "Date": "2021-09-03T08:00:00Z",
              "Match_Centre_URL": "https://www.nrl.com/draw/nrl-premiership/2021/round-25/sharks-v-storm/"
            },
            {
              "Round": "Round 25",
              "Home": "Eels",
              "Home_Score": 6,
              "Away": "Panthers",
              "Away_Score": 40,
              "Venue": "Cbus Super Stadium",
              "Date": "2021-09-03T10:05:00Z",
              "Match_Centre_URL": "https://www.nrl.com/draw/nrl-premiership/2021/round-25/eels-v-panthers/"
            },
            {
              "Round": "Round 25",
              "Home": "Broncos",
              "Home_Score": 35,
              "Away": "Knights",
              "Away_Score": 22,
              "Venue": "Suncorp Stadium",
              "Date": "2021-09-04T05:00:00Z",
              "Match_Centre_URL": "https://www.nrl.com/draw/nrl-premiership/2021/round-25/broncos-v-knights/"
            },
            {
              "Round": "Round 25",
              "Home": "Cowboys",
              "Home_Score": 18,
              "Away": "Sea Eagles",
              "Away_Score": 46,
              "Venue": "Queensland Country Bank Stadium",
              "Date": "2021-09-04T07:30:00Z",
              "Match_Centre_URL": "https://www.nrl.com/draw/nrl-premiership/2021/round-25/cowboys-v-sea-eagles/"
            },
            {
              "Round": "Round 25",
              "Home": "Rabbitohs",
              "Home_Score": 20,
              "Away": "Dragons",
              "Away_Score": 16,
              "Venue": "Sunshine Coast Stadium",
              "Date": "2021-09-04T09:35:00Z",
              "Match_Centre_URL": "https://www.nrl.com/draw/nrl-premiership/2021/round-25/rabbitohs-v-dragons/"
            },
            {
              "Round": "Round 25",
              "Home": "Titans",
              "Home_Score": 44,
              "Away": "Warriors",
              "Away_Score": 0,
              "Venue": "Cbus Super Stadium",
              "Date": "2021-09-05T04:00:00Z",
              "Match_Centre_URL": "https://www.nrl.com/draw/nrl-premiership/2021/round-25/titans-v-warriors/"
            },
            {
              "Round": "Round 25",
              "Home": "Wests Tigers",
              "Home_Score": 0,
              "Away": "Bulldogs",
              "Away_Score": 38,
              "Venue": "Kayo Stadium",
              "Date": "2021-09-05T06:05:00Z",
              "Match_Centre_URL": "https://www.nrl.com/draw/nrl-premiership/2021/round-25/wests-tigers-v-bulldogs/"
            }
          ]
        },
        {
          "26": [
            {
              "Round": "Finals Week 1",
              "Home": "Storm",
              "Home_Score": 40,
              "Away": "Sea Eagles",
              "Away_Score": 12,
              "Venue": "Sunshine Coast Stadium",
              "Date": "2021-09-10T09:50:00Z",
              "Match_Centre_URL": "https://www.nrl.com/draw/nrl-premiership/2021/finals-week-1/storm-v-sea-eagles/"
            },
            {
              "Round": "Finals Week 1",
              "Home": "Roosters",
              "Home_Score": 25,
              "Away": "Titans",
              "Away_Score": 24,
              "Venue": "Queensland Country Bank Stadium",
              "Date": "2021-09-11T07:40:00Z",
              "Match_Centre_URL": "https://www.nrl.com/draw/nrl-premiership/2021/finals-week-1/roosters-v-titans/"
            },
            {
              "Round": "Finals Week 1",
              "Home": "Panthers",
              "Home_Score": 10,
              "Away": "Rabbitohs",
              "Away_Score": 16,
              "Venue": "Queensland Country Bank Stadium",
              "Date": "2021-09-11T09:50:00Z",
              "Match_Centre_URL": "https://www.nrl.com/draw/nrl-premiership/2021/finals-week-1/panthers-v-rabbitohs/"
            },
            {
              "Round": "Finals Week 1",
              "Home": "Eels",
              "Home_Score": 28,
              "Away": "Knights",
              "Away_Score": 20,
              "Venue": "Browne Park",
              "Date": "2021-09-12T06:05:00Z",
              "Match_Centre_URL": "https://www.nrl.com/draw/nrl-premiership/2021/finals-week-1/eels-v-knights/"
            }
          ]
        },
        {
          "27": [
            {
              "Round": "Finals Week 2",
              "Home": "Sea Eagles",
              "Home_Score": 42,
              "Away": "Roosters",
              "Away_Score": 6,
              "Venue": "BB Print Stadium",
              "Date": "2021-09-17T09:50:00Z",
              "Match_Centre_URL": "https://www.nrl.com/draw/nrl-premiership/2021/finals-week-2/sea-eagles-v-roosters/"
            },
            {
              "Round": "Finals Week 2",
              "Home": "Panthers",
              "Home_Score": 8,
              "Away": "Eels",
              "Away_Score": 6,
              "Venue": "BB Print Stadium",
              "Date": "2021-09-18T09:50:00Z",
              "Match_Centre_URL": "https://www.nrl.com/draw/nrl-premiership/2021/finals-week-2/panthers-v-eels/"
            }
          ]
        },
        {
          "28": [
            {
              "Round": "Finals Week 3",
              "Home": "Rabbitohs",
              "Home_Score": 36,
              "Away": "Sea Eagles",
              "Away_Score": 16,
              "Venue": "Suncorp Stadium",
              "Date": "2021-09-24T10:05:00Z",
              "Match_Centre_URL": "https://www.nrl.com/draw/nrl-premiership/2021/finals-week-3/rabbitohs-v-sea-eagles/"
            },
            {
              "Round": "Finals Week 3",
              "Home": "Storm",
              "Home_Score": 6,
              "Away": "Panthers",
              "Away_Score": 10,
              "Venue": "Suncorp Stadium",
              "Date": "2021-09-25T06:00:00Z",
              "Match_Centre_URL": "https://www.nrl.com/draw/nrl-premiership/2021/finals-week-3/storm-v-panthers/"
            }
          ]
        },
        {
          "29": [
            {
              "Round": "Grand Final",
              "Home": "Panthers",
              "Home_Score": 14,
              "Away": "Rabbitohs",
              "Away_Score": 12,
              "Venue": "Suncorp Stadium",
              "Date": "2021-10-03T08:30:00Z",
              "Match_Centre_URL": "https://www.nrl.com/draw/nrl-premiership/2021/grand-final/panthers-v-rabbitohs/"
            }
          ]
        },
        {
          "30": [
            {
              "Round": "Grand Final",
              "Home": "Panthers",
              "Home_Score": 14,
              "Away": "Rabbitohs",
              "Away_Score": 12,
              "Venue": "Suncorp Stadium",
              "Date": "2021-10-03T08:30:00Z",
              "Match_Centre_URL": "https://www.nrl.com/draw/nrl-premiership/2021/grand-final/panthers-v-rabbitohs/"
            }
          ]
        },
        {
          "31": [
            {
              "Round": "Grand Final",
              "Home": "Panthers",
              "Home_Score": 14,
              "Away": "Rabbitohs",
              "Away_Score": 12,
              "Venue": "Suncorp Stadium",
              "Date": "2021-10-03T08:30:00Z",
              "Match_Centre_URL": "https://www.nrl.com/draw/nrl-premiership/2021/grand-final/panthers-v-rabbitohs/"
            }
          ]
        },
        {
          "32": [
            {
              "Round": "Grand Final",
              "Home": "Panthers",
              "Home_Score": 14,
              "Away": "Rabbitohs",
              "Away_Score": 12,
              "Venue": "Suncorp Stadium",
              "Date": "2021-10-03T08:30:00Z",
              "Match_Centre_URL": "https://www.nrl.com/draw/nrl-premiership/2021/grand-final/panthers-v-rabbitohs/"
            }
          ]
        },
        {
          "33": [
            {
              "Round": "Grand Final",
              "Home": "Panthers",
              "Home_Score": 14,
              "Away": "Rabbitohs",
              "Away_Score": 12,
              "Venue": "Suncorp Stadium",
              "Date": "2021-10-03T08:30:00Z",
              "Match_Centre_URL": "https://www.nrl.com/draw/nrl-premiership/2021/grand-final/panthers-v-rabbitohs/"
            }
          ]
        }
      ]
    }
  ]
}