{
  "NRL": [
    {
      "2020": [
        {
          "1": [
            {
              "Round": "Round 1",
              "Home": "Eels",
              "Home_Score": 8,
              "Away": "Bulldogs",
              "Away_Score": 2,
              "Venue": "CommBank Stadium",
              "Date": "2020-03-12T09:05:00Z",
              "Match_Centre_URL": "https://www.nrl.com/draw/nrl-premiership/2020/round-1/eels-v-bulldogs/"
            },
            {
              "Round": "Round 1",
              "Home": "Raiders",
              "Home_Score": 24,
              "Away": "Titans",
              "Away_Score": 6,
              "Venue": "GIO Stadium",
              "Date": "2020-03-13T07:00:00Z",
              "Match_Centre_URL": "https://www.nrl.com/draw/nrl-premiership/2020/round-1/raiders-v-titans/"
            },
            {
              "Round": "Round 1",
              "Home": "Cowboys",
              "Home_Score": 21,
              "Away": "Broncos",
              "Away_Score": 28,
              "Venue": "Queensland Country Bank Stadium",
              "Date": "2020-03-13T09:05:00Z",
              "Match_Centre_URL": "https://www.nrl.com/draw/nrl-premiership/2020/round-1/cowboys-v-broncos/"
            },
            {
              "Round": "Round 1",
              "Home": "Knights",
              "Home_Score": 20,
              "Away": "Warriors",
              "Away_Score": 0,
              "Venue": "McDonald Jones Stadium",
              "Date": "2020-03-14T04:00:00Z",
              "Match_Centre_URL": "https://www.nrl.com/draw/nrl-premiership/2020/round-1/knights-v-warriors/"
            },
            {
              "Round": "Round 1",
              "Home": "Rabbitohs",
              "Home_Score": 22,
              "Away": "Sharks",
              "Away_Score": 18,
              "Venue": "Accor Stadium",
              "Date": "2020-03-14T06:30:00Z",
              "Match_Centre_URL": "https://www.nrl.com/draw/nrl-premiership/2020/round-1/rabbitohs-v-sharks/"
            },
            {
              "Round": "Round 1",
              "Home": "Panthers",
              "Home_Score": 20,
              "Away": "Roosters",
              "Away_Score": 14,
              "Venue": "BlueBet Stadium",
              "Date": "2020-03-14T08:35:00Z",
              "Match_Centre_URL": "https://www.nrl.com/draw/nrl-premiership/2020/round-1/panthers-v-roosters/"
            },
            {
              "Round": "Round 1",
              "Home": "Sea Eagles",
              "Home_Score": 4,
              "Away": "Storm",
              "Away_Score": 18,
              "Venue": "4 Pines Park",
              "Date": "2020-03-15T05:05:00Z",
              "Match_Centre_URL": "https://www.nrl.com/draw/nrl-premiership/2020/round-1/sea-eagles-v-storm/"
            },
            {
              "Round": "Round 1",
              "Home": "Dragons",
              "Home_Score": 14,
              "Away": "Wests Tigers",
              "Away_Score": 24,
              "Venue": "WIN Stadium",
              "Date": "2020-03-15T07:15:00Z",
              "Match_Centre_URL": "https://www.nrl.com/draw/nrl-premiership/2020/round-1/dragons-v-wests-tigers/"
            }
          ]
        },
        {
          "2": [
            {
              "Round": "Round 2",
              "Home": "Bulldogs",
              "Home_Score": 16,
              "Away": "Cowboys",
              "Away_Score": 24,
              "Venue": "Accor Stadium",
              "Date": "2020-03-19T09:05:00Z",
              "Match_Centre_URL": "https://www.nrl.com/draw/nrl-premiership/2020/round-2/bulldogs-v-cowboys/"
            },
            {
              "Round": "Round 2",
              "Home": "Dragons",
              "Home_Score": 28,
              "Away": "Panthers",
              "Away_Score": 32,
              "Venue": "Netstrata Jubilee Stadium",
              "Date": "2020-03-20T07:00:00Z",
              "Match_Centre_URL": "https://www.nrl.com/draw/nrl-premiership/2020/round-2/dragons-v-panthers/"
            },
            {
              "Round": "Round 2",
              "Home": "Broncos",
              "Home_Score": 22,
              "Away": "Rabbitohs",
              "Away_Score": 18,
              "Venue": "Suncorp Stadium",
              "Date": "2020-03-20T09:05:00Z",
              "Match_Centre_URL": "https://www.nrl.com/draw/nrl-premiership/2020/round-2/broncos-v-rabbitohs/"
            },
            {
              "Round": "Round 2",
              "Home": "Warriors",
              "Home_Score": 6,
              "Away": "Raiders",
              "Away_Score": 20,
              "Venue": "Cbus Super Stadium",
              "Date": "2020-03-21T04:00:00Z",
              "Match_Centre_URL": "https://www.nrl.com/draw/nrl-premiership/2020/round-2/warriors-v-raiders/"
            },
            {
              "Round": "Round 2",
              "Home": "Roosters",
              "Home_Score": 8,
              "Away": "Sea Eagles",
              "Away_Score": 9,
              "Venue": "Leichhardt Oval",
              "Date": "2020-03-21T06:30:00Z",
              "Match_Centre_URL": "https://www.nrl.com/draw/nrl-premiership/2020/round-2/roosters-v-sea-eagles/"
            },
            {
              "Round": "Round 2",
              "Home": "Sharks",
              "Home_Score": 10,
              "Away": "Storm",
              "Away_Score": 12,
              "Venue": "Netstrata Jubilee Stadium",
              "Date": "2020-03-21T08:35:00Z",
              "Match_Centre_URL": "https://www.nrl.com/draw/nrl-premiership/2020/round-2/sharks-v-storm/"
            },
            {
              "Round": "Round 2",
              "Home": "Wests Tigers",
              "Home_Score": 24,
              "Away": "Knights",
              "Away_Score": 42,
              "Venue": "Leichhardt Oval",
              "Date": "2020-03-22T05:05:00Z",
              "Match_Centre_URL": "https://www.nrl.com/draw/nrl-premiership/2020/round-2/wests-tigers-v-knights/"
            },
            {
              "Round": "Round 2",
              "Home": "Titans",
              "Home_Score": 6,
              "Away": "Eels",
              "Away_Score": 46,
              "Venue": "Cbus Super Stadium",
              "Date": "2020-03-22T07:15:00Z",
              "Match_Centre_URL": "https://www.nrl.com/draw/nrl-premiership/2020/round-2/titans-v-eels/"
            }
          ]
        },
        {
          "3": [
            {
              "Round": "Round 3",
              "Home": "Broncos",
              "Home_Score": 6,
              "Away": "Eels",
              "Away_Score": 34,
              "Venue": "Suncorp Stadium",
              "Date": "2020-05-28T09:50:00Z",
              "Match_Centre_URL": "https://www.nrl.com/draw/nrl-premiership/2020/round-3/broncos-v-eels/"
            },
            {
              "Round": "Round 3",
              "Home": "Cowboys",
              "Home_Score": 36,
              "Away": "Titans",
              "Away_Score": 6,
              "Venue": "Queensland Country Bank Stadium",
              "Date": "2020-05-29T08:00:00Z",
              "Match_Centre_URL": "https://www.nrl.com/draw/nrl-premiership/2020/round-3/cowboys-v-titans/"
            },
            {
              "Round": "Round 3",
              "Home": "Roosters",
              "Home_Score": 28,
              "Away": "Rabbitohs",
              "Away_Score": 12,
              "Venue": "CommBank Stadium",
              "Date": "2020-05-29T09:55:00Z",
              "Match_Centre_URL": "https://www.nrl.com/draw/nrl-premiership/2020/round-3/roosters-v-rabbitohs/"
            },
            {
              "Round": "Round 3",
              "Home": "Warriors",
              "Home_Score": 18,
              "Away": "Dragons",
              "Away_Score": 0,
              "Venue": "Industree Group Stadium",
              "Date": "2020-05-30T05:00:00Z",
              "Match_Centre_URL": "https://www.nrl.com/draw/nrl-premiership/2020/round-3/warriors-v-dragons/"
            },
            {
              "Round": "Round 3",
              "Home": "Sharks",
              "Home_Score": 16,
              "Away": "Wests Tigers",
              "Away_Score": 28,
              "Venue": "CommBank Stadium",
              "Date": "2020-05-30T07:30:00Z",
              "Match_Centre_URL": "https://www.nrl.com/draw/nrl-premiership/2020/round-3/sharks-v-wests-tigers/"
            },
            {
              "Round": "Round 3",
              "Home": "Storm",
              "Home_Score": 6,
              "Away": "Raiders",
              "Away_Score": 22,
              "Venue": "AAMI Park",
              "Date": "2020-05-30T09:35:00Z",
              "Match_Centre_URL": "https://www.nrl.com/draw/nrl-premiership/2020/round-3/storm-v-raiders/"
            },
            {
              "Round": "Round 3",
              "Home": "Panthers",
              "Home_Score": 14,
              "Away": "Knights",
              "Away_Score": 14,
              "Venue": "Campbelltown Sports Stadium",
              "Date": "2020-05-31T06:05:00Z",
              "Match_Centre_URL": "https://www.nrl.com/draw/nrl-premiership/2020/round-3/panthers-v-knights/"
            },
            {
              "Round": "Round 3",
              "Home": "Sea Eagles",
              "Home_Score": 32,
              "Away": "Bulldogs",
              "Away_Score": 6,
              "Venue": "Industree Group Stadium",
              "Date": "2020-05-31T08:30:00Z",
              "Match_Centre_URL": "https://www.nrl.com/draw/nrl-premiership/2020/round-3/sea-eagles-v-bulldogs/"
            }
          ]
        },
        {
          "4": [
            {
              "Round": "Round 4",
              "Home": "Broncos",
              "Home_Score": 0,
              "Away": "Roosters",
              "Away_Score": 59,
              "Venue": "Suncorp Stadium",
              "Date": "2020-06-04T09:50:00Z",
              "Match_Centre_URL": "https://www.nrl.com/draw/nrl-premiership/2020/round-4/broncos-v-roosters/"
            },
            {
              "Round": "Round 4",
              "Home": "Panthers",
              "Home_Score": 26,
              "Away": "Warriors",
              "Away_Score": 0,
              "Venue": "Campbelltown Sports Stadium",
              "Date": "2020-06-05T08:00:00Z",
              "Match_Centre_URL": "https://www.nrl.com/draw/nrl-premiership/2020/round-4/panthers-v-warriors/"
            },
            {
              "Round": "Round 4",
              "Home": "Storm",
              "Home_Score": 22,
              "Away": "Rabbitohs",
              "Away_Score": 8,
              "Venue": "AAMI Park",
              "Date": "2020-06-05T09:55:00Z",
              "Match_Centre_URL": "https://www.nrl.com/draw/nrl-premiership/2020/round-4/storm-v-rabbitohs/"
            },
            {
              "Round": "Round 4",
              "Home": "Eels",
              "Home_Score": 19,
              "Away": "Sea Eagles",
              "Away_Score": 16,
              "Venue": "CommBank Stadium",
              "Date": "2020-06-06T07:30:00Z",
              "Match_Centre_URL": "https://www.nrl.com/draw/nrl-premiership/2020/round-4/eels-v-sea-eagles/"
            },
            {
              "Round": "Round 4",
              "Home": "Cowboys",
              "Home_Score": 16,
              "Away": "Sharks",
              "Away_Score": 26,
              "Venue": "Queensland Country Bank Stadium",
              "Date": "2020-06-06T09:35:00Z",
              "Match_Centre_URL": "https://www.nrl.com/draw/nrl-premiership/2020/round-4/cowboys-v-sharks/"
            },
            {
              "Round": "Round 4",
              "Home": "Raiders",
              "Home_Score": 18,
              "Away": "Knights",
              "Away_Score": 34,
              "Venue": "Campbelltown Sports Stadium",
              "Date": "2020-06-07T06:05:00Z",
              "Match_Centre_URL": "https://www.nrl.com/draw/nrl-premiership/2020/round-4/raiders-v-knights/"
            },
            {
              "Round": "Round 4",
              "Home": "Titans",
              "Home_Score": 28,
              "Away": "Wests Tigers",
              "Away_Score": 23,
              "Venue": "Suncorp Stadium",
              "Date": "2020-06-07T08:30:00Z",
              "Match_Centre_URL": "https://www.nrl.com/draw/nrl-premiership/2020/round-4/titans-v-wests-tigers/"
            },
            {
              "Round": "Round 4",
              "Home": "Bulldogs",
              "Home_Score": 22,
              "Away": "Dragons",
              "Away_Score": 2,
              "Venue": "CommBank Stadium",
              "Date": "2020-06-08T06:05:00Z",
              "Match_Centre_URL": "https://www.nrl.com/draw/nrl-premiership/2020/round-4/bulldogs-v-dragons/"
            }
          ]
        },
        {
          "5": [
            {
              "Round": "Round 5",
              "Home": "Sea Eagles",
              "Home_Score": 20,
              "Away": "Broncos",
              "Away_Score": 18,
              "Venue": "Industree Group Stadium",
              "Date": "2020-06-11T09:50:00Z",
              "Match_Centre_URL": "https://www.nrl.com/draw/nrl-premiership/2020/round-5/sea-eagles-v-broncos/"
            },
            {
              "Round": "Round 5",
              "Home": "Warriors",
              "Home_Score": 37,
              "Away": "Cowboys",
              "Away_Score": 26,
              "Venue": "Industree Group Stadium",
              "Date": "2020-06-12T08:00:00Z",
              "Match_Centre_URL": "https://www.nrl.com/draw/nrl-premiership/2020/round-5/warriors-v-cowboys/"
            },
            {
              "Round": "Round 5",
              "Home": "Eels",
              "Home_Score": 16,
              "Away": "Panthers",
              "Away_Score": 10,
              "Venue": "CommBank Stadium",
              "Date": "2020-06-12T09:55:00Z",
              "Match_Centre_URL": "https://www.nrl.com/draw/nrl-premiership/2020/round-5/eels-v-panthers/"
            },
            {
              "Round": "Round 5",
              "Home": "Rabbitohs",
              "Home_Score": 32,
              "Away": "Titans",
              "Away_Score": 12,
              "Venue": "CommBank Stadium",
              "Date": "2020-06-13T05:00:00Z",
              "Match_Centre_URL": "https://www.nrl.com/draw/nrl-premiership/2020/round-5/rabbitohs-v-titans/"
            },
            {
              "Round": "Round 5",
              "Home": "Knights",
              "Home_Score": 12,
              "Away": "Storm",
              "Away_Score": 26,
              "Venue": "Industree Group Stadium",
              "Date": "2020-06-13T07:30:00Z",
              "Match_Centre_URL": "https://www.nrl.com/draw/nrl-premiership/2020/round-5/knights-v-storm/"
            },
            {
              "Round": "Round 5",
              "Home": "Wests Tigers",
              "Home_Score": 6,
              "Away": "Raiders",
              "Away_Score": 14,
              "Venue": "Campbelltown Sports Stadium",
              "Date": "2020-06-13T09:35:00Z",
              "Match_Centre_URL": "https://www.nrl.com/draw/nrl-premiership/2020/round-5/wests-tigers-v-raiders/"
            },
            {
              "Round": "Round 5",
              "Home": "Dragons",
              "Home_Score": 30,
              "Away": "Sharks",
              "Away_Score": 16,
              "Venue": "Campbelltown Sports Stadium",
              "Date": "2020-06-14T06:05:00Z",
              "Match_Centre_URL": "https://www.nrl.com/draw/nrl-premiership/2020/round-5/dragons-v-sharks/"
            },
            {
              "Round": "Round 5",
              "Home": "Bulldogs",
              "Home_Score": 6,
              "Away": "Roosters",
              "Away_Score": 42,
              "Venue": "CommBank Stadium",
              "Date": "2020-06-15T09:00:00Z",
              "Match_Centre_URL": "https://www.nrl.com/draw/nrl-premiership/2020/round-5/bulldogs-v-roosters/"
            }
          ]
        },
        {
          "6": [
            {
              "Round": "Round 6",
              "Home": "Knights",
              "Home_Score": 27,
              "Away": "Broncos",
              "Away_Score": 6,
              "Venue": "Industree Group Stadium",
              "Date": "2020-06-18T09:50:00Z",
              "Match_Centre_URL": "https://www.nrl.com/draw/nrl-premiership/2020/round-6/knights-v-broncos/"
            },
            {
              "Round": "Round 6",
              "Home": "Rabbitohs",
              "Home_Score": 40,
              "Away": "Warriors",
              "Away_Score": 12,
              "Venue": "CommBank Stadium",
              "Date": "2020-06-19T08:00:00Z",
              "Match_Centre_URL": "https://www.nrl.com/draw/nrl-premiership/2020/round-6/rabbitohs-v-warriors/"
            },
            {
              "Round": "Round 6",
              "Home": "Panthers",
              "Home_Score": 21,
              "Away": "Storm",
              "Away_Score": 14,
              "Venue": "Campbelltown Sports Stadium",
              "Date": "2020-06-19T09:55:00Z",
              "Match_Centre_URL": "https://www.nrl.com/draw/nrl-premiership/2020/round-6/panthers-v-storm/"
            },
            {
              "Round": "Round 6",
              "Home": "Titans",
              "Home_Score": 8,
              "Away": "Dragons",
              "Away_Score": 20,
              "Venue": "Suncorp Stadium",
              "Date": "2020-06-20T05:00:00Z",
              "Match_Centre_URL": "https://www.nrl.com/draw/nrl-premiership/2020/round-6/titans-v-dragons/"
            },
            {
              "Round": "Round 6",
              "Home": "Wests Tigers",
              "Home_Score": 36,
              "Away": "Cowboys",
              "Away_Score": 20,
              "Venue": "Campbelltown Sports Stadium",
              "Date": "2020-06-20T07:30:00Z",
              "Match_Centre_URL": "https://www.nrl.com/draw/nrl-premiership/2020/round-6/wests-tigers-v-cowboys/"
            },
            {
              "Round": "Round 6",
              "Home": "Roosters",
              "Home_Score": 24,
              "Away": "Eels",
              "Away_Score": 10,
              "Venue": "CommBank Stadium",
              "Date": "2020-06-20T09:35:00Z",
              "Match_Centre_URL": "https://www.nrl.com/draw/nrl-premiership/2020/round-6/roosters-v-eels/"
            },
            {
              "Round": "Round 6",
              "Home": "Raiders",
              "Home_Score": 6,
              "Away": "Sea Eagles",
              "Away_Score": 14,
              "Venue": "Campbelltown Sports Stadium",
              "Date": "2020-06-21T06:05:00Z",
              "Match_Centre_URL": "https://www.nrl.com/draw/nrl-premiership/2020/round-6/raiders-v-sea-eagles/"
            },
            {
              "Round": "Round 6",
              "Home": "Sharks",
              "Home_Score": 20,
              "Away": "Bulldogs",
              "Away_Score": 18,
              "Venue": "CommBank Stadium",
              "Date": "2020-06-21T08:30:00Z",
              "Match_Centre_URL": "https://www.nrl.com/draw/nrl-premiership/2020/round-6/sharks-v-bulldogs/"
            }
          ]
        },
        {
          "7": [
            {
              "Round": "Round 7",
              "Home": "Panthers",
              "Home_Score": 20,
              "Away": "Rabbitohs",
              "Away_Score": 12,
              "Venue": "Netstrata Jubilee Stadium",
              "Date": "2020-06-25T09:50:00Z",
              "Match_Centre_URL": "https://www.nrl.com/draw/nrl-premiership/2020/round-7/panthers-v-rabbitohs/"
            },
            {
              "Round": "Round 7",
              "Home": "Storm",
              "Home_Score": 50,
              "Away": "Warriors",
              "Away_Score": 6,
              "Venue": "Netstrata Jubilee Stadium",
              "Date": "2020-06-26T08:00:00Z",
              "Match_Centre_URL": "https://www.nrl.com/draw/nrl-premiership/2020/round-7/storm-v-warriors/"
            },
            {
              "Round": "Round 7",
              "Home": "Roosters",
              "Home_Score": 26,
              "Away": "Dragons",
              "Away_Score": 12,
              "Venue": "CommBank Stadium",
              "Date": "2020-06-26T09:55:00Z",
              "Match_Centre_URL": "https://www.nrl.com/draw/nrl-premiership/2020/round-7/roosters-v-dragons/"
            },
            {
              "Round": "Round 7",
              "Home": "Cowboys",
              "Home_Score": 32,
              "Away": "Knights",
              "Away_Score": 20,
              "Venue": "Queensland Country Bank Stadium",
              "Date": "2020-06-27T05:00:00Z",
              "Match_Centre_URL": "https://www.nrl.com/draw/nrl-premiership/2020/round-7/cowboys-v-knights/"
            },
            {
              "Round": "Round 7",
              "Home": "Broncos",
              "Home_Score": 12,
              "Away": "Titans",
              "Away_Score": 30,
              "Venue": "Suncorp Stadium",
              "Date": "2020-06-27T07:30:00Z",
              "Match_Centre_URL": "https://www.nrl.com/draw/nrl-premiership/2020/round-7/broncos-v-titans/"
            },
            {
              "Round": "Round 7",
              "Home": "Eels",
              "Home_Score": 25,
              "Away": "Raiders",
              "Away_Score": 24,
              "Venue": "CommBank Stadium",
              "Date": "2020-06-27T09:35:00Z",
              "Match_Centre_URL": "https://www.nrl.com/draw/nrl-premiership/2020/round-7/eels-v-raiders/"
            },
            {
              "Round": "Round 7",
              "Home": "Sea Eagles",
              "Home_Score": 22,
              "Away": "Sharks",
              "Away_Score": 40,
              "Venue": "Industree Group Stadium",
              "Date": "2020-06-28T06:05:00Z",
              "Match_Centre_URL": "https://www.nrl.com/draw/nrl-premiership/2020/round-7/sea-eagles-v-sharks/"
            },
            {
              "Round": "Round 7",
              "Home": "Bulldogs",
              "Home_Score": 6,
              "Away": "Wests Tigers",
              "Away_Score": 34,
              "Venue": "CommBank Stadium",
              "Date": "2020-06-28T08:30:00Z",
              "Match_Centre_URL": "https://www.nrl.com/draw/nrl-premiership/2020/round-7/bulldogs-v-wests-tigers/"
            }
          ]
        },
        {
          "8": [
            {
              "Round": "Round 8",
              "Home": "Storm",
              "Home_Score": 27,
              "Away": "Roosters",
              "Away_Score": 25,
              "Venue": "Suncorp Stadium",
              "Date": "2020-07-02T09:50:00Z",
              "Match_Centre_URL": "https://www.nrl.com/draw/nrl-premiership/2020/round-8/storm-v-roosters/"
            },
            {
              "Round": "Round 8",
              "Home": "Raiders",
              "Home_Score": 22,
              "Away": "Dragons",
              "Away_Score": 16,
              "Venue": "GIO Stadium",
              "Date": "2020-07-03T08:00:00Z",
              "Match_Centre_URL": "https://www.nrl.com/draw/nrl-premiership/2020/round-8/raiders-v-dragons/"
            },
            {
              "Round": "Round 8",
              "Home": "Eels",
              "Home_Score": 42,
              "Away": "Cowboys",
              "Away_Score": 4,
              "Venue": "CommBank Stadium",
              "Date": "2020-07-03T09:55:00Z",
              "Match_Centre_URL": "https://www.nrl.com/draw/nrl-premiership/2020/round-8/eels-v-cowboys/"
            },
            {
              "Round": "Round 8",
              "Home": "Titans",
              "Home_Score": 10,
              "Away": "Sharks",
              "Away_Score": 40,
              "Venue": "Cbus Super Stadium",
              "Date": "2020-07-04T05:00:00Z",
              "Match_Centre_URL": "https://www.nrl.com/draw/nrl-premiership/2020/round-8/titans-v-sharks/"
            },
            {
              "Round": "Round 8",
              "Home": "Warriors",
              "Home_Score": 26,
              "Away": "Broncos",
              "Away_Score": 16,
              "Venue": "Industree Group Stadium",
              "Date": "2020-07-04T07:30:00Z",
              "Match_Centre_URL": "https://www.nrl.com/draw/nrl-premiership/2020/round-8/warriors-v-broncos/"
            },
            {
              "Round": "Round 8",
              "Home": "Wests Tigers",
              "Home_Score": 12,
              "Away": "Panthers",
              "Away_Score": 19,
              "Venue": "CommBank Stadium",
              "Date": "2020-07-04T09:35:00Z",
              "Match_Centre_URL": "https://www.nrl.com/draw/nrl-premiership/2020/round-8/wests-tigers-v-panthers/"
            },
            {
              "Round": "Round 8",
              "Home": "Sea Eagles",
              "Home_Score": 12,
              "Away": "Knights",
              "Away_Score": 14,
              "Venue": "4 Pines Park",
              "Date": "2020-07-05T06:05:00Z",
              "Match_Centre_URL": "https://www.nrl.com/draw/nrl-premiership/2020/round-8/sea-eagles-v-knights/"
            },
            {
              "Round": "Round 8",
              "Home": "Bulldogs",
              "Home_Score": 10,
              "Away": "Rabbitohs",
              "Away_Score": 26,
              "Venue": "CommBank Stadium",
              "Date": "2020-07-05T08:30:00Z",
              "Match_Centre_URL": "https://www.nrl.com/draw/nrl-premiership/2020/round-8/bulldogs-v-rabbitohs/"
            }
          ]
        },
        {
          "9": [
            {
              "Round": "Round 9",
              "Home": "Cowboys",
              "Home_Score": 16,
              "Away": "Roosters",
              "Away_Score": 42,
              "Venue": "Queensland Country Bank Stadium",
              "Date": "2020-07-09T09:50:00Z",
              "Match_Centre_URL": "https://www.nrl.com/draw/nrl-premiership/2020/round-9/cowboys-v-roosters/"
            },
            {
              "Round": "Round 9",
              "Home": "Titans",
              "Home_Score": 16,
              "Away": "Warriors",
              "Away_Score": 12,
              "Venue": "Cbus Super Stadium",
              "Date": "2020-07-10T08:00:00Z",
              "Match_Centre_URL": "https://www.nrl.com/draw/nrl-premiership/2020/round-9/titans-v-warriors/"
            },
            {
              "Round": "Round 9",
              "Home": "Rabbitohs",
              "Home_Score": 18,
              "Away": "Wests Tigers",
              "Away_Score": 10,
              "Venue": "CommBank Stadium",
              "Date": "2020-07-10T09:55:00Z",
              "Match_Centre_URL": "https://www.nrl.com/draw/nrl-premiership/2020/round-9/rabbitohs-v-wests-tigers/"
            },
            {
              "Round": "Round 9",
              "Home": "Sharks",
              "Home_Score": 24,
              "Away": "Panthers",
              "Away_Score": 56,
              "Venue": "Netstrata Jubilee Stadium",
              "Date": "2020-07-11T05:00:00Z",
              "Match_Centre_URL": "https://www.nrl.com/draw/nrl-premiership/2020/round-9/sharks-v-panthers/"
            },
            {
              "Round": "Round 9",
              "Home": "Broncos",
              "Home_Score": 26,
              "Away": "Bulldogs",
              "Away_Score": 8,
              "Venue": "Suncorp Stadium",
              "Date": "2020-07-11T07:30:00Z",
              "Match_Centre_URL": "https://www.nrl.com/draw/nrl-premiership/2020/round-9/broncos-v-bulldogs/"
            },
            {
              "Round": "Round 9",
              "Home": "Raiders",
              "Home_Score": 14,
              "Away": "Storm",
              "Away_Score": 20,
              "Venue": "GIO Stadium",
              "Date": "2020-07-11T09:35:00Z",
              "Match_Centre_URL": "https://www.nrl.com/draw/nrl-premiership/2020/round-9/raiders-v-storm/"
            },
            {
              "Round": "Round 9",
              "Home": "Knights",
              "Home_Score": 4,
              "Away": "Eels",
              "Away_Score": 10,
              "Venue": "McDonald Jones Stadium",
              "Date": "2020-07-12T06:05:00Z",
              "Match_Centre_URL": "https://www.nrl.com/draw/nrl-premiership/2020/round-9/knights-v-eels/"
            },
            {
              "Round": "Round 9",
              "Home": "Dragons",
              "Home_Score": 34,
              "Away": "Sea Eagles",
              "Away_Score": 4,
              "Venue": "Netstrata Jubilee Stadium",
              "Date": "2020-07-12T08:30:00Z",
              "Match_Centre_URL": "https://www.nrl.com/draw/nrl-premiership/2020/round-9/dragons-v-sea-eagles/"
            }
          ]
        },
        {
          "10": [
            {
              "Round": "Round 10",
              "Home": "Roosters",
              "Home_Score": 20,
              "Away": "Raiders",
              "Away_Score": 24,
              "Venue": "Sydney Cricket Ground",
              "Date": "2020-07-16T09:50:00Z",
              "Match_Centre_URL": "https://www.nrl.com/draw/nrl-premiership/2020/round-10/roosters-v-raiders/"
            },
            {
              "Round": "Round 10",
              "Home": "Storm",
              "Home_Score": 42,
              "Away": "Titans",
              "Away_Score": 6,
              "Venue": "Sunshine Coast Stadium",
              "Date": "2020-07-17T08:00:00Z",
              "Match_Centre_URL": "https://www.nrl.com/draw/nrl-premiership/2020/round-10/storm-v-titans/"
            },
            {
              "Round": "Round 10",
              "Home": "Wests Tigers",
              "Home_Score": 48,
              "Away": "Broncos",
              "Away_Score": 0,
              "Venue": "Leichhardt Oval",
              "Date": "2020-07-17T09:55:00Z",
              "Match_Centre_URL": "https://www.nrl.com/draw/nrl-premiership/2020/round-10/wests-tigers-v-broncos/"
            },
            {
              "Round": "Round 10",
              "Home": "Dragons",
              "Home_Score": 28,
              "Away": "Bulldogs",
              "Away_Score": 22,
              "Venue": "WIN Stadium",
              "Date": "2020-07-18T05:00:00Z",
              "Match_Centre_URL": "https://www.nrl.com/draw/nrl-premiership/2020/round-10/dragons-v-bulldogs/"
            },
            {
              "Round": "Round 10",
              "Home": "Rabbitohs",
              "Home_Score": 18,
              "Away": "Knights",
              "Away_Score": 20,
              "Venue": "CommBank Stadium",
              "Date": "2020-07-18T07:30:00Z",
              "Match_Centre_URL": "https://www.nrl.com/draw/nrl-premiership/2020/round-10/rabbitohs-v-knights/"
            },
            {
              "Round": "Round 10",
              "Home": "Sea Eagles",
              "Home_Score": 22,
              "Away": "Eels",
              "Away_Score": 18,
              "Venue": "4 Pines Park",
              "Date": "2020-07-18T09:35:00Z",
              "Match_Centre_URL": "https://www.nrl.com/draw/nrl-premiership/2020/round-10/sea-eagles-v-eels/"
            },
            {
              "Round": "Round 10",
              "Home": "Warriors",
              "Home_Score": 10,
              "Away": "Sharks",
              "Away_Score": 46,
              "Venue": "Industree Group Stadium",
              "Date": "2020-07-19T04:00:00Z",
              "Match_Centre_URL": "https://www.nrl.com/draw/nrl-premiership/2020/round-10/warriors-v-sharks/"
            },
            {
              "Round": "Round 10",
              "Home": "Panthers",
              "Home_Score": 22,
              "Away": "Cowboys",
              "Away_Score": 10,
              "Venue": "BlueBet Stadium",
              "Date": "2020-07-19T06:05:00Z",
              "Match_Centre_URL": "https://www.nrl.com/draw/nrl-premiership/2020/round-10/panthers-v-cowboys/"
            }
          ]
        },
        {
          "11": [
            {
              "Round": "Round 11",
              "Home": "Eels",
              "Home_Score": 26,
              "Away": "Wests Tigers",
              "Away_Score": 16,
              "Venue": "CommBank Stadium",
              "Date": "2020-07-23T09:50:00Z",
              "Match_Centre_URL": "https://www.nrl.com/draw/nrl-premiership/2020/round-11/eels-v-wests-tigers/"
            },
            {
              "Round": "Round 11",
              "Home": "Cowboys",
              "Home_Score": 12,
              "Away": "Sea Eagles",
              "Away_Score": 24,
              "Venue": "Queensland Country Bank Stadium",
              "Date": "2020-07-24T08:00:00Z",
              "Match_Centre_URL": "https://www.nrl.com/draw/nrl-premiership/2020/round-11/cowboys-v-sea-eagles/"
            },
            {
              "Round": "Round 11",
              "Home": "Broncos",
              "Home_Score": 8,
              "Away": "Storm",
              "Away_Score": 46,
              "Venue": "Suncorp Stadium",
              "Date": "2020-07-24T09:55:00Z",
              "Match_Centre_URL": "https://www.nrl.com/draw/nrl-premiership/2020/round-11/broncos-v-storm/"
            },
            {
              "Round": "Round 11",
              "Home": "Warriors",
              "Home_Score": 10,
              "Away": "Roosters",
              "Away_Score": 18,
              "Venue": "Industree Group Stadium",
              "Date": "2020-07-25T05:00:00Z",
              "Match_Centre_URL": "https://www.nrl.com/draw/nrl-premiership/2020/round-11/warriors-v-roosters/"
            },
            {
              "Round": "Round 11",
              "Home": "Sharks",
              "Home_Score": 28,
              "Away": "Dragons",
              "Away_Score": 24,
              "Venue": "Netstrata Jubilee Stadium",
              "Date": "2020-07-25T07:30:00Z",
              "Match_Centre_URL": "https://www.nrl.com/draw/nrl-premiership/2020/round-11/sharks-v-dragons/"
            },
            {
              "Round": "Round 11",
              "Home": "Raiders",
              "Home_Score": 18,
              "Away": "Rabbitohs",
              "Away_Score": 12,
              "Venue": "GIO Stadium",
              "Date": "2020-07-25T09:35:00Z",
              "Match_Centre_URL": "https://www.nrl.com/draw/nrl-premiership/2020/round-11/raiders-v-rabbitohs/"
            },
            {
              "Round": "Round 11",
              "Home": "Knights",
              "Home_Score": 12,
              "Away": "Bulldogs",
              "Away_Score": 18,
              "Venue": "McDonald Jones Stadium",
              "Date": "2020-07-26T04:00:00Z",
              "Match_Centre_URL": "https://www.nrl.com/draw/nrl-premiership/2020/round-11/knights-v-bulldogs/"
            },
            {
              "Round": "Round 11",
              "Home": "Titans",
              "Home_Score": 14,
              "Away": "Panthers",
              "Away_Score": 22,
              "Venue": "Cbus Super Stadium",
              "Date": "2020-07-26T06:05:00Z",
              "Match_Centre_URL": "https://www.nrl.com/draw/nrl-premiership/2020/round-11/titans-v-panthers/"
            }
          ]
        },
        {
          "12": [
            {
              "Round": "Round 12",
              "Home": "Dragons",
              "Home_Score": 24,
              "Away": "Rabbitohs",
              "Away_Score": 32,
              "Venue": "Netstrata Jubilee Stadium",
              "Date": "2020-07-30T09:50:00Z",
              "Match_Centre_URL": "https://www.nrl.com/draw/nrl-premiership/2020/round-12/dragons-v-rabbitohs/"
            },
            {
              "Round": "Round 12",
              "Home": "Wests Tigers",
              "Home_Score": 20,
              "Away": "Warriors",
              "Away_Score": 26,
              "Venue": "Sydney Cricket Ground",
              "Date": "2020-07-31T08:00:00Z",
              "Match_Centre_URL": "https://www.nrl.com/draw/nrl-premiership/2020/round-12/wests-tigers-v-warriors/"
            },
            {
              "Round": "Round 12",
              "Home": "Broncos",
              "Home_Score": 26,
              "Away": "Sharks",
              "Away_Score": 36,
              "Venue": "Suncorp Stadium",
              "Date": "2020-07-31T09:55:00Z",
              "Match_Centre_URL": "https://www.nrl.com/draw/nrl-premiership/2020/round-12/broncos-v-sharks/"
            },
            {
              "Round": "Round 12",
              "Home": "Roosters",
              "Home_Score": 18,
              "Away": "Titans",
              "Away_Score": 12,
              "Venue": "Sydney Cricket Ground",
              "Date": "2020-08-01T05:00:00Z",
              "Match_Centre_URL": "https://www.nrl.com/draw/nrl-premiership/2020/round-12/roosters-v-titans/"
            },
            {
              "Round": "Round 12",
              "Home": "Cowboys",
              "Home_Score": 12,
              "Away": "Raiders",
              "Away_Score": 14,
              "Venue": "Queensland Country Bank Stadium",
              "Date": "2020-08-01T07:30:00Z",
              "Match_Centre_URL": "https://www.nrl.com/draw/nrl-premiership/2020/round-12/cowboys-v-raiders/"
            },
            {
              "Round": "Round 12",
              "Home": "Sea Eagles",
              "Home_Score": 12,
              "Away": "Panthers",
              "Away_Score": 42,
              "Venue": "4 Pines Park",
              "Date": "2020-08-01T09:35:00Z",
              "Match_Centre_URL": "https://www.nrl.com/draw/nrl-premiership/2020/round-12/sea-eagles-v-panthers/"
            },
            {
              "Round": "Round 12",
              "Home": "Bulldogs",
              "Home_Score": 16,
              "Away": "Eels",
              "Away_Score": 18,
              "Venue": "Accor Stadium",
              "Date": "2020-08-02T04:00:00Z",
              "Match_Centre_URL": "https://www.nrl.com/draw/nrl-premiership/2020/round-12/bulldogs-v-eels/"
            },
            {
              "Round": "Round 12",
              "Home": "Storm",
              "Home_Score": 26,
              "Away": "Knights",
              "Away_Score": 16,
              "Venue": "Sunshine Coast Stadium",
              "Date": "2020-08-02T06:05:00Z",
              "Match_Centre_URL": "https://www.nrl.com/draw/nrl-premiership/2020/round-12/storm-v-knights/"
            }
          ]
        },
        {
          "13": [
            {
              "Round": "Round 13",
              "Home": "Dragons",
              "Home_Score": 16,
              "Away": "Roosters",
              "Away_Score": 24,
              "Venue": "WIN Stadium",
              "Date": "2020-08-06T09:50:00Z",
              "Match_Centre_URL": "https://www.nrl.com/draw/nrl-premiership/2020/round-13/dragons-v-roosters/"
            },
            {
              "Round": "Round 13",
              "Home": "Sea Eagles",
              "Home_Score": 22,
              "Away": "Warriors",
              "Away_Score": 26,
              "Venue": "4 Pines Park",
              "Date": "2020-08-07T08:00:00Z",
              "Match_Centre_URL": "https://www.nrl.com/draw/nrl-premiership/2020/round-13/sea-eagles-v-warriors/"
            },
            {
              "Round": "Round 13",
              "Home": "Rabbitohs",
              "Home_Score": 28,
              "Away": "Broncos",
              "Away_Score": 10,
              "Venue": "Accor Stadium",
              "Date": "2020-08-07T09:55:00Z",
              "Match_Centre_URL": "https://www.nrl.com/draw/nrl-premiership/2020/round-13/rabbitohs-v-broncos/"
            },
            {
              "Round": "Round 13",
              "Home": "Storm",
              "Home_Score": 41,
              "Away": "Bulldogs",
              "Away_Score": 10,
              "Venue": "Sunshine Coast Stadium",
              "Date": "2020-08-08T05:00:00Z",
              "Match_Centre_URL": "https://www.nrl.com/draw/nrl-premiership/2020/round-13/storm-v-bulldogs/"
            },
            {
              "Round": "Round 13",
              "Home": "Knights",
              "Home_Score": 44,
              "Away": "Wests Tigers",
              "Away_Score": 4,
              "Venue": "McDonald Jones Stadium",
              "Date": "2020-08-08T07:30:00Z",
              "Match_Centre_URL": "https://www.nrl.com/draw/nrl-premiership/2020/round-13/knights-v-wests-tigers/"
            },
            {
              "Round": "Round 13",
              "Home": "Panthers",
              "Home_Score": 28,
              "Away": "Raiders",
              "Away_Score": 12,
              "Venue": "BlueBet Stadium",
              "Date": "2020-08-08T09:35:00Z",
              "Match_Centre_URL": "https://www.nrl.com/draw/nrl-premiership/2020/round-13/panthers-v-raiders/"
            },
            {
              "Round": "Round 13",
              "Home": "Titans",
              "Home_Score": 30,
              "Away": "Cowboys",
              "Away_Score": 10,
              "Venue": "Cbus Super Stadium",
              "Date": "2020-08-09T04:00:00Z",
              "Match_Centre_URL": "https://www.nrl.com/draw/nrl-premiership/2020/round-13/titans-v-cowboys/"
            },
            {
              "Round": "Round 13",
              "Home": "Sharks",
              "Home_Score": 12,
              "Away": "Eels",
              "Away_Score": 14,
              "Venue": "Netstrata Jubilee Stadium",
              "Date": "2020-08-09T06:05:00Z",
              "Match_Centre_URL": "https://www.nrl.com/draw/nrl-premiership/2020/round-13/sharks-v-eels/"
            }
          ]
        },
        {
          "14": [
            {
              "Round": "Round 14",
              "Home": "Roosters",
              "Home_Score": 6,
              "Away": "Storm",
              "Away_Score": 24,
              "Venue": "Sydney Cricket Ground",
              "Date": "2020-08-13T09:50:00Z",
              "Match_Centre_URL": "https://www.nrl.com/draw/nrl-premiership/2020/round-14/roosters-v-storm/"
            },
            {
              "Round": "Round 14",
              "Home": "Warriors",
              "Home_Score": 12,
              "Away": "Panthers",
              "Away_Score": 18,
              "Venue": "Industree Group Stadium",
              "Date": "2020-08-14T08:00:00Z",
              "Match_Centre_URL": "https://www.nrl.com/draw/nrl-premiership/2020/round-14/warriors-v-panthers/"
            },
            {
              "Round": "Round 14",
              "Home": "Eels",
              "Home_Score": 12,
              "Away": "Dragons",
              "Away_Score": 14,
              "Venue": "CommBank Stadium",
              "Date": "2020-08-14T09:55:00Z",
              "Match_Centre_URL": "https://www.nrl.com/draw/nrl-premiership/2020/round-14/eels-v-dragons/"
            },
            {
              "Round": "Round 14",
              "Home": "Sharks",
              "Home_Score": 30,
              "Away": "Titans",
              "Away_Score": 18,
              "Venue": "Netstrata Jubilee Stadium",
              "Date": "2020-08-15T05:00:00Z",
              "Match_Centre_URL": "https://www.nrl.com/draw/nrl-premiership/2020/round-14/sharks-v-titans/"
            },
            {
              "Round": "Round 14",
              "Home": "Cowboys",
              "Home_Score": 30,
              "Away": "Rabbitohs",
              "Away_Score": 31,
              "Venue": "Queensland Country Bank Stadium",
              "Date": "2020-08-15T07:30:00Z",
              "Match_Centre_URL": "https://www.nrl.com/draw/nrl-premiership/2020/round-14/cowboys-v-rabbitohs/"
            },
            {
              "Round": "Round 14",
              "Home": "Raiders",
              "Home_Score": 36,
              "Away": "Broncos",
              "Away_Score": 8,
              "Venue": "GIO Stadium",
              "Date": "2020-08-15T09:35:00Z",
              "Match_Centre_URL": "https://www.nrl.com/draw/nrl-premiership/2020/round-14/raiders-v-broncos/"
            },
            {
              "Round": "Round 14",
              "Home": "Knights",
              "Home_Score": 26,
              "Away": "Sea Eagles",
              "Away_Score": 24,
              "Venue": "McDonald Jones Stadium",
              "Date": "2020-08-16T04:00:00Z",
              "Match_Centre_URL": "https://www.nrl.com/draw/nrl-premiership/2020/round-14/knights-v-sea-eagles/"
            },
            {
              "Round": "Round 14",
              "Home": "Wests Tigers",
              "Home_Score": 29,
              "Away": "Bulldogs",
              "Away_Score": 28,
              "Venue": "CommBank Stadium",
              "Date": "2020-08-16T06:05:00Z",
              "Match_Centre_URL": "https://www.nrl.com/draw/nrl-premiership/2020/round-14/wests-tigers-v-bulldogs/"
            }
          ]
        },
        {
          "15": [
            {
              "Round": "Round 15",
              "Home": "Eels",
              "Home_Score": 14,
              "Away": "Storm",
              "Away_Score": 0,
              "Venue": "CommBank Stadium",
              "Date": "2020-08-20T09:50:00Z",
              "Match_Centre_URL": "https://www.nrl.com/draw/nrl-premiership/2020/round-15/eels-v-storm/"
            },
            {
              "Round": "Round 15",
              "Home": "Panthers",
              "Home_Score": 38,
              "Away": "Sharks",
              "Away_Score": 12,
              "Venue": "BlueBet Stadium",
              "Date": "2020-08-21T08:00:00Z",
              "Match_Centre_URL": "https://www.nrl.com/draw/nrl-premiership/2020/round-15/panthers-v-sharks/"
            },
            {
              "Round": "Round 15",
              "Home": "Broncos",
              "Home_Score": 24,
              "Away": "Dragons",
              "Away_Score": 28,
              "Venue": "Suncorp Stadium",
              "Date": "2020-08-21T09:55:00Z",
              "Match_Centre_URL": "https://www.nrl.com/draw/nrl-premiership/2020/round-15/broncos-v-dragons/"
            },
            {
              "Round": "Round 15",
              "Home": "Titans",
              "Home_Score": 16,
              "Away": "Raiders",
              "Away_Score": 36,
              "Venue": "Cbus Super Stadium",
              "Date": "2020-08-22T05:00:00Z",
              "Match_Centre_URL": "https://www.nrl.com/draw/nrl-premiership/2020/round-15/titans-v-raiders/"
            },
            {
              "Round": "Round 15",
              "Home": "Wests Tigers",
              "Home_Score": 16,
              "Away": "Roosters",
              "Away_Score": 38,
              "Venue": "Leichhardt Oval",
              "Date": "2020-08-22T07:30:00Z",
              "Match_Centre_URL": "https://www.nrl.com/draw/nrl-premiership/2020/round-15/wests-tigers-v-roosters/"
            },
            {
              "Round": "Round 15",
              "Home": "Rabbitohs",
              "Home_Score": 56,
              "Away": "Sea Eagles",
              "Away_Score": 16,
              "Venue": "Accor Stadium",
              "Date": "2020-08-22T09:35:00Z",
              "Match_Centre_URL": "https://www.nrl.com/draw/nrl-premiership/2020/round-15/rabbitohs-v-sea-eagles/"
            },
            {
              "Round": "Round 15",
              "Home": "Bulldogs",
              "Home_Score": 14,
              "Away": "Warriors",
              "Away_Score": 20,
              "Venue": "Accor Stadium",
              "Date": "2020-08-23T04:00:00Z",
              "Match_Centre_URL": "https://www.nrl.com/draw/nrl-premiership/2020/round-15/bulldogs-v-warriors/"
            },
            {
              "Round": "Round 15",
              "Home": "Knights",
              "Home_Score": 12,
              "Away": "Cowboys",
              "Away_Score": 0,
              "Venue": "McDonald Jones Stadium",
              "Date": "2020-08-23T06:05:00Z",
              "Match_Centre_URL": "https://www.nrl.com/draw/nrl-premiership/2020/round-15/knights-v-cowboys/"
            }
          ]
        },
        {
          "16": [
            {
              "Round": "Round 16",
              "Home": "Eels",
              "Home_Score": 0,
              "Away": "Rabbitohs",
              "Away_Score": 38,
              "Venue": "CommBank Stadium",
              "Date": "2020-08-27T09:50:00Z",
              "Match_Centre_URL": "https://www.nrl.com/draw/nrl-premiership/2020/round-16/eels-v-rabbitohs/"
            },
            {
              "Round": "Round 16",
              "Home": "Dragons",
              "Home_Score": 10,
              "Away": "Titans",
              "Away_Score": 14,
              "Venue": "Netstrata Jubilee Stadium",
              "Date": "2020-08-28T08:00:00Z",
              "Match_Centre_URL": "https://www.nrl.com/draw/nrl-premiership/2020/round-16/dragons-v-titans/"
            },
            {
              "Round": "Round 16",
              "Home": "Roosters",
              "Home_Score": 58,
              "Away": "Broncos",
              "Away_Score": 12,
              "Venue": "Sydney Cricket Ground",
              "Date": "2020-08-28T09:55:00Z",
              "Match_Centre_URL": "https://www.nrl.com/draw/nrl-premiership/2020/round-16/roosters-v-broncos/"
            },
            {
              "Round": "Round 16",
              "Home": "Warriors",
              "Home_Score": 36,
              "Away": "Knights",
              "Away_Score": 6,
              "Venue": "Scully Park",
              "Date": "2020-08-29T05:00:00Z",
              "Match_Centre_URL": "https://www.nrl.com/draw/nrl-premiership/2020/round-16/warriors-v-knights/"
            },
            {
              "Round": "Round 16",
              "Home": "Sharks",
              "Home_Score": 28,
              "Away": "Cowboys",
              "Away_Score": 12,
              "Venue": "Netstrata Jubilee Stadium",
              "Date": "2020-08-29T07:30:00Z",
              "Match_Centre_URL": "https://www.nrl.com/draw/nrl-premiership/2020/round-16/sharks-v-cowboys/"
            },
            {
              "Round": "Round 16",
              "Home": "Panthers",
              "Home_Score": 30,
              "Away": "Wests Tigers",
              "Away_Score": 6,
              "Venue": "BlueBet Stadium",
              "Date": "2020-08-29T09:35:00Z",
              "Match_Centre_URL": "https://www.nrl.com/draw/nrl-premiership/2020/round-16/panthers-v-wests-tigers/"
            },
            {
              "Round": "Round 16",
              "Home": "Storm",
              "Home_Score": 30,
              "Away": "Sea Eagles",
              "Away_Score": 6,
              "Venue": "Sunshine Coast Stadium",
              "Date": "2020-08-30T06:05:00Z",
              "Match_Centre_URL": "https://www.nrl.com/draw/nrl-premiership/2020/round-16/storm-v-sea-eagles/"
            },
            {
              "Round": "Round 16",
              "Home": "Raiders",
              "Home_Score": 34,
              "Away": "Bulldogs",
              "Away_Score": 20,
              "Venue": "GIO Stadium",
              "Date": "2020-08-30T08:30:00Z",
              "Match_Centre_URL": "https://www.nrl.com/draw/nrl-premiership/2020/round-16/raiders-v-bulldogs/"
            }
          ]
        },
        {
          "17": [
            {
              "Round": "Round 17",
              "Home": "Broncos",
              "Home_Score": 12,
              "Away": "Panthers",
              "Away_Score": 25,
              "Venue": "Suncorp Stadium",
              "Date": "2020-09-03T09:50:00Z",
              "Match_Centre_URL": "https://www.nrl.com/draw/nrl-premiership/2020/round-17/broncos-v-panthers/"
            },
            {
              "Round": "Round 17",
              "Home": "Knights",
              "Home_Score": 38,
              "Away": "Sharks",
              "Away_Score": 10,
              "Venue": "McDonald Jones Stadium",
              "Date": "2020-09-04T08:00:00Z",
              "Match_Centre_URL": "https://www.nrl.com/draw/nrl-premiership/2020/round-17/knights-v-sharks/"
            },
            {
              "Round": "Round 17",
              "Home": "Rabbitohs",
              "Home_Score": 16,
              "Away": "Storm",
              "Away_Score": 22,
              "Venue": "Accor Stadium",
              "Date": "2020-09-04T09:55:00Z",
              "Match_Centre_URL": "https://www.nrl.com/draw/nrl-premiership/2020/round-17/rabbitohs-v-storm/"
            },
            {
              "Round": "Round 17",
              "Home": "Bulldogs",
              "Home_Score": 14,
              "Away": "Titans",
              "Away_Score": 18,
              "Venue": "Accor Stadium",
              "Date": "2020-09-05T05:00:00Z",
              "Match_Centre_URL": "https://www.nrl.com/draw/nrl-premiership/2020/round-17/bulldogs-v-titans/"
            },
            {
              "Round": "Round 17",
              "Home": "Sea Eagles",
              "Home_Score": 32,
              "Away": "Wests Tigers",
              "Away_Score": 34,
              "Venue": "4 Pines Park",
              "Date": "2020-09-05T07:30:00Z",
              "Match_Centre_URL": "https://www.nrl.com/draw/nrl-premiership/2020/round-17/sea-eagles-v-wests-tigers/"
            },
            {
              "Round": "Round 17",
              "Home": "Raiders",
              "Home_Score": 6,
              "Away": "Roosters",
              "Away_Score": 18,
              "Venue": "GIO Stadium",
              "Date": "2020-09-05T09:35:00Z",
              "Match_Centre_URL": "https://www.nrl.com/draw/nrl-premiership/2020/round-17/raiders-v-roosters/"
            },
            {
              "Round": "Round 17",
              "Home": "Warriors",
              "Home_Score": 18,
              "Away": "Eels",
              "Away_Score": 24,
              "Venue": "Industree Group Stadium",
              "Date": "2020-09-06T06:05:00Z",
              "Match_Centre_URL": "https://www.nrl.com/draw/nrl-premiership/2020/round-17/warriors-v-eels/"
            },
            {
              "Round": "Round 17",
              "Home": "Cowboys",
              "Home_Score": 23,
              "Away": "Dragons",
              "Away_Score": 22,
              "Venue": "Queensland Country Bank Stadium",
              "Date": "2020-09-06T08:30:00Z",
              "Match_Centre_URL": "https://www.nrl.com/draw/nrl-premiership/2020/round-17/cowboys-v-dragons/"
            }
          ]
        },
        {
          "18": [
            {
              "Round": "Round 18",
              "Home": "Wests Tigers",
              "Home_Score": 24,
              "Away": "Rabbitohs",
              "Away_Score": 26,
              "Venue": "CommBank Stadium",
              "Date": "2020-09-10T09:50:00Z",
              "Match_Centre_URL": "https://www.nrl.com/draw/nrl-premiership/2020/round-18/wests-tigers-v-rabbitohs/"
            },
            {
              "Round": "Round 18",
              "Home": "Bulldogs",
              "Home_Score": 20,
              "Away": "Sea Eagles",
              "Away_Score": 32,
              "Venue": "Accor Stadium",
              "Date": "2020-09-11T08:00:00Z",
              "Match_Centre_URL": "https://www.nrl.com/draw/nrl-premiership/2020/round-18/bulldogs-v-sea-eagles/"
            },
            {
              "Round": "Round 18",
              "Home": "Panthers",
              "Home_Score": 20,
              "Away": "Eels",
              "Away_Score": 2,
              "Venue": "BlueBet Stadium",
              "Date": "2020-09-11T09:55:00Z",
              "Match_Centre_URL": "https://www.nrl.com/draw/nrl-premiership/2020/round-18/panthers-v-eels/"
            },
            {
              "Round": "Round 18",
              "Home": "Dragons",
              "Home_Score": 8,
              "Away": "Raiders",
              "Away_Score": 37,
              "Venue": "WIN Stadium",
              "Date": "2020-09-12T05:00:00Z",
              "Match_Centre_URL": "https://www.nrl.com/draw/nrl-premiership/2020/round-18/dragons-v-raiders/"
            },
            {
              "Round": "Round 18",
              "Home": "Titans",
              "Home_Score": 18,
              "Away": "Broncos",
              "Away_Score": 6,
              "Venue": "Cbus Super Stadium",
              "Date": "2020-09-12T07:30:00Z",
              "Match_Centre_URL": "https://www.nrl.com/draw/nrl-premiership/2020/round-18/titans-v-broncos/"
            },
            {
              "Round": "Round 18",
              "Home": "Roosters",
              "Home_Score": 42,
              "Away": "Knights",
              "Away_Score": 12,
              "Venue": "Sydney Cricket Ground",
              "Date": "2020-09-12T09:35:00Z",
              "Match_Centre_URL": "https://www.nrl.com/draw/nrl-premiership/2020/round-18/roosters-v-knights/"
            },
            {
              "Round": "Round 18",
              "Home": "Storm",
              "Home_Score": 36,
              "Away": "Cowboys",
              "Away_Score": 20,
              "Venue": "Sunshine Coast Stadium",
              "Date": "2020-09-13T06:05:00Z",
              "Match_Centre_URL": "https://www.nrl.com/draw/nrl-premiership/2020/round-18/storm-v-cowboys/"
            },
            {
              "Round": "Round 18",
              "Home": "Sharks",
              "Home_Score": 22,
              "Away": "Warriors",
              "Away_Score": 14,
              "Venue": "Netstrata Jubilee Stadium",
              "Date": "2020-09-13T08:30:00Z",
              "Match_Centre_URL": "https://www.nrl.com/draw/nrl-premiership/2020/round-18/sharks-v-warriors/"
            }
          ]
        },
        {
          "19": [
            {
              "Round": "Round 19",
              "Home": "Rabbitohs",
              "Home_Score": 16,
              "Away": "Bulldogs",
              "Away_Score": 26,
              "Venue": "Accor Stadium",
              "Date": "2020-09-17T09:50:00Z",
              "Match_Centre_URL": "https://www.nrl.com/draw/nrl-premiership/2020/round-19/rabbitohs-v-bulldogs/"
            },
            {
              "Round": "Round 19",
              "Home": "Cowboys",
              "Home_Score": 12,
              "Away": "Panthers",
              "Away_Score": 32,
              "Venue": "Queensland Country Bank Stadium",
              "Date": "2020-09-18T08:00:00Z",
              "Match_Centre_URL": "https://www.nrl.com/draw/nrl-premiership/2020/round-19/cowboys-v-panthers/"
            },
            {
              "Round": "Round 19",
              "Home": "Eels",
              "Home_Score": 26,
              "Away": "Broncos",
              "Away_Score": 12,
              "Venue": "CommBank Stadium",
              "Date": "2020-09-18T09:55:00Z",
              "Match_Centre_URL": "https://www.nrl.com/draw/nrl-premiership/2020/round-19/eels-v-broncos/"
            },
            {
              "Round": "Round 19",
              "Home": "Sea Eagles",
              "Home_Score": 24,
              "Away": "Titans",
              "Away_Score": 42,
              "Venue": "4 Pines Park",
              "Date": "2020-09-19T05:00:00Z",
              "Match_Centre_URL": "https://www.nrl.com/draw/nrl-premiership/2020/round-19/sea-eagles-v-titans/"
            },
            {
              "Round": "Round 19",
              "Home": "Storm",
              "Home_Score": 50,
              "Away": "Wests Tigers",
              "Away_Score": 22,
              "Venue": "Sunshine Coast Stadium",
              "Date": "2020-09-19T07:30:00Z",
              "Match_Centre_URL": "https://www.nrl.com/draw/nrl-premiership/2020/round-19/storm-v-wests-tigers/"
            },
            {
              "Round": "Round 19",
              "Home": "Roosters",
              "Home_Score": 34,
              "Away": "Sharks",
              "Away_Score": 18,
              "Venue": "Sydney Cricket Ground",
              "Date": "2020-09-19T09:35:00Z",
              "Match_Centre_URL": "https://www.nrl.com/draw/nrl-premiership/2020/round-19/roosters-v-sharks/"
            },
            {
              "Round": "Round 19",
              "Home": "Raiders",
              "Home_Score": 26,
              "Away": "Warriors",
              "Away_Score": 14,
              "Venue": "GIO Stadium",
              "Date": "2020-09-20T04:00:00Z",
              "Match_Centre_URL": "https://www.nrl.com/draw/nrl-premiership/2020/round-19/raiders-v-warriors/"
            },
            {
              "Round": "Round 19",
              "Home": "Knights",
              "Home_Score": 42,
              "Away": "Dragons",
              "Away_Score": 18,
              "Venue": "McDonald Jones Stadium",
              "Date": "2020-09-20T06:05:00Z",
              "Match_Centre_URL": "https://www.nrl.com/draw/nrl-premiership/2020/round-19/knights-v-dragons/"
            }
          ]
        },
        {
          "20": [
            {
              "Round": "Round 20",
              "Home": "Broncos",
              "Home_Score": 16,
              "Away": "Cowboys",
              "Away_Score": 32,
              "Venue": "Suncorp Stadium",
              "Date": "2020-09-24T09:50:00Z",
              "Match_Centre_URL": "https://www.nrl.com/draw/nrl-premiership/2020/round-20/broncos-v-cowboys/"
            },
            {
              "Round": "Round 20",
              "Home": "Titans",
              "Home_Score": 36,
              "Away": "Knights",
              "Away_Score": 6,
              "Venue": "Cbus Super Stadium",
              "Date": "2020-09-25T08:00:00Z",
              "Match_Centre_URL": "https://www.nrl.com/draw/nrl-premiership/2020/round-20/titans-v-knights/"
            },
            {
              "Round": "Round 20",
              "Home": "Rabbitohs",
              "Home_Score": 60,
              "Away": "Roosters",
              "Away_Score": 8,
              "Venue": "Accor Stadium",
              "Date": "2020-09-25T09:55:00Z",
              "Match_Centre_URL": "https://www.nrl.com/draw/nrl-premiership/2020/round-20/rabbitohs-v-roosters/"
            },
            {
              "Round": "Round 20",
              "Home": "Bulldogs",
              "Home_Score": 0,
              "Away": "Panthers",
              "Away_Score": 42,
              "Venue": "Accor Stadium",
              "Date": "2020-09-26T05:00:00Z",
              "Match_Centre_URL": "https://www.nrl.com/draw/nrl-premiership/2020/round-20/bulldogs-v-panthers/"
            },
            {
              "Round": "Round 20",
              "Home": "Sharks",
              "Home_Score": 28,
              "Away": "Raiders",
              "Away_Score": 38,
              "Venue": "Netstrata Jubilee Stadium",
              "Date": "2020-09-26T07:30:00Z",
              "Match_Centre_URL": "https://www.nrl.com/draw/nrl-premiership/2020/round-20/sharks-v-raiders/"
            },
            {
              "Round": "Round 20",
              "Home": "Wests Tigers",
              "Home_Score": 24,
              "Away": "Eels",
              "Away_Score": 28,
              "Venue": "CommBank Stadium",
              "Date": "2020-09-26T09:35:00Z",
              "Match_Centre_URL": "https://www.nrl.com/draw/nrl-premiership/2020/round-20/wests-tigers-v-eels/"
            },
            {
              "Round": "Round 20",
              "Home": "Warriors",
              "Home_Score": 40,
              "Away": "Sea Eagles",
              "Away_Score": 28,
              "Venue": "Industree Group Stadium",
              "Date": "2020-09-27T04:00:00Z",
              "Match_Centre_URL": "https://www.nrl.com/draw/nrl-premiership/2020/round-20/warriors-v-sea-eagles/"
            },
            {
              "Round": "Round 20",
              "Home": "Dragons",
              "Home_Score": 30,
              "Away": "Storm",
              "Away_Score": 22,
              "Venue": "Netstrata Jubilee Stadium",
              "Date": "2020-09-27T06:05:00Z",
              "Match_Centre_URL": "https://www.nrl.com/draw/nrl-premiership/2020/round-20/dragons-v-storm/"
            }
          ]
        },
        {
          "21": [
            {
              "Round": "Finals Week 1",
              "Home": "Panthers",
              "Home_Score": 29,
              "Away": "Roosters",
              "Away_Score": 28,
              "Venue": "BlueBet Stadium",
              "Date": "2020-10-02T09:50:00Z",
              "Match_Centre_URL": "https://www.nrl.com/draw/nrl-premiership/2020/finals-week-1/panthers-v-roosters/"
            },
            {
              "Round": "Finals Week 1",
              "Home": "Raiders",
              "Home_Score": 32,
              "Away": "Sharks",
              "Away_Score": 20,
              "Venue": "GIO Stadium",
              "Date": "2020-10-03T07:40:00Z",
              "Match_Centre_URL": "https://www.nrl.com/draw/nrl-premiership/2020/finals-week-1/raiders-v-sharks/"
            },
            {
              "Round": "Finals Week 1",
              "Home": "Storm",
              "Home_Score": 36,
              "Away": "Eels",
              "Away_Score": 24,
              "Venue": "Suncorp Stadium",
              "Date": "2020-10-03T09:50:00Z",
              "Match_Centre_URL": "https://www.nrl.com/draw/nrl-premiership/2020/finals-week-1/storm-v-eels/"
            },
            {
              "Round": "Finals Week 1",
              "Home": "Rabbitohs",
              "Home_Score": 46,
              "Away": "Knights",
              "Away_Score": 20,
              "Venue": "Accor Stadium",
              "Date": "2020-10-04T05:05:00Z",
              "Match_Centre_URL": "https://www.nrl.com/draw/nrl-premiership/2020/finals-week-1/rabbitohs-v-knights/"
            }
          ]
        },
        {
          "22": [
            {
              "Round": "Finals Week 2",
              "Home": "Roosters",
              "Home_Score": 18,
              "Away": "Raiders",
              "Away_Score": 22,
              "Venue": "Sydney Cricket Ground",
              "Date": "2020-10-09T08:50:00Z",
              "Match_Centre_URL": "https://www.nrl.com/draw/nrl-premiership/2020/finals-week-2/roosters-v-raiders/"
            },
            {
              "Round": "Finals Week 2",
              "Home": "Eels",
              "Home_Score": 24,
              "Away": "Rabbitohs",
              "Away_Score": 38,
              "Venue": "CommBank Stadium",
              "Date": "2020-10-10T08:50:00Z",
              "Match_Centre_URL": "https://www.nrl.com/draw/nrl-premiership/2020/finals-week-2/eels-v-rabbitohs/"
            }
          ]
        },
        {
          "23": [
            {
              "Round": "Finals Week 3",
              "Home": "Storm",
              "Home_Score": 30,
              "Away": "Raiders",
              "Away_Score": 10,
              "Venue": "Suncorp Stadium",
              "Date": "2020-10-16T08:50:00Z",
              "Match_Centre_URL": "https://www.nrl.com/draw/nrl-premiership/2020/finals-week-3/storm-v-raiders/"
            },
            {
              "Round": "Finals Week 3",
              "Home": "Panthers",
              "Home_Score": 20,
              "Away": "Rabbitohs",
              "Away_Score": 16,
              "Venue": "Accor Stadium",
              "Date": "2020-10-17T08:50:00Z",
              "Match_Centre_URL": "https://www.nrl.com/draw/nrl-premiership/2020/finals-week-3/panthers-v-rabbitohs/"
            }
          ]
        },
        {
          "24": [
            {
              "Round": "Grand Final",
              "Home": "Panthers",
              "Home_Score": 20,
              "Away": "Storm",
              "Away_Score": 26,
              "Venue": "Accor Stadium",
              "Date": "2020-10-25T08:30:00Z",
              "Match_Centre_URL": "https://www.nrl.com/draw/nrl-premiership/2020/grand-final/panthers-v-storm/"
            }
          ]
        },
        {
          "25": [
            {
              "Round": "Grand Final",
              "Home": "Panthers",
              "Home_Score": 20,
              "Away": "Storm",
              "Away_Score": 26,
              "Venue": "Accor Stadium",
              "Date": "2020-10-25T08:30:00Z",
              "Match_Centre_URL": "https://www.nrl.com/draw/nrl-premiership/2020/grand-final/panthers-v-storm/"
            }
          ]
        },
        {
          "26": [
            {
              "Round": "Grand Final",
              "Home": "Panthers",
              "Home_Score": 20,
              "Away": "Storm",
              "Away_Score": 26,
              "Venue": "Accor Stadium",
              "Date": "2020-10-25T08:30:00Z",
              "Match_Centre_URL": "https://www.nrl.com/draw/nrl-premiership/2020/grand-final/panthers-v-storm/"
            }
          ]
        },
        {
          "27": [
            {
              "Round": "Grand Final",
              "Home": "Panthers",
              "Home_Score": 20,
              "Away": "Storm",
              "Away_Score": 26,
              "Venue": "Accor Stadium",
              "Date": "2020-10-25T08:30:00Z",
              "Match_Centre_URL": "https://www.nrl.com/draw/nrl-premiership/2020/grand-final/panthers-v-storm/"
            }
          ]
        },
        {
          "28": [
            {
              "Round": "Grand Final",
              "Home": "Panthers",
              "Home_Score": 20,
              "Away": "Storm",
              "Away_Score": 26,
              "Venue": "Accor Stadium",
              "Date": "2020-10-25T08:30:00Z",
              "Match_Centre_URL": "https://www.nrl.com/draw/nrl-premiership/2020/grand-final/panthers-v-storm/"
            }
          ]
        },
        {
          "29": [
            {
              "Round": "Grand Final",
              "Home": "Panthers",
              "Home_Score": 20,
              "Away": "Storm",
              "Away_Score": 26,
              "Venue": "Accor Stadium",
              "Date": "2020-10-25T08:30:00Z",
              "Match_Centre_URL": "https://www.nrl.com/draw/nrl-premiership/2020/grand-final/panthers-v-storm/"
            }
          ]
        },
        {
          "30": [
            {
              "Round": "Grand Final",
              "Home": "Panthers",
              "Home_Score": 20,
              "Away": "Storm",
              "Away_Score": 26,
              "Venue": "Accor Stadium",
              "Date": "2020-10-25T08:30:00Z",
              "Match_Centre_URL": "https://www.nrl.com/draw/nrl-premiership/2020/grand-final/panthers-v-storm/"
            }
          ]
        },
        {
          "31": [
            {
              "Round": "Grand Final",
              "Home": "Panthers",
              "Home_Score": 20,
              "Away": "Storm",
              "Away_Score": 26,
              "Venue": "Accor Stadium",
              "Date": "2020-10-25T08:30:00Z",
              "Match_Centre_URL": "https://www.nrl.com/draw/nrl-premiership/2020/grand-final/panthers-v-storm/"
            }
          ]
        },
        {
          "32": [
            {
              "Round": "Grand Final",
              "Home": "Panthers",
              "Home_Score": 20,
              "Away": "Storm",
              "Away_Score": 26,
              "Venue": "Accor Stadium",
              "Date": "2020-10-25T08:30:00Z",
              "Match_Centre_URL": "https://www.nrl.com/draw/nrl-premiership/2020/grand-final/panthers-v-storm/"
            }
          ]
        },
        {
          "33": [
            {
              "Round": "Grand Final",
              "Home": "Panthers",
              "Home_Score": 20,
              "Away": "Storm",
              "Away_Score": 26,
              "Venue": "Accor Stadium",
              "Date": "2020-10-25T08:30:00Z",
              "Match_Centre_URL": "https://www.nrl.com/draw/nrl-premiership/2020/grand-final/panthers-v-storm/"
            }
          ]
        }
      ]
    }
  ]
}