[
  {
    "Round": "Round 1",
    "MatchName": "Eels v Bulldogs",
    "MatchID": "2020-1-EelsvBulldogs",
    "Date": "2020-01-01",
    "main_ref": "Grant Atkins",
    "weather_condition": null,
    "ground_condition": "Fair",
    "Average_PlayBall_Speed": 0.0,
    "kicking_metres": {
      "home": 550,
      "away": 606
    },
    "errors": {
      "home": 6,
      "away": 10
    },
    "penalties_conceded": {
      "home": 0,
      "away": 1
    },
    "sin_bins": {
      "home": 2,
      "away": 2
    }
  },
  {
    "Round": "Round 1",
    "MatchName": "Raiders v Titans",
    "MatchID": "2020-1-RaidersvTitans",
    "Date": "2020-01-01",
    "main_ref": "Chris Sutton",
    "weather_condition": null,
    "ground_condition": "Good",
    "Average_PlayBall_Speed": 0.0,
    "kicking_metres": {
      "home": 681,
      "away": 342
    },
    "errors": {
      "home": 6,
      "away": 7
    },
    "penalties_conceded": {
      "home": 1,
      "away": 0
    },
    "sin_bins": {
      "home": -1,
      "away": -1
    }
  },
  {
    "Round": "Round 1",
    "MatchName": "Cowboys v Broncos",
    "MatchID": "2020-1-CowboysvBroncos",
    "Date": "2020-01-01",
    "main_ref": "Gerard Sutton",
    "weather_condition": null,
    "ground_condition": "Good",
    "Average_PlayBall_Speed": 0.0,
    "kicking_metres": {
      "home": 419,
      "away": 560
    },
    "errors": {
      "home": 3,
      "away": 4
    },
    "penalties_conceded": {
      "home": 0,
      "away": 1
    },
    "sin_bins": {
      "home": 9,
      "away": 12
    }
  },
  {
    "Round": "Round 1",
    "MatchName": "Knights v Warriors",
    "MatchID": "2020-1-KnightsvWarriors",
    "Date": "2020-01-01",
    "main_ref": "Ziggy Przeklasa-Adamski",
    "weather_condition": null,
    "ground_condition": "Good",
    "Average_PlayBall_Speed": 0.0,
    "kicking_metres": {
      "home": 516,
      "away": 659
    },
    "errors": {
      "home": 13,
      "away": 10
    },
    "penalties_conceded": {
      "home": 10,
      "away": 13
    },
    "sin_bins": {
      "home": 0,
      "away": 1
    }
  },
  {
    "Round": "Round 1",
    "MatchName": "Rabbitohs v Sharks",
    "MatchID": "2020-1-RabbitohsvSharks",
    "Date": "2020-01-01",
    "main_ref": "Ben Cummins",
    "weather_condition": "Fine",
    "ground_condition": "Fair",
    "Average_PlayBall_Speed": 0.0,
    "kicking_metres": {
      "home": 645,
      "away": 361
    },
    "errors": {
      "home": 9,
      "away": 14
    },
    "penalties_conceded": {
      "home": 13,
      "away": 6
    },
    "sin_bins": {
      "home": 1,
      "away": 0
    }
  },
  {
    "Round": "Round 1",
    "MatchName": "Panthers v Roosters",
    "MatchID": "2020-1-PanthersvRoosters",
    "Date": "2020-01-01",
    "main_ref": "Adam Gee",
    "weather_condition": null,
    "ground_condition": "Good",
    "Average_PlayBall_Speed": 0.0,
    "kicking_metres": {
      "home": 693,
      "away": 521
    },
    "errors": {
      "home": 10,
      "away": 16
    },
    "penalties_conceded": {
      "home": 13,
      "away": 15
    },
    "sin_bins": {
      "home": 0,
      "away": 0
    }
  },
  {
    "Round": "Round 1",
    "MatchName": "Sea Eagles v Storm",
    "MatchID": "2020-1-SeaEaglesvStorm",
    "Date": "2020-01-01",
    "main_ref": "Matt Cecchin",
    "weather_condition": "Rain",
    "ground_condition": "Fair",
    "Average_PlayBall_Speed": 0.0,
    "kicking_metres": {
      "home": 379,
      "away": 579
    },
    "errors": {
      "home": 4,
      "away": 9
    },
    "penalties_conceded": {
      "home": 1,
      "away": 0
    },
    "sin_bins": {
      "home": 4,
      "away": 2
    }
  },
  {
    "Round": "Round 1",
    "MatchName": "Dragons v Wests Tigers",
    "MatchID": "2020-1-DragonsvWestsTigers",
    "Date": "2020-01-01",
    "main_ref": "Ashley Klein",
    "weather_condition": null,
    "ground_condition": "Good",
    "Average_PlayBall_Speed": 0.0,
    "kicking_metres": {
      "home": 489,
      "away": 430
    },
    "errors": {
      "home": 7,
      "away": 2
    },
    "penalties_conceded": {
      "home": 1,
      "away": 0
    },
    "sin_bins": {
      "home": 12,
      "away": 8
    }
  },
  {
    "Round": "Round 2",
    "MatchName": "Bulldogs v Cowboys",
    "MatchID": "2020-2-BulldogsvCowboys",
    "Date": "2020-01-01",
    "main_ref": "Adam Gee",
    "weather_condition": "Fine",
    "ground_condition": "Good",
    "Average_PlayBall_Speed": 0.0,
    "kicking_metres": {
      "home": 610,
      "away": 648
    },
    "errors": {
      "home": 15,
      "away": 9
    },
    "penalties_conceded": {
      "home": 17,
      "away": 8
    },
    "sin_bins": {
      "home": 1,
      "away": 0
    }
  },
  {
    "Round": "Round 2",
    "MatchName": "Dragons v Panthers",
    "MatchID": "2020-2-DragonsvPanthers",
    "Date": "2020-01-01",
    "main_ref": "Matt Cecchin",
    "weather_condition": "Fine",
    "ground_condition": "Good",
    "Average_PlayBall_Speed": 0.0,
    "kicking_metres": {
      "home": 549,
      "away": 517
    },
    "errors": {
      "home": 7,
      "away": 8
    },
    "penalties_conceded": {
      "home": 5,
      "away": 6
    },
    "sin_bins": {
      "home": 16,
      "away": 12
    }
  },
  {
    "Round": "Round 2",
    "MatchName": "Broncos v Rabbitohs",
    "MatchID": "2020-2-BroncosvRabbitohs",
    "Date": "2020-01-01",
    "main_ref": "Grant Atkins",
    "weather_condition": "Fine",
    "ground_condition": "Good",
    "Average_PlayBall_Speed": 0.0,
    "kicking_metres": {
      "home": 453,
      "away": 300
    },
    "errors": {
      "home": 10,
      "away": 5
    },
    "penalties_conceded": {
      "home": 8,
      "away": 8
    },
    "sin_bins": {
      "home": 10,
      "away": 12
    }
  },
  {
    "Round": "Round 2",
    "MatchName": "Warriors v Raiders",
    "MatchID": "2020-2-WarriorsvRaiders",
    "Date": "2020-01-01",
    "main_ref": "Chris Sutton",
    "weather_condition": "Fine",
    "ground_condition": "Good",
    "Average_PlayBall_Speed": 0.0,
    "kicking_metres": {
      "home": 523,
      "away": 484
    },
    "errors": {
      "home": 4,
      "away": 10
    },
    "penalties_conceded": {
      "home": 0,
      "away": 1
    },
    "sin_bins": {
      "home": -1,
      "away": -1
    }
  },
  {
    "Round": "Round 2",
    "MatchName": "Roosters v Sea Eagles",
    "MatchID": "2020-2-RoostersvSeaEagles",
    "Date": "2020-01-01",
    "main_ref": "Ben Cummins",
    "weather_condition": "Fine",
    "ground_condition": "Good",
    "Average_PlayBall_Speed": 0.0,
    "kicking_metres": {
      "home": 491,
      "away": 802
    },
    "errors": {
      "home": 5,
      "away": 7
    },
    "penalties_conceded": {
      "home": 7,
      "away": 6
    },
    "sin_bins": {
      "home": 0,
      "away": 1
    }
  },
  {
    "Round": "Round 2",
    "MatchName": "Sharks v Storm",
    "MatchID": "2020-2-SharksvStorm",
    "Date": "2020-01-01",
    "main_ref": "Ashley Klein",
    "weather_condition": "Fine",
    "ground_condition": "Good",
    "Average_PlayBall_Speed": 0.0,
    "kicking_metres": {
      "home": 572,
      "away": 506
    },
    "errors": {
      "home": 14,
      "away": 13
    },
    "penalties_conceded": {
      "home": 11,
      "away": 6
    },
    "sin_bins": {
      "home": 4,
      "away": 2
    }
  },
  {
    "Round": "Round 2",
    "MatchName": "Wests Tigers v Knights",
    "MatchID": "2020-2-WestsTigersvKnights",
    "Date": "2020-01-01",
    "main_ref": "Gerard Sutton",
    "weather_condition": "Fine",
    "ground_condition": "Good",
    "Average_PlayBall_Speed": 0.0,
    "kicking_metres": {
      "home": 441,
      "away": 594
    },
    "errors": {
      "home": 7,
      "away": 7
    },
    "penalties_conceded": {
      "home": 7,
      "away": 8
    },
    "sin_bins": {
      "home": 12,
      "away": 18
    }
  },
  {
    "Round": "Round 2",
    "MatchName": "Titans v Eels",
    "MatchID": "2020-2-TitansvEels",
    "Date": "2020-01-01",
    "main_ref": "Ziggy Przeklasa-Adamski",
    "weather_condition": "Fine",
    "ground_condition": "Good",
    "Average_PlayBall_Speed": 0.0,
    "kicking_metres": {
      "home": 420,
      "away": 543
    },
    "errors": {
      "home": 14,
      "away": 2
    },
    "penalties_conceded": {
      "home": 0,
      "away": 1
    },
    "sin_bins": {
      "home": 6,
      "away": 14
    }
  },
  {
    "Round": "Round 3",
    "MatchName": "Broncos v Eels",
    "MatchID": "2020-3-BroncosvEels",
    "Date": "2020-01-01",
    "main_ref": "Gerard Sutton",
    "weather_condition": "Fine",
    "ground_condition": "Good",
    "Average_PlayBall_Speed": 0.0,
    "kicking_metres": {
      "home": 512,
      "away": 561
    },
    "errors": {
      "home": 15,
      "away": 12
    },
    "penalties_conceded": {
      "home": 6,
      "away": 1
    },
    "sin_bins": {
      "home": -1,
      "away": -1
    }
  },
  {
    "Round": "Round 3",
    "MatchName": "Cowboys v Titans",
    "MatchID": "2020-3-CowboysvTitans",
    "Date": "2020-01-01",
    "main_ref": "Drew Oultram",
    "weather_condition": "Fine",
    "ground_condition": "Good",
    "Average_PlayBall_Speed": 0.0,
    "kicking_metres": {
      "home": 455,
      "away": 307
    },
    "errors": {
      "home": 9,
      "away": 9
    },
    "penalties_conceded": {
      "home": 5,
      "away": 8
    },
    "sin_bins": {
      "home": 2,
      "away": 0
    }
  },
  {
    "Round": "Round 3",
    "MatchName": "Roosters v Rabbitohs",
    "MatchID": "2020-3-RoostersvRabbitohs",
    "Date": "2020-01-01",
    "main_ref": "Ashley Klein",
    "weather_condition": "Fine",
    "ground_condition": null,
    "Average_PlayBall_Speed": 0.0,
    "kicking_metres": {
      "home": 615,
      "away": 619
    },
    "errors": {
      "home": 7,
      "away": 6
    },
    "penalties_conceded": {
      "home": 9,
      "away": 4
    },
    "sin_bins": {
      "home": -1,
      "away": -1
    }
  },
  {
    "Round": "Round 3",
    "MatchName": "Warriors v Dragons",
    "MatchID": "2020-3-WarriorsvDragons",
    "Date": "2020-01-01",
    "main_ref": "Chris Sutton",
    "weather_condition": "Fine",
    "ground_condition": "Good",
    "Average_PlayBall_Speed": 0.0,
    "kicking_metres": {
      "home": 827,
      "away": 695
    },
    "errors": {
      "home": 3,
      "away": 4
    },
    "penalties_conceded": {
      "home": 3,
      "away": 4
    },
    "sin_bins": {
      "home": 0,
      "away": 0
    }
  },
  {
    "Round": "Round 3",
    "MatchName": "Sharks v Wests Tigers",
    "MatchID": "2020-3-SharksvWestsTigers",
    "Date": "2020-01-01",
    "main_ref": "Adam Gee",
    "weather_condition": "Fine",
    "ground_condition": "Good",
    "Average_PlayBall_Speed": 0.0,
    "kicking_metres": {
      "home": 561,
      "away": 532
    },
    "errors": {
      "home": 5,
      "away": 3
    },
    "penalties_conceded": {
      "home": 2,
      "away": 5
    },
    "sin_bins": {
      "home": 16,
      "away": 10
    }
  },
  {
    "Round": "Round 3",
    "MatchName": "Storm v Raiders",
    "MatchID": "2020-3-StormvRaiders",
    "Date": "2020-01-01",
    "main_ref": "Grant Atkins",
    "weather_condition": "Fine",
    "ground_condition": "Good",
    "Average_PlayBall_Speed": 0.0,
    "kicking_metres": {
      "home": 322,
      "away": 546
    },
    "errors": {
      "home": 13,
      "away": 10
    },
    "penalties_conceded": {
      "home": 5,
      "away": 5
    },
    "sin_bins": {
      "home": -1,
      "away": -1
    }
  },
  {
    "Round": "Round 3",
    "MatchName": "Panthers v Knights",
    "MatchID": "2020-3-PanthersvKnights",
    "Date": "2020-01-01",
    "main_ref": "Ben Cummins",
    "weather_condition": "Fine",
    "ground_condition": "Good",
    "Average_PlayBall_Speed": 0.0,
    "kicking_metres": {
      "home": 702,
      "away": 726
    },
    "errors": {
      "home": 4,
      "away": 2
    },
    "penalties_conceded": {
      "home": 4,
      "away": 0
    },
    "sin_bins": {
      "home": 0,
      "away": 0
    }
  },
  {
    "Round": "Round 3",
    "MatchName": "Sea Eagles v Bulldogs",
    "MatchID": "2020-3-SeaEaglesvBulldogs",
    "Date": "2020-01-01",
    "main_ref": "Matt Cecchin",
    "weather_condition": "Fine",
    "ground_condition": "Good",
    "Average_PlayBall_Speed": 0.0,
    "kicking_metres": {
      "home": 423,
      "away": 375
    },
    "errors": {
      "home": 10,
      "away": 14
    },
    "penalties_conceded": {
      "home": 4,
      "away": 4
    },
    "sin_bins": {
      "home": 14,
      "away": 0
    }
  },
  {
    "Round": "Round 4",
    "MatchName": "Broncos v Roosters",
    "MatchID": "2020-4-BroncosvRoosters",
    "Date": "2020-01-01",
    "main_ref": "Grant Atkins",
    "weather_condition": "Fine",
    "ground_condition": "Good",
    "Average_PlayBall_Speed": 0.0,
    "kicking_metres": {
      "home": 357,
      "away": 311
    },
    "errors": {
      "home": 8,
      "away": 4
    },
    "penalties_conceded": {
      "home": 5,
      "away": 1
    },
    "sin_bins": {
      "home": 1,
      "away": 0
    }
  },
  {
    "Round": "Round 4",
    "MatchName": "Panthers v Warriors",
    "MatchID": "2020-4-PanthersvWarriors",
    "Date": "2020-01-01",
    "main_ref": "Matt Cecchin",
    "weather_condition": "Fine",
    "ground_condition": "Good",
    "Average_PlayBall_Speed": 0.0,
    "kicking_metres": {
      "home": 496,
      "away": 580
    },
    "errors": {
      "home": 7,
      "away": 2
    },
    "penalties_conceded": {
      "home": 8,
      "away": 8
    },
    "sin_bins": {
      "home": -1,
      "away": -1
    }
  },
  {
    "Round": "Round 4",
    "MatchName": "Storm v Rabbitohs",
    "MatchID": "2020-4-StormvRabbitohs",
    "Date": "2020-01-01",
    "main_ref": "Gerard Sutton",
    "weather_condition": "Fine",
    "ground_condition": "Good",
    "Average_PlayBall_Speed": 0.0,
    "kicking_metres": {
      "home": 443,
      "away": 375
    },
    "errors": {
      "home": 13,
      "away": 18
    },
    "penalties_conceded": {
      "home": 7,
      "away": 6
    },
    "sin_bins": {
      "home": 8,
      "away": 6
    }
  },
  {
    "Round": "Round 4",
    "MatchName": "Eels v Sea Eagles",
    "MatchID": "2020-4-EelsvSeaEagles",
    "Date": "2020-01-01",
    "main_ref": "Ben Cummins",
    "weather_condition": "Fine",
    "ground_condition": "Good",
    "Average_PlayBall_Speed": 0.0,
    "kicking_metres": {
      "home": 748,
      "away": 519
    },
    "errors": {
      "home": 4,
      "away": 4
    },
    "penalties_conceded": {
      "home": 2,
      "away": 2
    },
    "sin_bins": {
      "home": 1,
      "away": 0
    }
  },
  {
    "Round": "Round 4",
    "MatchName": "Cowboys v Sharks",
    "MatchID": "2020-4-CowboysvSharks",
    "Date": "2020-01-01",
    "main_ref": "Chris Sutton",
    "weather_condition": "Fine",
    "ground_condition": "Good",
    "Average_PlayBall_Speed": 0.0,
    "kicking_metres": {
      "home": 333,
      "away": 491
    },
    "errors": {
      "home": 17,
      "away": 9
    },
    "penalties_conceded": {
      "home": 7,
      "away": 9
    },
    "sin_bins": {
      "home": 0,
      "away": 0
    }
  },
  {
    "Round": "Round 4",
    "MatchName": "Raiders v Knights",
    "MatchID": "2020-4-RaidersvKnights",
    "Date": "2020-01-01",
    "main_ref": "Ashley Klein",
    "weather_condition": "Fine",
    "ground_condition": "Good",
    "Average_PlayBall_Speed": 0.0,
    "kicking_metres": {
      "home": 668,
      "away": 607
    },
    "errors": {
      "home": 13,
      "away": 7
    },
    "penalties_conceded": {
      "home": 3,
      "away": 3
    },
    "sin_bins": {
      "home": -1,
      "away": -1
    }
  },
  {
    "Round": "Round 4",
    "MatchName": "Titans v Wests Tigers",
    "MatchID": "2020-4-TitansvWestsTigers",
    "Date": "2020-01-01",
    "main_ref": "Adam Gee",
    "weather_condition": "Fine",
    "ground_condition": "Good",
    "Average_PlayBall_Speed": 0.0,
    "kicking_metres": {
      "home": 510,
      "away": 478
    },
    "errors": {
      "home": 11,
      "away": 11
    },
    "penalties_conceded": {
      "home": 1,
      "away": 4
    },
    "sin_bins": {
      "home": 12,
      "away": 12
    }
  },
  {
    "Round": "Round 4",
    "MatchName": "Bulldogs v Dragons",
    "MatchID": "2020-4-BulldogsvDragons",
    "Date": "2020-01-01",
    "main_ref": "Todd Smith",
    "weather_condition": "Fine",
    "ground_condition": "Good",
    "Average_PlayBall_Speed": 0.0,
    "kicking_metres": {
      "home": 853,
      "away": 596
    },
    "errors": {
      "home": 8,
      "away": 15
    },
    "penalties_conceded": {
      "home": 4,
      "away": 3
    },
    "sin_bins": {
      "home": 10,
      "away": 2
    }
  },
  {
    "Round": "Round 5",
    "MatchName": "Sea Eagles v Broncos",
    "MatchID": "2020-5-SeaEaglesvBroncos",
    "Date": "2020-01-01",
    "main_ref": "Ashley Klein",
    "weather_condition": null,
    "ground_condition": "Good",
    "Average_PlayBall_Speed": 0.0,
    "kicking_metres": {
      "home": 557,
      "away": 503
    },
    "errors": {
      "home": 2,
      "away": 12
    },
    "penalties_conceded": {
      "home": 5,
      "away": 3
    },
    "sin_bins": {
      "home": 0,
      "away": 0
    }
  },
  {
    "Round": "Round 5",
    "MatchName": "Warriors v Cowboys",
    "MatchID": "2020-5-WarriorsvCowboys",
    "Date": "2020-01-01",
    "main_ref": "Adam Gee",
    "weather_condition": null,
    "ground_condition": "Good",
    "Average_PlayBall_Speed": 0.0,
    "kicking_metres": {
      "home": 483,
      "away": 376
    },
    "errors": {
      "home": 6,
      "away": 8
    },
    "penalties_conceded": {
      "home": 6,
      "away": 7
    },
    "sin_bins": {
      "home": 1,
      "away": 0
    }
  },
  {
    "Round": "Round 5",
    "MatchName": "Eels v Panthers",
    "MatchID": "2020-5-EelsvPanthers",
    "Date": "2020-01-01",
    "main_ref": "Gerard Sutton",
    "weather_condition": null,
    "ground_condition": "Slippery",
    "Average_PlayBall_Speed": 0.0,
    "kicking_metres": {
      "home": 532,
      "away": 502
    },
    "errors": {
      "home": 11,
      "away": 9
    },
    "penalties_conceded": {
      "home": 6,
      "away": 7
    },
    "sin_bins": {
      "home": 1,
      "away": 0
    }
  },
  {
    "Round": "Round 5",
    "MatchName": "Rabbitohs v Titans",
    "MatchID": "2020-5-RabbitohsvTitans",
    "Date": "2020-01-01",
    "main_ref": "Matt Cecchin",
    "weather_condition": null,
    "ground_condition": "Good",
    "Average_PlayBall_Speed": 0.0,
    "kicking_metres": {
      "home": 640,
      "away": 434
    },
    "errors": {
      "home": 6,
      "away": 16
    },
    "penalties_conceded": {
      "home": 9,
      "away": 2
    },
    "sin_bins": {
      "home": 26,
      "away": 6
    }
  },
  {
    "Round": "Round 5",
    "MatchName": "Knights v Storm",
    "MatchID": "2020-5-KnightsvStorm",
    "Date": "2020-01-01",
    "main_ref": "Ben Cummins",
    "weather_condition": null,
    "ground_condition": "Good",
    "Average_PlayBall_Speed": 0.0,
    "kicking_metres": {
      "home": 608,
      "away": 627
    },
    "errors": {
      "home": 5,
      "away": 3
    },
    "penalties_conceded": {
      "home": 1,
      "away": 5
    },
    "sin_bins": {
      "home": 0,
      "away": 0
    }
  },
  {
    "Round": "Round 5",
    "MatchName": "Wests Tigers v Raiders",
    "MatchID": "2020-5-WestsTigersvRaiders",
    "Date": "2020-01-01",
    "main_ref": "Chris Sutton",
    "weather_condition": null,
    "ground_condition": "Good",
    "Average_PlayBall_Speed": 0.0,
    "kicking_metres": {
      "home": 602,
      "away": 746
    },
    "errors": {
      "home": 10,
      "away": 6
    },
    "penalties_conceded": {
      "home": 5,
      "away": 4
    },
    "sin_bins": {
      "home": 1,
      "away": 0
    }
  },
  {
    "Round": "Round 5",
    "MatchName": "Dragons v Sharks",
    "MatchID": "2020-5-DragonsvSharks",
    "Date": "2020-01-01",
    "main_ref": "Dave Munro",
    "weather_condition": null,
    "ground_condition": "Good",
    "Average_PlayBall_Speed": 0.0,
    "kicking_metres": {
      "home": 864,
      "away": 723
    },
    "errors": {
      "home": 10,
      "away": 15
    },
    "penalties_conceded": {
      "home": 5,
      "away": 3
    },
    "sin_bins": {
      "home": -1,
      "away": -1
    }
  },
  {
    "Round": "Round 5",
    "MatchName": "Bulldogs v Roosters",
    "MatchID": "2020-5-BulldogsvRoosters",
    "Date": "2020-01-01",
    "main_ref": "Grant Atkins",
    "weather_condition": null,
    "ground_condition": "Good",
    "Average_PlayBall_Speed": 0.0,
    "kicking_metres": {
      "home": 396,
      "away": 413
    },
    "errors": {
      "home": 15,
      "away": 14
    },
    "penalties_conceded": {
      "home": 4,
      "away": 8
    },
    "sin_bins": {
      "home": -1,
      "away": -1
    }
  },
  {
    "Round": "Round 6",
    "MatchName": "Knights v Broncos",
    "MatchID": "2020-6-KnightsvBroncos",
    "Date": "2020-01-01",
    "main_ref": "Gerard Sutton",
    "weather_condition": null,
    "ground_condition": "Good",
    "Average_PlayBall_Speed": 0.0,
    "kicking_metres": {
      "home": 435,
      "away": 530
    },
    "errors": {
      "home": 11,
      "away": 10
    },
    "penalties_conceded": {
      "home": 4,
      "away": 8
    },
    "sin_bins": {
      "home": 1,
      "away": 0
    }
  },
  {
    "Round": "Round 6",
    "MatchName": "Rabbitohs v Warriors",
    "MatchID": "2020-6-RabbitohsvWarriors",
    "Date": "2020-01-01",
    "main_ref": "Matt Cecchin",
    "weather_condition": null,
    "ground_condition": "Good",
    "Average_PlayBall_Speed": 0.0,
    "kicking_metres": {
      "home": 457,
      "away": 622
    },
    "errors": {
      "home": 4,
      "away": 4
    },
    "penalties_conceded": {
      "home": 3,
      "away": 4
    },
    "sin_bins": {
      "home": 1,
      "away": 1
    }
  },
  {
    "Round": "Round 6",
    "MatchName": "Panthers v Storm",
    "MatchID": "2020-6-PanthersvStorm",
    "Date": "2020-01-01",
    "main_ref": "Ashley Klein",
    "weather_condition": null,
    "ground_condition": "Good",
    "Average_PlayBall_Speed": 0.0,
    "kicking_metres": {
      "home": 645,
      "away": 608
    },
    "errors": {
      "home": 6,
      "away": 4
    },
    "penalties_conceded": {
      "home": 7,
      "away": 0
    },
    "sin_bins": {
      "home": 1,
      "away": 0
    }
  },
  {
    "Round": "Round 6",
    "MatchName": "Titans v Dragons",
    "MatchID": "2020-6-TitansvDragons",
    "Date": "2020-01-01",
    "main_ref": "Chris Sutton",
    "weather_condition": null,
    "ground_condition": "Good",
    "Average_PlayBall_Speed": 0.0,
    "kicking_metres": {
      "home": 631,
      "away": 563
    },
    "errors": {
      "home": 3,
      "away": 4
    },
    "penalties_conceded": {
      "home": 7,
      "away": 5
    },
    "sin_bins": {
      "home": 2,
      "away": 14
    }
  },
  {
    "Round": "Round 6",
    "MatchName": "Wests Tigers v Cowboys",
    "MatchID": "2020-6-WestsTigersvCowboys",
    "Date": "2020-01-01",
    "main_ref": "Kasey Badger",
    "weather_condition": null,
    "ground_condition": "Good",
    "Average_PlayBall_Speed": 0.0,
    "kicking_metres": {
      "home": 405,
      "away": 574
    },
    "errors": {
      "home": 9,
      "away": 8
    },
    "penalties_conceded": {
      "home": 8,
      "away": 4
    },
    "sin_bins": {
      "home": 34,
      "away": 0
    }
  },
  {
    "Round": "Round 6",
    "MatchName": "Roosters v Eels",
    "MatchID": "2020-6-RoostersvEels",
    "Date": "2020-01-01",
    "main_ref": "Ben Cummins",
    "weather_condition": null,
    "ground_condition": "Good",
    "Average_PlayBall_Speed": 0.0,
    "kicking_metres": {
      "home": 691,
      "away": 612
    },
    "errors": {
      "home": 3,
      "away": 7
    },
    "penalties_conceded": {
      "home": 5,
      "away": 4
    },
    "sin_bins": {
      "home": 0,
      "away": 1
    }
  },
  {
    "Round": "Round 6",
    "MatchName": "Raiders v Sea Eagles",
    "MatchID": "2020-6-RaidersvSeaEagles",
    "Date": "2020-01-01",
    "main_ref": "Grant Atkins",
    "weather_condition": "Fine",
    "ground_condition": "Good",
    "Average_PlayBall_Speed": 0.0,
    "kicking_metres": {
      "home": 531,
      "away": 761
    },
    "errors": {
      "home": 7,
      "away": 2
    },
    "penalties_conceded": {
      "home": 5,
      "away": 5
    },
    "sin_bins": {
      "home": 0,
      "away": 12
    }
  },
  {
    "Round": "Round 6",
    "MatchName": "Sharks v Bulldogs",
    "MatchID": "2020-6-SharksvBulldogs",
    "Date": "2020-01-01",
    "main_ref": "Adam Gee",
    "weather_condition": null,
    "ground_condition": "Slippery",
    "Average_PlayBall_Speed": 0.0,
    "kicking_metres": {
      "home": 710,
      "away": 580
    },
    "errors": {
      "home": 8,
      "away": 8
    },
    "penalties_conceded": {
      "home": 3,
      "away": 1
    },
    "sin_bins": {
      "home": 6,
      "away": 6
    }
  },
  {
    "Round": "Round 7",
    "MatchName": "Panthers v Rabbitohs",
    "MatchID": "2020-7-PanthersvRabbitohs",
    "Date": "2020-01-01",
    "main_ref": "Gerard Sutton",
    "weather_condition": null,
    "ground_condition": "Good",
    "Average_PlayBall_Speed": 0.0,
    "kicking_metres": {
      "home": 686,
      "away": 521
    },
    "errors": {
      "home": 6,
      "away": 8
    },
    "penalties_conceded": {
      "home": 7,
      "away": 2
    },
    "sin_bins": {
      "home": 0,
      "away": 2
    }
  },
  {
    "Round": "Round 7",
    "MatchName": "Storm v Warriors",
    "MatchID": "2020-7-StormvWarriors",
    "Date": "2020-01-01",
    "main_ref": "Ben Cummins",
    "weather_condition": null,
    "ground_condition": "Good",
    "Average_PlayBall_Speed": 0.0,
    "kicking_metres": {
      "home": 574,
      "away": 278
    },
    "errors": {
      "home": 11,
      "away": 13
    },
    "penalties_conceded": {
      "home": 7,
      "away": 3
    },
    "sin_bins": {
      "home": -1,
      "away": -1
    }
  },
  {
    "Round": "Round 7",
    "MatchName": "Roosters v Dragons",
    "MatchID": "2020-7-RoostersvDragons",
    "Date": "2020-01-01",
    "main_ref": "Grant Atkins",
    "weather_condition": null,
    "ground_condition": "Good",
    "Average_PlayBall_Speed": 0.0,
    "kicking_metres": {
      "home": 606,
      "away": 813
    },
    "errors": {
      "home": 13,
      "away": 9
    },
    "penalties_conceded": {
      "home": 5,
      "away": 3
    },
    "sin_bins": {
      "home": 10,
      "away": 10
    }
  },
  {
    "Round": "Round 7",
    "MatchName": "Cowboys v Knights",
    "MatchID": "2020-7-CowboysvKnights",
    "Date": "2020-01-01",
    "main_ref": "Matt Cecchin",
    "weather_condition": null,
    "ground_condition": "Good",
    "Average_PlayBall_Speed": 0.0,
    "kicking_metres": {
      "home": 484,
      "away": 347
    },
    "errors": {
      "home": 9,
      "away": 12
    },
    "penalties_conceded": {
      "home": 7,
      "away": 2
    },
    "sin_bins": {
      "home": 1,
      "away": 0
    }
  },
  {
    "Round": "Round 7",
    "MatchName": "Broncos v Titans",
    "MatchID": "2020-7-BroncosvTitans",
    "Date": "2020-01-01",
    "main_ref": "Peter Gough",
    "weather_condition": null,
    "ground_condition": "Good",
    "Average_PlayBall_Speed": 0.0,
    "kicking_metres": {
      "home": 447,
      "away": 593
    },
    "errors": {
      "home": 14,
      "away": 8
    },
    "penalties_conceded": {
      "home": 6,
      "away": 8
    },
    "sin_bins": {
      "home": 1,
      "away": 1
    }
  },
  {
    "Round": "Round 7",
    "MatchName": "Eels v Raiders",
    "MatchID": "2020-7-EelsvRaiders",
    "Date": "2020-01-01",
    "main_ref": "Ashley Klein",
    "weather_condition": null,
    "ground_condition": "Good",
    "Average_PlayBall_Speed": 0.0,
    "kicking_metres": {
      "home": 485,
      "away": 515
    },
    "errors": {
      "home": 5,
      "away": 6
    },
    "penalties_conceded": {
      "home": 0,
      "away": 2
    },
    "sin_bins": {
      "home": 1,
      "away": 0
    }
  },
  {
    "Round": "Round 7",
    "MatchName": "Sea Eagles v Sharks",
    "MatchID": "2020-7-SeaEaglesvSharks",
    "Date": "2020-01-01",
    "main_ref": "Adam Gee",
    "weather_condition": null,
    "ground_condition": "Good",
    "Average_PlayBall_Speed": 0.0,
    "kicking_metres": {
      "home": 309,
      "away": 518
    },
    "errors": {
      "home": 4,
      "away": 6
    },
    "penalties_conceded": {
      "home": 4,
      "away": 9
    },
    "sin_bins": {
      "home": 6,
      "away": 18
    }
  },
  {
    "Round": "Round 7",
    "MatchName": "Bulldogs v Wests Tigers",
    "MatchID": "2020-7-BulldogsvWestsTigers",
    "Date": "2020-01-01",
    "main_ref": "Kasey Badger",
    "weather_condition": null,
    "ground_condition": "Fair",
    "Average_PlayBall_Speed": 0.0,
    "kicking_metres": {
      "home": 652,
      "away": 583
    },
    "errors": {
      "home": 13,
      "away": 9
    },
    "penalties_conceded": {
      "home": 5,
      "away": 3
    },
    "sin_bins": {
      "home": -1,
      "away": -1
    }
  },
  {
    "Round": "Round 8",
    "MatchName": "Storm v Roosters",
    "MatchID": "2020-8-StormvRoosters",
    "Date": "2020-01-01",
    "main_ref": "Ashley Klein",
    "weather_condition": null,
    "ground_condition": "Good",
    "Average_PlayBall_Speed": 0.0,
    "kicking_metres": {
      "home": 604,
      "away": 509
    },
    "errors": {
      "home": 3,
      "away": 6
    },
    "penalties_conceded": {
      "home": 2,
      "away": 4
    },
    "sin_bins": {
      "home": 1,
      "away": 1
    }
  },
  {
    "Round": "Round 8",
    "MatchName": "Raiders v Dragons",
    "MatchID": "2020-8-RaidersvDragons",
    "Date": "2020-01-01",
    "main_ref": "Matt Cecchin",
    "weather_condition": null,
    "ground_condition": "Good",
    "Average_PlayBall_Speed": 0.0,
    "kicking_metres": {
      "home": 768,
      "away": 555
    },
    "errors": {
      "home": 3,
      "away": 2
    },
    "penalties_conceded": {
      "home": 5,
      "away": 2
    },
    "sin_bins": {
      "home": -1,
      "away": -1
    }
  },
  {
    "Round": "Round 8",
    "MatchName": "Eels v Cowboys",
    "MatchID": "2020-8-EelsvCowboys",
    "Date": "2020-01-01",
    "main_ref": "Ben Cummins",
    "weather_condition": null,
    "ground_condition": "Good",
    "Average_PlayBall_Speed": 0.0,
    "kicking_metres": {
      "home": 656,
      "away": 378
    },
    "errors": {
      "home": 3,
      "away": 3
    },
    "penalties_conceded": {
      "home": 2,
      "away": 3
    },
    "sin_bins": {
      "home": 16,
      "away": 4
    }
  },
  {
    "Round": "Round 8",
    "MatchName": "Titans v Sharks",
    "MatchID": "2020-8-TitansvSharks",
    "Date": "2020-01-01",
    "main_ref": "Chris Sutton",
    "weather_condition": null,
    "ground_condition": "Good",
    "Average_PlayBall_Speed": -1.0,
    "kicking_metres": {
      "home": -1,
      "away": -1
    },
    "errors": {
      "home": -1,
      "away": -1
    },
    "penalties_conceded": {
      "home": -1,
      "away": -1
    },
    "sin_bins": {
      "home": -1,
      "away": -1
    }
  },
  {
    "Round": "Round 8",
    "MatchName": "Warriors v Broncos",
    "MatchID": "2020-8-WarriorsvBroncos",
    "Date": "2020-01-01",
    "main_ref": "Chris Butler",
    "weather_condition": null,
    "ground_condition": "Good",
    "Average_PlayBall_Speed": 0.0,
    "kicking_metres": {
      "home": 522,
      "away": 492
    },
    "errors": {
      "home": 19,
      "away": 13
    },
    "penalties_conceded": {
      "home": 8,
      "away": 12
    },
    "sin_bins": {
      "home": -1,
      "away": -1
    }
  },
  {
    "Round": "Round 8",
    "MatchName": "Wests Tigers v Panthers",
    "MatchID": "2020-8-WestsTigersvPanthers",
    "Date": "2020-01-01",
    "main_ref": "Adam Gee",
    "weather_condition": null,
    "ground_condition": "Good",
    "Average_PlayBall_Speed": 0.0,
    "kicking_metres": {
      "home": 628,
      "away": 681
    },
    "errors": {
      "home": 3,
      "away": 21
    },
    "penalties_conceded": {
      "home": 7,
      "away": 6
    },
    "sin_bins": {
      "home": 0,
      "away": 1
    }
  },
  {
    "Round": "Round 8",
    "MatchName": "Sea Eagles v Knights",
    "MatchID": "2020-8-SeaEaglesvKnights",
    "Date": "2020-01-01",
    "main_ref": "Grant Atkins",
    "weather_condition": null,
    "ground_condition": "Good",
    "Average_PlayBall_Speed": 0.0,
    "kicking_metres": {
      "home": 603,
      "away": 805
    },
    "errors": {
      "home": 5,
      "away": 4
    },
    "penalties_conceded": {
      "home": 4,
      "away": 6
    },
    "sin_bins": {
      "home": 1,
      "away": 0
    }
  },
  {
    "Round": "Round 8",
    "MatchName": "Bulldogs v Rabbitohs",
    "MatchID": "2020-8-BulldogsvRabbitohs",
    "Date": "2020-01-01",
    "main_ref": "Peter Gough",
    "weather_condition": null,
    "ground_condition": "Good",
    "Average_PlayBall_Speed": 0.0,
    "kicking_metres": {
      "home": 594,
      "away": 626
    },
    "errors": {
      "home": 12,
      "away": 12
    },
    "penalties_conceded": {
      "home": 2,
      "away": 6
    },
    "sin_bins": {
      "home": 6,
      "away": 8
    }
  },
  {
    "Round": "Round 9",
    "MatchName": "Cowboys v Roosters",
    "MatchID": "2020-9-CowboysvRoosters",
    "Date": "2020-01-01",
    "main_ref": "Adam Gee",
    "weather_condition": null,
    "ground_condition": "Good",
    "Average_PlayBall_Speed": 0.0,
    "kicking_metres": {
      "home": 397,
      "away": 320
    },
    "errors": {
      "home": 5,
      "away": 7
    },
    "penalties_conceded": {
      "home": 3,
      "away": 7
    },
    "sin_bins": {
      "home": 6,
      "away": 12
    }
  },
  {
    "Round": "Round 9",
    "MatchName": "Titans v Warriors",
    "MatchID": "2020-9-TitansvWarriors",
    "Date": "2020-01-01",
    "main_ref": "Chris Butler",
    "weather_condition": null,
    "ground_condition": "Good",
    "Average_PlayBall_Speed": 0.0,
    "kicking_metres": {
      "home": 527,
      "away": 442
    },
    "errors": {
      "home": 20,
      "away": 11
    },
    "penalties_conceded": {
      "home": 0,
      "away": 5
    },
    "sin_bins": {
      "home": -1,
      "away": -1
    }
  },
  {
    "Round": "Round 9",
    "MatchName": "Rabbitohs v Wests Tigers",
    "MatchID": "2020-9-RabbitohsvWestsTigers",
    "Date": "2020-01-01",
    "main_ref": "Ben Cummins",
    "weather_condition": null,
    "ground_condition": "Good",
    "Average_PlayBall_Speed": 0.0,
    "kicking_metres": {
      "home": 613,
      "away": 655
    },
    "errors": {
      "home": 5,
      "away": 6
    },
    "penalties_conceded": {
      "home": 1,
      "away": 5
    },
    "sin_bins": {
      "home": 10,
      "away": 0
    }
  },
  {
    "Round": "Round 9",
    "MatchName": "Sharks v Panthers",
    "MatchID": "2020-9-SharksvPanthers",
    "Date": "2020-01-01",
    "main_ref": "Ashley Klein",
    "weather_condition": null,
    "ground_condition": "Fair",
    "Average_PlayBall_Speed": 0.0,
    "kicking_metres": {
      "home": 413,
      "away": 458
    },
    "errors": {
      "home": 14,
      "away": 10
    },
    "penalties_conceded": {
      "home": 5,
      "away": 4
    },
    "sin_bins": {
      "home": 1,
      "away": 1
    }
  },
  {
    "Round": "Round 9",
    "MatchName": "Broncos v Bulldogs",
    "MatchID": "2020-9-BroncosvBulldogs",
    "Date": "2020-01-01",
    "main_ref": "Chris Sutton",
    "weather_condition": null,
    "ground_condition": "Good",
    "Average_PlayBall_Speed": 0.0,
    "kicking_metres": {
      "home": 627,
      "away": 648
    },
    "errors": {
      "home": 17,
      "away": 12
    },
    "penalties_conceded": {
      "home": 4,
      "away": 6
    },
    "sin_bins": {
      "home": 10,
      "away": 4
    }
  },
  {
    "Round": "Round 9",
    "MatchName": "Raiders v Storm",
    "MatchID": "2020-9-RaidersvStorm",
    "Date": "2020-01-01",
    "main_ref": "Grant Atkins",
    "weather_condition": null,
    "ground_condition": "Good",
    "Average_PlayBall_Speed": 0.0,
    "kicking_metres": {
      "home": 554,
      "away": 410
    },
    "errors": {
      "home": 9,
      "away": 5
    },
    "penalties_conceded": {
      "home": 4,
      "away": 8
    },
    "sin_bins": {
      "home": 0,
      "away": 0
    }
  },
  {
    "Round": "Round 9",
    "MatchName": "Knights v Eels",
    "MatchID": "2020-9-KnightsvEels",
    "Date": "2020-01-01",
    "main_ref": "Gerard Sutton",
    "weather_condition": null,
    "ground_condition": "Good",
    "Average_PlayBall_Speed": 0.0,
    "kicking_metres": {
      "home": 427,
      "away": 572
    },
    "errors": {
      "home": 14,
      "away": 14
    },
    "penalties_conceded": {
      "home": 4,
      "away": 6
    },
    "sin_bins": {
      "home": 4,
      "away": 4
    }
  },
  {
    "Round": "Round 9",
    "MatchName": "Dragons v Sea Eagles",
    "MatchID": "2020-9-DragonsvSeaEagles",
    "Date": "2020-01-01",
    "main_ref": "Matt Cecchin",
    "weather_condition": null,
    "ground_condition": "Fair",
    "Average_PlayBall_Speed": 0.0,
    "kicking_metres": {
      "home": 820,
      "away": 603
    },
    "errors": {
      "home": 6,
      "away": 13
    },
    "penalties_conceded": {
      "home": 5,
      "away": 3
    },
    "sin_bins": {
      "home": 0,
      "away": 1
    }
  },
  {
    "Round": "Round 10",
    "MatchName": "Roosters v Raiders",
    "MatchID": "2020-10-RoostersvRaiders",
    "Date": "2020-01-01",
    "main_ref": "Gerard Sutton",
    "weather_condition": null,
    "ground_condition": "Good",
    "Average_PlayBall_Speed": 0.0,
    "kicking_metres": {
      "home": 353,
      "away": 643
    },
    "errors": {
      "home": 7,
      "away": 7
    },
    "penalties_conceded": {
      "home": 4,
      "away": 5
    },
    "sin_bins": {
      "home": 12,
      "away": 6
    }
  },
  {
    "Round": "Round 10",
    "MatchName": "Storm v Titans",
    "MatchID": "2020-10-StormvTitans",
    "Date": "2020-01-01",
    "main_ref": "Chris Sutton",
    "weather_condition": null,
    "ground_condition": "Good",
    "Average_PlayBall_Speed": 0.0,
    "kicking_metres": {
      "home": 254,
      "away": 306
    },
    "errors": {
      "home": 13,
      "away": 13
    },
    "penalties_conceded": {
      "home": 7,
      "away": 8
    },
    "sin_bins": {
      "home": 18,
      "away": 6
    }
  },
  {
    "Round": "Round 10",
    "MatchName": "Wests Tigers v Broncos",
    "MatchID": "2020-10-WestsTigersvBroncos",
    "Date": "2020-01-01",
    "main_ref": "Adam Gee",
    "weather_condition": null,
    "ground_condition": "Good",
    "Average_PlayBall_Speed": 0.0,
    "kicking_metres": {
      "home": 691,
      "away": 596
    },
    "errors": {
      "home": 8,
      "away": 10
    },
    "penalties_conceded": {
      "home": 3,
      "away": 4
    },
    "sin_bins": {
      "home": -1,
      "away": -1
    }
  },
  {
    "Round": "Round 10",
    "MatchName": "Dragons v Bulldogs",
    "MatchID": "2020-10-DragonsvBulldogs",
    "Date": "2020-01-01",
    "main_ref": "Kasey Badger",
    "weather_condition": null,
    "ground_condition": "Good",
    "Average_PlayBall_Speed": 0.0,
    "kicking_metres": {
      "home": 598,
      "away": 758
    },
    "errors": {
      "home": 11,
      "away": 6
    },
    "penalties_conceded": {
      "home": 6,
      "away": 3
    },
    "sin_bins": {
      "home": 0,
      "away": 0
    }
  },
  {
    "Round": "Round 10",
    "MatchName": "Rabbitohs v Knights",
    "MatchID": "2020-10-RabbitohsvKnights",
    "Date": "2020-01-01",
    "main_ref": "Grant Atkins",
    "weather_condition": null,
    "ground_condition": "Good",
    "Average_PlayBall_Speed": 0.0,
    "kicking_metres": {
      "home": 466,
      "away": 722
    },
    "errors": {
      "home": 12,
      "away": 8
    },
    "penalties_conceded": {
      "home": 2,
      "away": 4
    },
    "sin_bins": {
      "home": 0,
      "away": 14
    }
  },
  {
    "Round": "Round 10",
    "MatchName": "Sea Eagles v Eels",
    "MatchID": "2020-10-SeaEaglesvEels",
    "Date": "2020-01-01",
    "main_ref": "Ashley Klein",
    "weather_condition": null,
    "ground_condition": "Good",
    "Average_PlayBall_Speed": 0.0,
    "kicking_metres": {
      "home": 814,
      "away": 615
    },
    "errors": {
      "home": 15,
      "away": 7
    },
    "penalties_conceded": {
      "home": 11,
      "away": 15
    },
    "sin_bins": {
      "home": -1,
      "away": -1
    }
  },
  {
    "Round": "Round 10",
    "MatchName": "Warriors v Sharks",
    "MatchID": "2020-10-WarriorsvSharks",
    "Date": "2020-01-01",
    "main_ref": "Matt Cecchin",
    "weather_condition": null,
    "ground_condition": "Good",
    "Average_PlayBall_Speed": 0.0,
    "kicking_metres": {
      "home": 401,
      "away": 378
    },
    "errors": {
      "home": 14,
      "away": 15
    },
    "penalties_conceded": {
      "home": 7,
      "away": 6
    },
    "sin_bins": {
      "home": 4,
      "away": 24
    }
  },
  {
    "Round": "Round 10",
    "MatchName": "Panthers v Cowboys",
    "MatchID": "2020-10-PanthersvCowboys",
    "Date": "2020-01-01",
    "main_ref": "Ben Cummins",
    "weather_condition": null,
    "ground_condition": "Good",
    "Average_PlayBall_Speed": 0.0,
    "kicking_metres": {
      "home": 703,
      "away": 595
    },
    "errors": {
      "home": 8,
      "away": 5
    },
    "penalties_conceded": {
      "home": 0,
      "away": 1
    },
    "sin_bins": {
      "home": 4,
      "away": 4
    }
  },
  {
    "Round": "Round 11",
    "MatchName": "Eels v Wests Tigers",
    "MatchID": "2020-11-EelsvWestsTigers",
    "Date": "2020-01-01",
    "main_ref": "Gerard Sutton",
    "weather_condition": null,
    "ground_condition": "Good",
    "Average_PlayBall_Speed": 0.0,
    "kicking_metres": {
      "home": 546,
      "away": 549
    },
    "errors": {
      "home": 11,
      "away": 14
    },
    "penalties_conceded": {
      "home": 2,
      "away": 8
    },
    "sin_bins": {
      "home": 18,
      "away": 12
    }
  },
  {
    "Round": "Round 11",
    "MatchName": "Cowboys v Sea Eagles",
    "MatchID": "2020-11-CowboysvSeaEagles",
    "Date": "2020-01-01",
    "main_ref": "Todd Smith",
    "weather_condition": null,
    "ground_condition": "Good",
    "Average_PlayBall_Speed": 0.0,
    "kicking_metres": {
      "home": 536,
      "away": 677
    },
    "errors": {
      "home": 5,
      "away": 4
    },
    "penalties_conceded": {
      "home": 4,
      "away": 7
    },
    "sin_bins": {
      "home": 6,
      "away": 12
    }
  },
  {
    "Round": "Round 11",
    "MatchName": "Broncos v Storm",
    "MatchID": "2020-11-BroncosvStorm",
    "Date": "2020-01-01",
    "main_ref": "Ben Cummins",
    "weather_condition": null,
    "ground_condition": "Good",
    "Average_PlayBall_Speed": 0.0,
    "kicking_metres": {
      "home": 632,
      "away": 419
    },
    "errors": {
      "home": 8,
      "away": 11
    },
    "penalties_conceded": {
      "home": 5,
      "away": 4
    },
    "sin_bins": {
      "home": 1,
      "away": 0
    }
  },
  {
    "Round": "Round 11",
    "MatchName": "Warriors v Roosters",
    "MatchID": "2020-11-WarriorsvRoosters",
    "Date": "2020-01-01",
    "main_ref": "Chris Sutton",
    "weather_condition": null,
    "ground_condition": "Good",
    "Average_PlayBall_Speed": 0.0,
    "kicking_metres": {
      "home": 677,
      "away": 658
    },
    "errors": {
      "home": 14,
      "away": 7
    },
    "penalties_conceded": {
      "home": 6,
      "away": 7
    },
    "sin_bins": {
      "home": -1,
      "away": -1
    }
  },
  {
    "Round": "Round 11",
    "MatchName": "Sharks v Dragons",
    "MatchID": "2020-11-SharksvDragons",
    "Date": "2020-01-01",
    "main_ref": "Grant Atkins",
    "weather_condition": null,
    "ground_condition": "Good",
    "Average_PlayBall_Speed": 0.0,
    "kicking_metres": {
      "home": 575,
      "away": 677
    },
    "errors": {
      "home": 4,
      "away": 5
    },
    "penalties_conceded": {
      "home": 2,
      "away": 6
    },
    "sin_bins": {
      "home": 22,
      "away": 14
    }
  },
  {
    "Round": "Round 11",
    "MatchName": "Raiders v Rabbitohs",
    "MatchID": "2020-11-RaidersvRabbitohs",
    "Date": "2020-01-01",
    "main_ref": "Ashley Klein",
    "weather_condition": null,
    "ground_condition": "Good",
    "Average_PlayBall_Speed": 0.0,
    "kicking_metres": {
      "home": 764,
      "away": 439
    },
    "errors": {
      "home": 6,
      "away": 7
    },
    "penalties_conceded": {
      "home": 5,
      "away": 5
    },
    "sin_bins": {
      "home": 10,
      "away": 12
    }
  },
  {
    "Round": "Round 11",
    "MatchName": "Knights v Bulldogs",
    "MatchID": "2020-11-KnightsvBulldogs",
    "Date": "2020-01-01",
    "main_ref": "Matt Cecchin",
    "weather_condition": null,
    "ground_condition": "Fair",
    "Average_PlayBall_Speed": 0.0,
    "kicking_metres": {
      "home": 670,
      "away": 0
    },
    "errors": {
      "home": 4,
      "away": 3
    },
    "penalties_conceded": {
      "home": 1,
      "away": 7
    },
    "sin_bins": {
      "home": -1,
      "away": -1
    }
  },
  {
    "Round": "Round 11",
    "MatchName": "Titans v Panthers",
    "MatchID": "2020-11-TitansvPanthers",
    "Date": "2020-01-01",
    "main_ref": "Adam Gee",
    "weather_condition": null,
    "ground_condition": "Good",
    "Average_PlayBall_Speed": 0.0,
    "kicking_metres": {
      "home": 699,
      "away": 754
    },
    "errors": {
      "home": 12,
      "away": 8
    },
    "penalties_conceded": {
      "home": 6,
      "away": 3
    },
    "sin_bins": {
      "home": -1,
      "away": -1
    }
  },
  {
    "Round": "Round 12",
    "MatchName": "Dragons v Rabbitohs",
    "MatchID": "2020-12-DragonsvRabbitohs",
    "Date": "2020-01-01",
    "main_ref": "Ashley Klein",
    "weather_condition": null,
    "ground_condition": "Good",
    "Average_PlayBall_Speed": 0.0,
    "kicking_metres": {
      "home": 723,
      "away": 534
    },
    "errors": {
      "home": 10,
      "away": 10
    },
    "penalties_conceded": {
      "home": 5,
      "away": 4
    },
    "sin_bins": {
      "home": 16,
      "away": 16
    }
  },
  {
    "Round": "Round 12",
    "MatchName": "Wests Tigers v Warriors",
    "MatchID": "2020-12-WestsTigersvWarriors",
    "Date": "2020-01-01",
    "main_ref": "Peter Gough",
    "weather_condition": null,
    "ground_condition": "Good",
    "Average_PlayBall_Speed": 0.0,
    "kicking_metres": {
      "home": 699,
      "away": 498
    },
    "errors": {
      "home": 10,
      "away": 9
    },
    "penalties_conceded": {
      "home": 5,
      "away": 9
    },
    "sin_bins": {
      "home": 14,
      "away": 8
    }
  },
  {
    "Round": "Round 12",
    "MatchName": "Broncos v Sharks",
    "MatchID": "2020-12-BroncosvSharks",
    "Date": "2020-01-01",
    "main_ref": "Matt Cecchin",
    "weather_condition": null,
    "ground_condition": "Good",
    "Average_PlayBall_Speed": 0.0,
    "kicking_metres": {
      "home": 553,
      "away": 469
    },
    "errors": {
      "home": 3,
      "away": 3
    },
    "penalties_conceded": {
      "home": 3,
      "away": 2
    },
    "sin_bins": {
      "home": -1,
      "away": -1
    }
  },
  {
    "Round": "Round 12",
    "MatchName": "Roosters v Titans",
    "MatchID": "2020-12-RoostersvTitans",
    "Date": "2020-01-01",
    "main_ref": "Kasey Badger",
    "weather_condition": null,
    "ground_condition": "Good",
    "Average_PlayBall_Speed": 0.0,
    "kicking_metres": {
      "home": 573,
      "away": 655
    },
    "errors": {
      "home": 6,
      "away": 3
    },
    "penalties_conceded": {
      "home": 0,
      "away": 2
    },
    "sin_bins": {
      "home": 0,
      "away": 2
    }
  },
  {
    "Round": "Round 12",
    "MatchName": "Cowboys v Raiders",
    "MatchID": "2020-12-CowboysvRaiders",
    "Date": "2020-01-01",
    "main_ref": "Ben Cummins",
    "weather_condition": null,
    "ground_condition": "Good",
    "Average_PlayBall_Speed": 0.0,
    "kicking_metres": {
      "home": 603,
      "away": 710
    },
    "errors": {
      "home": 3,
      "away": 3
    },
    "penalties_conceded": {
      "home": 6,
      "away": 4
    },
    "sin_bins": {
      "home": 6,
      "away": 8
    }
  },
  {
    "Round": "Round 12",
    "MatchName": "Sea Eagles v Panthers",
    "MatchID": "2020-12-SeaEaglesvPanthers",
    "Date": "2020-01-01",
    "main_ref": "Gerard Sutton",
    "weather_condition": null,
    "ground_condition": "Good",
    "Average_PlayBall_Speed": 0.0,
    "kicking_metres": {
      "home": 584,
      "away": 897
    },
    "errors": {
      "home": 9,
      "away": 10
    },
    "penalties_conceded": {
      "home": 11,
      "away": 8
    },
    "sin_bins": {
      "home": 6,
      "away": 24
    }
  },
  {
    "Round": "Round 12",
    "MatchName": "Bulldogs v Eels",
    "MatchID": "2020-12-BulldogsvEels",
    "Date": "2020-01-01",
    "main_ref": "Chris Sutton",
    "weather_condition": null,
    "ground_condition": "Good",
    "Average_PlayBall_Speed": 0.0,
    "kicking_metres": {
      "home": 580,
      "away": 557
    },
    "errors": {
      "home": 8,
      "away": 12
    },
    "penalties_conceded": {
      "home": 8,
      "away": 3
    },
    "sin_bins": {
      "home": -1,
      "away": -1
    }
  },
  {
    "Round": "Round 12",
    "MatchName": "Storm v Knights",
    "MatchID": "2020-12-StormvKnights",
    "Date": "2020-01-01",
    "main_ref": "Adam Gee",
    "weather_condition": null,
    "ground_condition": "Good",
    "Average_PlayBall_Speed": 0.0,
    "kicking_metres": {
      "home": 534,
      "away": 460
    },
    "errors": {
      "home": 9,
      "away": 12
    },
    "penalties_conceded": {
      "home": 5,
      "away": 5
    },
    "sin_bins": {
      "home": 0,
      "away": 1
    }
  },
  {
    "Round": "Round 13",
    "MatchName": "Dragons v Roosters",
    "MatchID": "2020-13-DragonsvRoosters",
    "Date": "2020-01-01",
    "main_ref": "Ashley Klein",
    "weather_condition": null,
    "ground_condition": "Good",
    "Average_PlayBall_Speed": 0.0,
    "kicking_metres": {
      "home": 755,
      "away": 660
    },
    "errors": {
      "home": 7,
      "away": 8
    },
    "penalties_conceded": {
      "home": 1,
      "away": 4
    },
    "sin_bins": {
      "home": 10,
      "away": 10
    }
  },
  {
    "Round": "Round 13",
    "MatchName": "Sea Eagles v Warriors",
    "MatchID": "2020-13-SeaEaglesvWarriors",
    "Date": "2020-01-01",
    "main_ref": "Jon Stone",
    "weather_condition": null,
    "ground_condition": "Slippery",
    "Average_PlayBall_Speed": 0.0,
    "kicking_metres": {
      "home": 631,
      "away": 723
    },
    "errors": {
      "home": 3,
      "away": 6
    },
    "penalties_conceded": {
      "home": 4,
      "away": 7
    },
    "sin_bins": {
      "home": 10,
      "away": 20
    }
  },
  {
    "Round": "Round 13",
    "MatchName": "Rabbitohs v Broncos",
    "MatchID": "2020-13-RabbitohsvBroncos",
    "Date": "2020-01-01",
    "main_ref": "Grant Atkins",
    "weather_condition": null,
    "ground_condition": "Slippery",
    "Average_PlayBall_Speed": 0.0,
    "kicking_metres": {
      "home": 557,
      "away": 491
    },
    "errors": {
      "home": 9,
      "away": 7
    },
    "penalties_conceded": {
      "home": 4,
      "away": 11
    },
    "sin_bins": {
      "home": 20,
      "away": 6
    }
  },
  {
    "Round": "Round 13",
    "MatchName": "Storm v Bulldogs",
    "MatchID": "2020-13-StormvBulldogs",
    "Date": "2020-01-01",
    "main_ref": "Peter Gough",
    "weather_condition": null,
    "ground_condition": "Good",
    "Average_PlayBall_Speed": 0.0,
    "kicking_metres": {
      "home": 504,
      "away": 412
    },
    "errors": {
      "home": 12,
      "away": 11
    },
    "penalties_conceded": {
      "home": 8,
      "away": 5
    },
    "sin_bins": {
      "home": 1,
      "away": 0
    }
  },
  {
    "Round": "Round 13",
    "MatchName": "Knights v Wests Tigers",
    "MatchID": "2020-13-KnightsvWestsTigers",
    "Date": "2020-01-01",
    "main_ref": "Matt Cecchin",
    "weather_condition": null,
    "ground_condition": "Good",
    "Average_PlayBall_Speed": 0.0,
    "kicking_metres": {
      "home": 641,
      "away": 434
    },
    "errors": {
      "home": 4,
      "away": 3
    },
    "penalties_conceded": {
      "home": 2,
      "away": 4
    },
    "sin_bins": {
      "home": 24,
      "away": 4
    }
  },
  {
    "Round": "Round 13",
    "MatchName": "Panthers v Raiders",
    "MatchID": "2020-13-PanthersvRaiders",
    "Date": "2020-01-01",
    "main_ref": "Gerard Sutton",
    "weather_condition": null,
    "ground_condition": "Good",
    "Average_PlayBall_Speed": 0.0,
    "kicking_metres": {
      "home": 719,
      "away": 709
    },
    "errors": {
      "home": 11,
      "away": 9
    },
    "penalties_conceded": {
      "home": 6,
      "away": 7
    },
    "sin_bins": {
      "home": 24,
      "away": 0
    }
  },
  {
    "Round": "Round 13",
    "MatchName": "Titans v Cowboys",
    "MatchID": "2020-13-TitansvCowboys",
    "Date": "2020-01-01",
    "main_ref": "Chris Sutton",
    "weather_condition": null,
    "ground_condition": "Good",
    "Average_PlayBall_Speed": 0.0,
    "kicking_metres": {
      "home": 509,
      "away": 394
    },
    "errors": {
      "home": 7,
      "away": 6
    },
    "penalties_conceded": {
      "home": 1,
      "away": 2
    },
    "sin_bins": {
      "home": -1,
      "away": -1
    }
  },
  {
    "Round": "Round 13",
    "MatchName": "Sharks v Eels",
    "MatchID": "2020-13-SharksvEels",
    "Date": "2020-01-01",
    "main_ref": "Ben Cummins",
    "weather_condition": null,
    "ground_condition": "Heavy",
    "Average_PlayBall_Speed": 0.0,
    "kicking_metres": {
      "home": 595,
      "away": 476
    },
    "errors": {
      "home": 17,
      "away": 9
    },
    "penalties_conceded": {
      "home": 10,
      "away": 15
    },
    "sin_bins": {
      "home": 4,
      "away": 6
    }
  },
  {
    "Round": "Round 14",
    "MatchName": "Roosters v Storm",
    "MatchID": "2020-14-RoostersvStorm",
    "Date": "2020-01-01",
    "main_ref": "Gerard Sutton",
    "weather_condition": null,
    "ground_condition": "Good",
    "Average_PlayBall_Speed": 0.0,
    "kicking_metres": {
      "home": 462,
      "away": 723
    },
    "errors": {
      "home": 26,
      "away": 14
    },
    "penalties_conceded": {
      "home": 17,
      "away": 10
    },
    "sin_bins": {
      "home": 0,
      "away": 14
    }
  },
  {
    "Round": "Round 14",
    "MatchName": "Warriors v Panthers",
    "MatchID": "2020-14-WarriorsvPanthers",
    "Date": "2020-01-01",
    "main_ref": "Adam Gee",
    "weather_condition": null,
    "ground_condition": "Good",
    "Average_PlayBall_Speed": 0.0,
    "kicking_metres": {
      "home": 446,
      "away": 658
    },
    "errors": {
      "home": 12,
      "away": 5
    },
    "penalties_conceded": {
      "home": 7,
      "away": 6
    },
    "sin_bins": {
      "home": 6,
      "away": 16
    }
  },
  {
    "Round": "Round 14",
    "MatchName": "Eels v Dragons",
    "MatchID": "2020-14-EelsvDragons",
    "Date": "2020-01-01",
    "main_ref": "Grant Atkins",
    "weather_condition": null,
    "ground_condition": "Good",
    "Average_PlayBall_Speed": 0.0,
    "kicking_metres": {
      "home": 811,
      "away": 930
    },
    "errors": {
      "home": 14,
      "away": 12
    },
    "penalties_conceded": {
      "home": 4,
      "away": 2
    },
    "sin_bins": {
      "home": 6,
      "away": 10
    }
  },
  {
    "Round": "Round 14",
    "MatchName": "Sharks v Titans",
    "MatchID": "2020-14-SharksvTitans",
    "Date": "2020-01-01",
    "main_ref": "Matt Noyen",
    "weather_condition": null,
    "ground_condition": "Good",
    "Average_PlayBall_Speed": 0.0,
    "kicking_metres": {
      "home": 469,
      "away": 394
    },
    "errors": {
      "home": 10,
      "away": 14
    },
    "penalties_conceded": {
      "home": 6,
      "away": 9
    },
    "sin_bins": {
      "home": 12,
      "away": 12
    }
  },
  {
    "Round": "Round 14",
    "MatchName": "Cowboys v Rabbitohs",
    "MatchID": "2020-14-CowboysvRabbitohs",
    "Date": "2020-01-01",
    "main_ref": "Chris Butler",
    "weather_condition": null,
    "ground_condition": "Good",
    "Average_PlayBall_Speed": 0.0,
    "kicking_metres": {
      "home": 622,
      "away": 413
    },
    "errors": {
      "home": 2,
      "away": 5
    },
    "penalties_conceded": {
      "home": 2,
      "away": 3
    },
    "sin_bins": {
      "home": 0,
      "away": 1
    }
  },
  {
    "Round": "Round 14",
    "MatchName": "Raiders v Broncos",
    "MatchID": "2020-14-RaidersvBroncos",
    "Date": "2020-01-01",
    "main_ref": "Chris Sutton",
    "weather_condition": null,
    "ground_condition": "Good",
    "Average_PlayBall_Speed": 0.0,
    "kicking_metres": {
      "home": 673,
      "away": 587
    },
    "errors": {
      "home": 2,
      "away": 5
    },
    "penalties_conceded": {
      "home": 7,
      "away": 1
    },
    "sin_bins": {
      "home": -1,
      "away": -1
    }
  },
  {
    "Round": "Round 14",
    "MatchName": "Knights v Sea Eagles",
    "MatchID": "2020-14-KnightsvSeaEagles",
    "Date": "2020-01-01",
    "main_ref": "Ashley Klein",
    "weather_condition": null,
    "ground_condition": "Good",
    "Average_PlayBall_Speed": 0.0,
    "kicking_metres": {
      "home": 376,
      "away": 622
    },
    "errors": {
      "home": 10,
      "away": 9
    },
    "penalties_conceded": {
      "home": 4,
      "away": 11
    },
    "sin_bins": {
      "home": -1,
      "away": -1
    }
  },
  {
    "Round": "Round 14",
    "MatchName": "Wests Tigers v Bulldogs",
    "MatchID": "2020-14-WestsTigersvBulldogs",
    "Date": "2020-01-01",
    "main_ref": "Matt Cecchin",
    "weather_condition": null,
    "ground_condition": "Good",
    "Average_PlayBall_Speed": 0.0,
    "kicking_metres": {
      "home": 592,
      "away": 638
    },
    "errors": {
      "home": 8,
      "away": 9
    },
    "penalties_conceded": {
      "home": 1,
      "away": 2
    },
    "sin_bins": {
      "home": 22,
      "away": 16
    }
  },
  {
    "Round": "Round 15",
    "MatchName": "Eels v Storm",
    "MatchID": "2020-15-EelsvStorm",
    "Date": "2020-01-01",
    "main_ref": "Ben Cummins",
    "weather_condition": null,
    "ground_condition": "Good",
    "Average_PlayBall_Speed": 0.0,
    "kicking_metres": {
      "home": 528,
      "away": 468
    },
    "errors": {
      "home": 14,
      "away": 11
    },
    "penalties_conceded": {
      "home": 1,
      "away": 8
    },
    "sin_bins": {
      "home": 0,
      "away": 1
    }
  },
  {
    "Round": "Round 15",
    "MatchName": "Panthers v Sharks",
    "MatchID": "2020-15-PanthersvSharks",
    "Date": "2020-01-01",
    "main_ref": "Ashley Klein",
    "weather_condition": null,
    "ground_condition": "Good",
    "Average_PlayBall_Speed": 0.0,
    "kicking_metres": {
      "home": 492,
      "away": 470
    },
    "errors": {
      "home": 3,
      "away": 6
    },
    "penalties_conceded": {
      "home": 1,
      "away": 0
    },
    "sin_bins": {
      "home": -1,
      "away": -1
    }
  },
  {
    "Round": "Round 15",
    "MatchName": "Broncos v Dragons",
    "MatchID": "2020-15-BroncosvDragons",
    "Date": "2020-01-01",
    "main_ref": "Matt Noyen",
    "weather_condition": null,
    "ground_condition": "Good",
    "Average_PlayBall_Speed": 0.0,
    "kicking_metres": {
      "home": 609,
      "away": 818
    },
    "errors": {
      "home": 7,
      "away": 4
    },
    "penalties_conceded": {
      "home": 4,
      "away": 2
    },
    "sin_bins": {
      "home": 12,
      "away": 18
    }
  },
  {
    "Round": "Round 15",
    "MatchName": "Titans v Raiders",
    "MatchID": "2020-15-TitansvRaiders",
    "Date": "2020-01-01",
    "main_ref": "Chris Butler",
    "weather_condition": null,
    "ground_condition": "Good",
    "Average_PlayBall_Speed": 0.0,
    "kicking_metres": {
      "home": 524,
      "away": 519
    },
    "errors": {
      "home": 12,
      "away": 9
    },
    "penalties_conceded": {
      "home": 5,
      "away": 5
    },
    "sin_bins": {
      "home": 4,
      "away": 22
    }
  },
  {
    "Round": "Round 15",
    "MatchName": "Wests Tigers v Roosters",
    "MatchID": "2020-15-WestsTigersvRoosters",
    "Date": "2020-01-01",
    "main_ref": "Grant Atkins",
    "weather_condition": null,
    "ground_condition": "Good",
    "Average_PlayBall_Speed": 0.0,
    "kicking_metres": {
      "home": 340,
      "away": 544
    },
    "errors": {
      "home": 12,
      "away": 12
    },
    "penalties_conceded": {
      "home": 3,
      "away": 4
    },
    "sin_bins": {
      "home": -1,
      "away": -1
    }
  },
  {
    "Round": "Round 15",
    "MatchName": "Rabbitohs v Sea Eagles",
    "MatchID": "2020-15-RabbitohsvSeaEagles",
    "Date": "2020-01-01",
    "main_ref": "Gerard Sutton",
    "weather_condition": null,
    "ground_condition": "Good",
    "Average_PlayBall_Speed": 0.0,
    "kicking_metres": {
      "home": 659,
      "away": 452
    },
    "errors": {
      "home": 5,
      "away": 13
    },
    "penalties_conceded": {
      "home": 1,
      "away": 3
    },
    "sin_bins": {
      "home": 0,
      "away": 1
    }
  },
  {
    "Round": "Round 15",
    "MatchName": "Bulldogs v Warriors",
    "MatchID": "2020-15-BulldogsvWarriors",
    "Date": "2020-01-01",
    "main_ref": "Peter Gough",
    "weather_condition": null,
    "ground_condition": "Good",
    "Average_PlayBall_Speed": 0.0,
    "kicking_metres": {
      "home": 587,
      "away": 449
    },
    "errors": {
      "home": 11,
      "away": 12
    },
    "penalties_conceded": {
      "home": 3,
      "away": 4
    },
    "sin_bins": {
      "home": 10,
      "away": 6
    }
  },
  {
    "Round": "Round 15",
    "MatchName": "Knights v Cowboys",
    "MatchID": "2020-15-KnightsvCowboys",
    "Date": "2020-01-01",
    "main_ref": "Adam Gee",
    "weather_condition": null,
    "ground_condition": "Good",
    "Average_PlayBall_Speed": 0.0,
    "kicking_metres": {
      "home": 620,
      "away": 489
    },
    "errors": {
      "home": 16,
      "away": 14
    },
    "penalties_conceded": {
      "home": 11,
      "away": 13
    },
    "sin_bins": {
      "home": 1,
      "away": 1
    }
  },
  {
    "Round": "Round 16",
    "MatchName": "Eels v Rabbitohs",
    "MatchID": "2020-16-EelsvRabbitohs",
    "Date": "2020-01-01",
    "main_ref": "Gerard Sutton",
    "weather_condition": null,
    "ground_condition": "Good",
    "Average_PlayBall_Speed": 0.0,
    "kicking_metres": {
      "home": 558,
      "away": 776
    },
    "errors": {
      "home": 4,
      "away": 2
    },
    "penalties_conceded": {
      "home": 4,
      "away": 5
    },
    "sin_bins": {
      "home": 0,
      "away": 22
    }
  },
  {
    "Round": "Round 16",
    "MatchName": "Dragons v Titans",
    "MatchID": "2020-16-DragonsvTitans",
    "Date": "2020-01-01",
    "main_ref": "Jon Stone",
    "weather_condition": null,
    "ground_condition": "Good",
    "Average_PlayBall_Speed": 0.0,
    "kicking_metres": {
      "home": 636,
      "away": 471
    },
    "errors": {
      "home": 4,
      "away": 7
    },
    "penalties_conceded": {
      "home": 2,
      "away": 5
    },
    "sin_bins": {
      "home": 2,
      "away": 0
    }
  },
  {
    "Round": "Round 16",
    "MatchName": "Roosters v Broncos",
    "MatchID": "2020-16-RoostersvBroncos",
    "Date": "2020-01-01",
    "main_ref": "Adam Gee",
    "weather_condition": null,
    "ground_condition": "Good",
    "Average_PlayBall_Speed": 0.0,
    "kicking_metres": {
      "home": 326,
      "away": 311
    },
    "errors": {
      "home": 4,
      "away": 4
    },
    "penalties_conceded": {
      "home": 6,
      "away": 7
    },
    "sin_bins": {
      "home": 24,
      "away": 6
    }
  },
  {
    "Round": "Round 16",
    "MatchName": "Warriors v Knights",
    "MatchID": "2020-16-WarriorsvKnights",
    "Date": "2020-01-01",
    "main_ref": "Matt Cecchin",
    "weather_condition": null,
    "ground_condition": "Good",
    "Average_PlayBall_Speed": 0.0,
    "kicking_metres": {
      "home": 637,
      "away": 512
    },
    "errors": {
      "home": 2,
      "away": 8
    },
    "penalties_conceded": {
      "home": 5,
      "away": 4
    },
    "sin_bins": {
      "home": 0,
      "away": 1
    }
  },
  {
    "Round": "Round 16",
    "MatchName": "Sharks v Cowboys",
    "MatchID": "2020-16-SharksvCowboys",
    "Date": "2020-01-01",
    "main_ref": "Chris Sutton",
    "weather_condition": null,
    "ground_condition": "Good",
    "Average_PlayBall_Speed": 0.0,
    "kicking_metres": {
      "home": 468,
      "away": 510
    },
    "errors": {
      "home": 5,
      "away": 21
    },
    "penalties_conceded": {
      "home": 9,
      "away": 16
    },
    "sin_bins": {
      "home": -1,
      "away": -1
    }
  },
  {
    "Round": "Round 16",
    "MatchName": "Panthers v Wests Tigers",
    "MatchID": "2020-16-PanthersvWestsTigers",
    "Date": "2020-01-01",
    "main_ref": "Ben Cummins",
    "weather_condition": null,
    "ground_condition": "Good",
    "Average_PlayBall_Speed": 0.0,
    "kicking_metres": {
      "home": 695,
      "away": 860
    },
    "errors": {
      "home": 3,
      "away": 6
    },
    "penalties_conceded": {
      "home": 1,
      "away": 6
    },
    "sin_bins": {
      "home": 0,
      "away": 1
    }
  },
  {
    "Round": "Round 16",
    "MatchName": "Storm v Sea Eagles",
    "MatchID": "2020-16-StormvSeaEagles",
    "Date": "2020-01-01",
    "main_ref": "Grant Atkins",
    "weather_condition": null,
    "ground_condition": "Good",
    "Average_PlayBall_Speed": 0.0,
    "kicking_metres": {
      "home": 567,
      "away": 760
    },
    "errors": {
      "home": 5,
      "away": 2
    },
    "penalties_conceded": {
      "home": 2,
      "away": 4
    },
    "sin_bins": {
      "home": -1,
      "away": -1
    }
  },
  {
    "Round": "Round 16",
    "MatchName": "Raiders v Bulldogs",
    "MatchID": "2020-16-RaidersvBulldogs",
    "Date": "2020-01-01",
    "main_ref": "Chris Butler",
    "weather_condition": null,
    "ground_condition": "Good",
    "Average_PlayBall_Speed": 0.0,
    "kicking_metres": {
      "home": 576,
      "away": 534
    },
    "errors": {
      "home": 12,
      "away": 9
    },
    "penalties_conceded": {
      "home": 4,
      "away": 6
    },
    "sin_bins": {
      "home": 12,
      "away": 20
    }
  },
  {
    "Round": "Round 17",
    "MatchName": "Broncos v Panthers",
    "MatchID": "2020-17-BroncosvPanthers",
    "Date": "2020-01-01",
    "main_ref": "Matt Cecchin",
    "weather_condition": null,
    "ground_condition": "Good",
    "Average_PlayBall_Speed": 0.0,
    "kicking_metres": {
      "home": 842,
      "away": 590
    },
    "errors": {
      "home": 7,
      "away": 3
    },
    "penalties_conceded": {
      "home": 2,
      "away": 4
    },
    "sin_bins": {
      "home": 0,
      "away": 1
    }
  },
  {
    "Round": "Round 17",
    "MatchName": "Knights v Sharks",
    "MatchID": "2020-17-KnightsvSharks",
    "Date": "2020-01-01",
    "main_ref": "Ben Cummins",
    "weather_condition": null,
    "ground_condition": "Good",
    "Average_PlayBall_Speed": 0.0,
    "kicking_metres": {
      "home": 620,
      "away": 573
    },
    "errors": {
      "home": 3,
      "away": 6
    },
    "penalties_conceded": {
      "home": 4,
      "away": 5
    },
    "sin_bins": {
      "home": 0,
      "away": 1
    }
  },
  {
    "Round": "Round 17",
    "MatchName": "Rabbitohs v Storm",
    "MatchID": "2020-17-RabbitohsvStorm",
    "Date": "2020-01-01",
    "main_ref": "Ashley Klein",
    "weather_condition": null,
    "ground_condition": "Good",
    "Average_PlayBall_Speed": 0.0,
    "kicking_metres": {
      "home": 514,
      "away": 564
    },
    "errors": {
      "home": 6,
      "away": 6
    },
    "penalties_conceded": {
      "home": 4,
      "away": 4
    },
    "sin_bins": {
      "home": 14,
      "away": 10
    }
  },
  {
    "Round": "Round 17",
    "MatchName": "Bulldogs v Titans",
    "MatchID": "2020-17-BulldogsvTitans",
    "Date": "2020-01-01",
    "main_ref": "Chris Sutton",
    "weather_condition": null,
    "ground_condition": "Good",
    "Average_PlayBall_Speed": 0.0,
    "kicking_metres": {
      "home": 759,
      "away": 624
    },
    "errors": {
      "home": 3,
      "away": 6
    },
    "penalties_conceded": {
      "home": 1,
      "away": 2
    },
    "sin_bins": {
      "home": -1,
      "away": -1
    }
  },
  {
    "Round": "Round 17",
    "MatchName": "Sea Eagles v Wests Tigers",
    "MatchID": "2020-17-SeaEaglesvWestsTigers",
    "Date": "2020-01-01",
    "main_ref": "Jon Stone",
    "weather_condition": null,
    "ground_condition": "Good",
    "Average_PlayBall_Speed": 0.0,
    "kicking_metres": {
      "home": 414,
      "away": 359
    },
    "errors": {
      "home": 9,
      "away": 10
    },
    "penalties_conceded": {
      "home": 1,
      "away": 8
    },
    "sin_bins": {
      "home": -1,
      "away": -1
    }
  },
  {
    "Round": "Round 17",
    "MatchName": "Raiders v Roosters",
    "MatchID": "2020-17-RaidersvRoosters",
    "Date": "2020-01-01",
    "main_ref": "Gerard Sutton",
    "weather_condition": null,
    "ground_condition": "Good",
    "Average_PlayBall_Speed": 0.0,
    "kicking_metres": {
      "home": 554,
      "away": 636
    },
    "errors": {
      "home": 15,
      "away": 8
    },
    "penalties_conceded": {
      "home": 3,
      "away": 6
    },
    "sin_bins": {
      "home": 0,
      "away": 0
    }
  },
  {
    "Round": "Round 17",
    "MatchName": "Warriors v Eels",
    "MatchID": "2020-17-WarriorsvEels",
    "Date": "2020-01-01",
    "main_ref": "Grant Atkins",
    "weather_condition": null,
    "ground_condition": "Good",
    "Average_PlayBall_Speed": 0.0,
    "kicking_metres": {
      "home": 574,
      "away": 715
    },
    "errors": {
      "home": 9,
      "away": 10
    },
    "penalties_conceded": {
      "home": 8,
      "away": 3
    },
    "sin_bins": {
      "home": 1,
      "away": 0
    }
  },
  {
    "Round": "Round 17",
    "MatchName": "Cowboys v Dragons",
    "MatchID": "2020-17-CowboysvDragons",
    "Date": "2020-01-01",
    "main_ref": "Adam Gee",
    "weather_condition": null,
    "ground_condition": "Good",
    "Average_PlayBall_Speed": 0.0,
    "kicking_metres": {
      "home": 701,
      "away": 631
    },
    "errors": {
      "home": 4,
      "away": 2
    },
    "penalties_conceded": {
      "home": 1,
      "away": 2
    },
    "sin_bins": {
      "home": 1,
      "away": 0
    }
  },
  {
    "Round": "Round 18",
    "MatchName": "Wests Tigers v Rabbitohs",
    "MatchID": "2020-18-WestsTigersvRabbitohs",
    "Date": "2020-01-01",
    "main_ref": "Ben Cummins",
    "weather_condition": null,
    "ground_condition": "Good",
    "Average_PlayBall_Speed": 0.0,
    "kicking_metres": {
      "home": 482,
      "away": 487
    },
    "errors": {
      "home": 14,
      "away": 10
    },
    "penalties_conceded": {
      "home": 3,
      "away": 4
    },
    "sin_bins": {
      "home": 2,
      "away": 1
    }
  },
  {
    "Round": "Round 18",
    "MatchName": "Bulldogs v Sea Eagles",
    "MatchID": "2020-18-BulldogsvSeaEagles",
    "Date": "2020-01-01",
    "main_ref": "Matt Noyen",
    "weather_condition": null,
    "ground_condition": "Good",
    "Average_PlayBall_Speed": 0.0,
    "kicking_metres": {
      "home": 493,
      "away": 451
    },
    "errors": {
      "home": 4,
      "away": 11
    },
    "penalties_conceded": {
      "home": 4,
      "away": 5
    },
    "sin_bins": {
      "home": 10,
      "away": 16
    }
  },
  {
    "Round": "Round 18",
    "MatchName": "Panthers v Eels",
    "MatchID": "2020-18-PanthersvEels",
    "Date": "2020-01-01",
    "main_ref": "Gerard Sutton",
    "weather_condition": null,
    "ground_condition": "Good",
    "Average_PlayBall_Speed": 0.0,
    "kicking_metres": {
      "home": 649,
      "away": 910
    },
    "errors": {
      "home": 20,
      "away": 13
    },
    "penalties_conceded": {
      "home": 13,
      "away": 11
    },
    "sin_bins": {
      "home": 6,
      "away": 2
    }
  },
  {
    "Round": "Round 18",
    "MatchName": "Dragons v Raiders",
    "MatchID": "2020-18-DragonsvRaiders",
    "Date": "2020-01-01",
    "main_ref": "Adam Gee",
    "weather_condition": null,
    "ground_condition": "Good",
    "Average_PlayBall_Speed": 0.0,
    "kicking_metres": {
      "home": 385,
      "away": 581
    },
    "errors": {
      "home": 13,
      "away": 10
    },
    "penalties_conceded": {
      "home": 4,
      "away": 5
    },
    "sin_bins": {
      "home": 0,
      "away": 1
    }
  },
  {
    "Round": "Round 18",
    "MatchName": "Titans v Broncos",
    "MatchID": "2020-18-TitansvBroncos",
    "Date": "2020-01-01",
    "main_ref": "Liam Kennedy",
    "weather_condition": null,
    "ground_condition": "Good",
    "Average_PlayBall_Speed": 0.0,
    "kicking_metres": {
      "home": 637,
      "away": 517
    },
    "errors": {
      "home": 5,
      "away": 4
    },
    "penalties_conceded": {
      "home": 2,
      "away": 3
    },
    "sin_bins": {
      "home": -1,
      "away": -1
    }
  },
  {
    "Round": "Round 18",
    "MatchName": "Roosters v Knights",
    "MatchID": "2020-18-RoostersvKnights",
    "Date": "2020-01-01",
    "main_ref": "Ashley Klein",
    "weather_condition": null,
    "ground_condition": "Good",
    "Average_PlayBall_Speed": 0.0,
    "kicking_metres": {
      "home": 439,
      "away": 655
    },
    "errors": {
      "home": 12,
      "away": 11
    },
    "penalties_conceded": {
      "home": 5,
      "away": 6
    },
    "sin_bins": {
      "home": -1,
      "away": -1
    }
  },
  {
    "Round": "Round 18",
    "MatchName": "Storm v Cowboys",
    "MatchID": "2020-18-StormvCowboys",
    "Date": "2020-01-01",
    "main_ref": "Grant Atkins",
    "weather_condition": null,
    "ground_condition": "Good",
    "Average_PlayBall_Speed": 0.0,
    "kicking_metres": {
      "home": 331,
      "away": 429
    },
    "errors": {
      "home": 4,
      "away": 4
    },
    "penalties_conceded": {
      "home": 4,
      "away": 4
    },
    "sin_bins": {
      "home": 24,
      "away": 4
    }
  },
  {
    "Round": "Round 18",
    "MatchName": "Sharks v Warriors",
    "MatchID": "2020-18-SharksvWarriors",
    "Date": "2020-01-01",
    "main_ref": "Matt Cecchin",
    "weather_condition": null,
    "ground_condition": "Good",
    "Average_PlayBall_Speed": 0.0,
    "kicking_metres": {
      "home": 456,
      "away": 438
    },
    "errors": {
      "home": 6,
      "away": 9
    },
    "penalties_conceded": {
      "home": 6,
      "away": 4
    },
    "sin_bins": {
      "home": 12,
      "away": 6
    }
  },
  {
    "Round": "Round 19",
    "MatchName": "Rabbitohs v Bulldogs",
    "MatchID": "2020-19-RabbitohsvBulldogs",
    "Date": "2020-01-01",
    "main_ref": "Ashley Klein",
    "weather_condition": null,
    "ground_condition": "Good",
    "Average_PlayBall_Speed": 0.0,
    "kicking_metres": {
      "home": 368,
      "away": 801
    },
    "errors": {
      "home": 4,
      "away": 6
    },
    "penalties_conceded": {
      "home": 4,
      "away": 7
    },
    "sin_bins": {
      "home": 1,
      "away": 0
    }
  },
  {
    "Round": "Round 19",
    "MatchName": "Cowboys v Panthers",
    "MatchID": "2020-19-CowboysvPanthers",
    "Date": "2020-01-01",
    "main_ref": "Matt Cecchin",
    "weather_condition": null,
    "ground_condition": "Good",
    "Average_PlayBall_Speed": 0.0,
    "kicking_metres": {
      "home": 750,
      "away": 508
    },
    "errors": {
      "home": 14,
      "away": 16
    },
    "penalties_conceded": {
      "home": 1,
      "away": 6
    },
    "sin_bins": {
      "home": -1,
      "away": -1
    }
  },
  {
    "Round": "Round 19",
    "MatchName": "Eels v Broncos",
    "MatchID": "2020-19-EelsvBroncos",
    "Date": "2020-01-01",
    "main_ref": "Chris Sutton",
    "weather_condition": null,
    "ground_condition": "Fair",
    "Average_PlayBall_Speed": 0.0,
    "kicking_metres": {
      "home": 563,
      "away": 536
    },
    "errors": {
      "home": 8,
      "away": 12
    },
    "penalties_conceded": {
      "home": 6,
      "away": 3
    },
    "sin_bins": {
      "home": -1,
      "away": -1
    }
  },
  {
    "Round": "Round 19",
    "MatchName": "Sea Eagles v Titans",
    "MatchID": "2020-19-SeaEaglesvTitans",
    "Date": "2020-01-01",
    "main_ref": "Dave Munro",
    "weather_condition": null,
    "ground_condition": "Good",
    "Average_PlayBall_Speed": 0.0,
    "kicking_metres": {
      "home": 229,
      "away": 561
    },
    "errors": {
      "home": 14,
      "away": 12
    },
    "penalties_conceded": {
      "home": 7,
      "away": 6
    },
    "sin_bins": {
      "home": -1,
      "away": -1
    }
  },
  {
    "Round": "Round 19",
    "MatchName": "Storm v Wests Tigers",
    "MatchID": "2020-19-StormvWestsTigers",
    "Date": "2020-01-01",
    "main_ref": "Gerard Sutton",
    "weather_condition": null,
    "ground_condition": "Good",
    "Average_PlayBall_Speed": 0.0,
    "kicking_metres": {
      "home": 406,
      "away": 393
    },
    "errors": {
      "home": 13,
      "away": 12
    },
    "penalties_conceded": {
      "home": 4,
      "away": 3
    },
    "sin_bins": {
      "home": 32,
      "away": 10
    }
  },
  {
    "Round": "Round 19",
    "MatchName": "Roosters v Sharks",
    "MatchID": "2020-19-RoostersvSharks",
    "Date": "2020-01-01",
    "main_ref": "Ben Cummins",
    "weather_condition": null,
    "ground_condition": "Good",
    "Average_PlayBall_Speed": 0.0,
    "kicking_metres": {
      "home": 543,
      "away": 396
    },
    "errors": {
      "home": 5,
      "away": 3
    },
    "penalties_conceded": {
      "home": 9,
      "away": 1
    },
    "sin_bins": {
      "home": 1,
      "away": 0
    }
  },
  {
    "Round": "Round 19",
    "MatchName": "Raiders v Warriors",
    "MatchID": "2020-19-RaidersvWarriors",
    "Date": "2020-01-01",
    "main_ref": "Chris Sutton",
    "weather_condition": null,
    "ground_condition": "Good",
    "Average_PlayBall_Speed": 0.0,
    "kicking_metres": {
      "home": 353,
      "away": 403
    },
    "errors": {
      "home": 8,
      "away": 8
    },
    "penalties_conceded": {
      "home": 3,
      "away": 2
    },
    "sin_bins": {
      "home": 1,
      "away": 0
    }
  },
  {
    "Round": "Round 19",
    "MatchName": "Knights v Dragons",
    "MatchID": "2020-19-KnightsvDragons",
    "Date": "2020-01-01",
    "main_ref": "Grant Atkins",
    "weather_condition": null,
    "ground_condition": "Good",
    "Average_PlayBall_Speed": 50.0,
    "kicking_metres": {
      "home": 446,
      "away": 453
    },
    "errors": {
      "home": 4,
      "away": 5
    },
    "penalties_conceded": {
      "home": 1,
      "away": 3
    },
    "sin_bins": {
      "home": -1,
      "away": -1
    }
  },
  {
    "Round": "Round 20",
    "MatchName": "Broncos v Cowboys",
    "MatchID": "2020-20-BroncosvCowboys",
    "Date": "2020-01-01",
    "main_ref": "Grant Atkins",
    "weather_condition": null,
    "ground_condition": "Good",
    "Average_PlayBall_Speed": 0.0,
    "kicking_metres": {
      "home": 596,
      "away": 635
    },
    "errors": {
      "home": 6,
      "away": 4
    },
    "penalties_conceded": {
      "home": 1,
      "away": 3
    },
    "sin_bins": {
      "home": -1,
      "away": -1
    }
  },
  {
    "Round": "Round 20",
    "MatchName": "Titans v Knights",
    "MatchID": "2020-20-TitansvKnights",
    "Date": "2020-01-01",
    "main_ref": "Chris Sutton",
    "weather_condition": null,
    "ground_condition": "Good",
    "Average_PlayBall_Speed": 0.0,
    "kicking_metres": {
      "home": 446,
      "away": 544
    },
    "errors": {
      "home": 2,
      "away": 6
    },
    "penalties_conceded": {
      "home": 1,
      "away": 4
    },
    "sin_bins": {
      "home": -1,
      "away": -1
    }
  },
  {
    "Round": "Round 20",
    "MatchName": "Rabbitohs v Roosters",
    "MatchID": "2020-20-RabbitohsvRoosters",
    "Date": "2020-01-01",
    "main_ref": "Gerard Sutton",
    "weather_condition": null,
    "ground_condition": "Good",
    "Average_PlayBall_Speed": 0.0,
    "kicking_metres": {
      "home": 519,
      "away": 400
    },
    "errors": {
      "home": 1,
      "away": 6
    },
    "penalties_conceded": {
      "home": 1,
      "away": 6
    },
    "sin_bins": {
      "home": 26,
      "away": 4
    }
  },
  {
    "Round": "Round 20",
    "MatchName": "Bulldogs v Panthers",
    "MatchID": "2020-20-BulldogsvPanthers",
    "Date": "2020-01-01",
    "main_ref": "Jon Stone",
    "weather_condition": null,
    "ground_condition": "Good",
    "Average_PlayBall_Speed": 0.0,
    "kicking_metres": {
      "home": 574,
      "away": 416
    },
    "errors": {
      "home": 11,
      "away": 11
    },
    "penalties_conceded": {
      "home": 10,
      "away": 9
    },
    "sin_bins": {
      "home": -1,
      "away": -1
    }
  },
  {
    "Round": "Round 20",
    "MatchName": "Sharks v Raiders",
    "MatchID": "2020-20-SharksvRaiders",
    "Date": "2020-01-01",
    "main_ref": "Ashley Klein",
    "weather_condition": null,
    "ground_condition": "Good",
    "Average_PlayBall_Speed": 0.0,
    "kicking_metres": {
      "home": 349,
      "away": 568
    },
    "errors": {
      "home": 15,
      "away": 11
    },
    "penalties_conceded": {
      "home": 2,
      "away": 4
    },
    "sin_bins": {
      "home": 10,
      "away": 24
    }
  },
  {
    "Round": "Round 20",
    "MatchName": "Wests Tigers v Eels",
    "MatchID": "2020-20-WestsTigersvEels",
    "Date": "2020-01-01",
    "main_ref": "Ben Cummins",
    "weather_condition": null,
    "ground_condition": "Good",
    "Average_PlayBall_Speed": 0.0,
    "kicking_metres": {
      "home": 471,
      "away": 586
    },
    "errors": {
      "home": 5,
      "away": 5
    },
    "penalties_conceded": {
      "home": 1,
      "away": 6
    },
    "sin_bins": {
      "home": 8,
      "away": 16
    }
  },
  {
    "Round": "Round 20",
    "MatchName": "Warriors v Sea Eagles",
    "MatchID": "2020-20-WarriorsvSeaEagles",
    "Date": "2020-01-01",
    "main_ref": "Adam Gee",
    "weather_condition": null,
    "ground_condition": "Good",
    "Average_PlayBall_Speed": 0.0,
    "kicking_metres": {
      "home": 423,
      "away": 380
    },
    "errors": {
      "home": 10,
      "away": 15
    },
    "penalties_conceded": {
      "home": 1,
      "away": 5
    },
    "sin_bins": {
      "home": -1,
      "away": -1
    }
  },
  {
    "Round": "Round 20",
    "MatchName": "Dragons v Storm",
    "MatchID": "2020-20-DragonsvStorm",
    "Date": "2020-01-01",
    "main_ref": "Matt Cecchin",
    "weather_condition": null,
    "ground_condition": "Good",
    "Average_PlayBall_Speed": 0.0,
    "kicking_metres": {
      "home": 651,
      "away": 474
    },
    "errors": {
      "home": 3,
      "away": 6
    },
    "penalties_conceded": {
      "home": 2,
      "away": 3
    },
    "sin_bins": {
      "home": -1,
      "away": -1
    }
  },
  {
    "Round": "Round 21",
    "MatchName": "Panthers v Roosters",
    "MatchID": "2020-21-PanthersvRoosters",
    "Date": "2020-01-01",
    "main_ref": null,
    "weather_condition": null,
    "ground_condition": null,
    "Average_PlayBall_Speed": -1.0,
    "kicking_metres": {
      "home": -1,
      "away": -1
    },
    "errors": {
      "home": -1,
      "away": -1
    },
    "penalties_conceded": {
      "home": -1,
      "away": -1
    },
    "sin_bins": {
      "home": -1,
      "away": -1
    }
  },
  {
    "Round": "Round 21",
    "MatchName": "Raiders v Sharks",
    "MatchID": "2020-21-RaidersvSharks",
    "Date": "2020-01-01",
    "main_ref": null,
    "weather_condition": null,
    "ground_condition": null,
    "Average_PlayBall_Speed": -1.0,
    "kicking_metres": {
      "home": -1,
      "away": -1
    },
    "errors": {
      "home": -1,
      "away": -1
    },
    "penalties_conceded": {
      "home": -1,
      "away": -1
    },
    "sin_bins": {
      "home": -1,
      "away": -1
    }
  },
  {
    "Round": "Round 21",
    "MatchName": "Storm v Eels",
    "MatchID": "2020-21-StormvEels",
    "Date": "2020-01-01",
    "main_ref": null,
    "weather_condition": null,
    "ground_condition": null,
    "Average_PlayBall_Speed": -1.0,
    "kicking_metres": {
      "home": -1,
      "away": -1
    },
    "errors": {
      "home": -1,
      "away": -1
    },
    "penalties_conceded": {
      "home": -1,
      "away": -1
    },
    "sin_bins": {
      "home": -1,
      "away": -1
    }
  },
  {
    "Round": "Round 21",
    "MatchName": "Rabbitohs v Knights",
    "MatchID": "2020-21-RabbitohsvKnights",
    "Date": "2020-01-01",
    "main_ref": null,
    "weather_condition": null,
    "ground_condition": null,
    "Average_PlayBall_Speed": -1.0,
    "kicking_metres": {
      "home": -1,
      "away": -1
    },
    "errors": {
      "home": -1,
      "away": -1
    },
    "penalties_conceded": {
      "home": -1,
      "away": -1
    },
    "sin_bins": {
      "home": -1,
      "away": -1
    }
  },
  {
    "Round": "Round 22",
    "MatchName": "Roosters v Raiders",
    "MatchID": "2020-22-RoostersvRaiders",
    "Date": "2020-01-01",
    "main_ref": null,
    "weather_condition": null,
    "ground_condition": null,
    "Average_PlayBall_Speed": -1.0,
    "kicking_metres": {
      "home": -1,
      "away": -1
    },
    "errors": {
      "home": -1,
      "away": -1
    },
    "penalties_conceded": {
      "home": -1,
      "away": -1
    },
    "sin_bins": {
      "home": -1,
      "away": -1
    }
  },
  {
    "Round": "Round 22",
    "MatchName": "Eels v Rabbitohs",
    "MatchID": "2020-22-EelsvRabbitohs",
    "Date": "2020-01-01",
    "main_ref": null,
    "weather_condition": null,
    "ground_condition": null,
    "Average_PlayBall_Speed": -1.0,
    "kicking_metres": {
      "home": -1,
      "away": -1
    },
    "errors": {
      "home": -1,
      "away": -1
    },
    "penalties_conceded": {
      "home": -1,
      "away": -1
    },
    "sin_bins": {
      "home": -1,
      "away": -1
    }
  },
  {
    "Round": "Round 23",
    "MatchName": "Storm v Raiders",
    "MatchID": "2020-23-StormvRaiders",
    "Date": "2020-01-01",
    "main_ref": null,
    "weather_condition": null,
    "ground_condition": null,
    "Average_PlayBall_Speed": -1.0,
    "kicking_metres": {
      "home": -1,
      "away": -1
    },
    "errors": {
      "home": -1,
      "away": -1
    },
    "penalties_conceded": {
      "home": -1,
      "away": -1
    },
    "sin_bins": {
      "home": -1,
      "away": -1
    }
  },
  {
    "Round": "Round 23",
    "MatchName": "Panthers v Rabbitohs",
    "MatchID": "2020-23-PanthersvRabbitohs",
    "Date": "2020-01-01",
    "main_ref": null,
    "weather_condition": null,
    "ground_condition": null,
    "Average_PlayBall_Speed": -1.0,
    "kicking_metres": {
      "home": -1,
      "away": -1
    },
    "errors": {
      "home": -1,
      "away": -1
    },
    "penalties_conceded": {
      "home": -1,
      "away": -1
    },
    "sin_bins": {
      "home": -1,
      "away": -1
    }
  },
  {
    "Round": "Round 24",
    "MatchName": "Panthers v Storm",
    "MatchID": "2020-24-PanthersvStorm",
    "Date": "2020-01-01",
    "main_ref": null,
    "weather_condition": null,
    "ground_condition": null,
    "Average_PlayBall_Speed": -1.0,
    "kicking_metres": {
      "home": -1,
      "away": -1
    },
    "errors": {
      "home": -1,
      "away": -1
    },
    "penalties_conceded": {
      "home": -1,
      "away": -1
    },
    "sin_bins": {
      "home": -1,
      "away": -1
    }
  },
  {
    "Round": "Round 25",
    "MatchName": "Panthers v Storm",
    "MatchID": "2020-25-PanthersvStorm",
    "Date": "2020-01-01",
    "main_ref": null,
    "weather_condition": null,
    "ground_condition": null,
    "Average_PlayBall_Speed": -1.0,
    "kicking_metres": {
      "home": -1,
      "away": -1
    },
    "errors": {
      "home": -1,
      "away": -1
    },
    "penalties_conceded": {
      "home": -1,
      "away": -1
    },
    "sin_bins": {
      "home": -1,
      "away": -1
    }
  },
  {
    "Round": "Round 26",
    "MatchName": "Panthers v Storm",
    "MatchID": "2020-26-PanthersvStorm",
    "Date": "2020-01-01",
    "main_ref": null,
    "weather_condition": null,
    "ground_condition": null,
    "Average_PlayBall_Speed": -1.0,
    "kicking_metres": {
      "home": -1,
      "away": -1
    },
    "errors": {
      "home": -1,
      "away": -1
    },
    "penalties_conceded": {
      "home": -1,
      "away": -1
    },
    "sin_bins": {
      "home": -1,
      "away": -1
    }
  },
  {
    "Round": "Round 27",
    "MatchName": "Panthers v Storm",
    "MatchID": "2020-27-PanthersvStorm",
    "Date": "2020-01-01",
    "main_ref": null,
    "weather_condition": null,
    "ground_condition": null,
    "Average_PlayBall_Speed": -1.0,
    "kicking_metres": {
      "home": -1,
      "away": -1
    },
    "errors": {
      "home": -1,
      "away": -1
    },
    "penalties_conceded": {
      "home": -1,
      "away": -1
    },
    "sin_bins": {
      "home": -1,
      "away": -1
    }
  },
  {
    "Round": "Round 28",
    "MatchName": "Panthers v Storm",
    "MatchID": "2020-28-PanthersvStorm",
    "Date": "2020-01-01",
    "main_ref": null,
    "weather_condition": null,
    "ground_condition": null,
    "Average_PlayBall_Speed": -1.0,
    "kicking_metres": {
      "home": -1,
      "away": -1
    },
    "errors": {
      "home": -1,
      "away": -1
    },
    "penalties_conceded": {
      "home": -1,
      "away": -1
    },
    "sin_bins": {
      "home": -1,
      "away": -1
    }
  },
  {
    "Round": "Round 29",
    "MatchName": "Panthers v Storm",
    "MatchID": "2020-29-PanthersvStorm",
    "Date": "2020-01-01",
    "main_ref": null,
    "weather_condition": null,
    "ground_condition": null,
    "Average_PlayBall_Speed": -1.0,
    "kicking_metres": {
      "home": -1,
      "away": -1
    },
    "errors": {
      "home": -1,
      "away": -1
    },
    "penalties_conceded": {
      "home": -1,
      "away": -1
    },
    "sin_bins": {
      "home": -1,
      "away": -1
    }
  },
  {
    "Round": "Round 30",
    "MatchName": "Panthers v Storm",
    "MatchID": "2020-30-PanthersvStorm",
    "Date": "2020-01-01",
    "main_ref": null,
    "weather_condition": null,
    "ground_condition": null,
    "Average_PlayBall_Speed": -1.0,
    "kicking_metres": {
      "home": -1,
      "away": -1
    },
    "errors": {
      "home": -1,
      "away": -1
    },
    "penalties_conceded": {
      "home": -1,
      "away": -1
    },
    "sin_bins": {
      "home": -1,
      "away": -1
    }
  },
  {
    "Round": "Round 31",
    "MatchName": "Panthers v Storm",
    "MatchID": "2020-31-PanthersvStorm",
    "Date": "2020-01-01",
    "main_ref": null,
    "weather_condition": null,
    "ground_condition": null,
    "Average_PlayBall_Speed": -1.0,
    "kicking_metres": {
      "home": -1,
      "away": -1
    },
    "errors": {
      "home": -1,
      "away": -1
    },
    "penalties_conceded": {
      "home": -1,
      "away": -1
    },
    "sin_bins": {
      "home": -1,
      "away": -1
    }
  },
  {
    "Round": "Round 32",
    "MatchName": "Panthers v Storm",
    "MatchID": "2020-32-PanthersvStorm",
    "Date": "2020-01-01",
    "main_ref": null,
    "weather_condition": null,
    "ground_condition": null,
    "Average_PlayBall_Speed": -1.0,
    "kicking_metres": {
      "home": -1,
      "away": -1
    },
    "errors": {
      "home": -1,
      "away": -1
    },
    "penalties_conceded": {
      "home": -1,
      "away": -1
    },
    "sin_bins": {
      "home": -1,
      "away": -1
    }
  },
  {
    "Round": "Round 33",
    "MatchName": "Panthers v Storm",
    "MatchID": "2020-33-PanthersvStorm",
    "Date": "2020-01-01",
    "main_ref": null,
    "weather_condition": null,
    "ground_condition": null,
    "Average_PlayBall_Speed": -1.0,
    "kicking_metres": {
      "home": -1,
      "away": -1
    },
    "errors": {
      "home": -1,
      "away": -1
    },
    "penalties_conceded": {
      "home": -1,
      "away": -1
    },
    "sin_bins": {
      "home": -1,
      "away": -1
    }
  }
]