{
  "NRL": [
    {
      "2023": [
        {
          "1": [
            {
              "Round": "Round 1",
              "Home": "Eels",
              "Home_Score": 12,
              "Away": "Storm",
              "Away_Score": 16,
              "Venue": "CommBank Stadium",
              "Date": "2023-03-02T09:00:00Z",
              "Match_Centre_URL": "https://www.nrl.com/draw/nrl-premiership/2023/round-1/eels-v-storm/"
            },
            {
              "Round": "Round 1",
              "Home": "Warriors",
              "Home_Score": 20,
              "Away": "Knights",
              "Away_Score": 12,
              "Venue": "Sky Stadium",
              "Date": "2023-03-03T07:00:00Z",
              "Match_Centre_URL": "https://www.nrl.com/draw/nrl-premiership/2023/round-1/warriors-v-knights/"
            },
            {
              "Round": "Round 1",
              "Home": "Panthers",
              "Home_Score": 12,
              "Away": "Broncos",
              "Away_Score": 13,
              "Venue": "BlueBet Stadium",
              "Date": "2023-03-03T09:05:00Z",
              "Match_Centre_URL": "https://www.nrl.com/draw/nrl-premiership/2023/round-1/panthers-v-broncos/"
            },
            {
              "Round": "Round 1",
              "Home": "Sea Eagles",
              "Home_Score": 31,
              "Away": "Bulldogs",
              "Away_Score": 6,
              "Venue": "4 Pines Park",
              "Date": "2023-03-04T04:00:00Z",
              "Match_Centre_URL": "https://www.nrl.com/draw/nrl-premiership/2023/round-1/sea-eagles-v-bulldogs/"
            },
            {
              "Round": "Round 1",
              "Home": "Cowboys",
              "Home_Score": 19,
              "Away": "Raiders",
              "Away_Score": 18,
              "Venue": "Queensland Country Bank Stadium",
              "Date": "2023-03-04T06:30:00Z",
              "Match_Centre_URL": "https://www.nrl.com/draw/nrl-premiership/2023/round-1/cowboys-v-raiders/"
            },
            {
              "Round": "Round 1",
              "Home": "Sharks",
              "Home_Score": 18,
              "Away": "Rabbitohs",
              "Away_Score": 27,
              "Venue": "PointsBet Stadium",
              "Date": "2023-03-04T08:35:00Z",
              "Match_Centre_URL": "https://www.nrl.com/draw/nrl-premiership/2023/round-1/sharks-v-rabbitohs/"
            },
            {
              "Round": "Round 1",
              "Home": "Dolphins",
              "Home_Score": 28,
              "Away": "Roosters",
              "Away_Score": 18,
              "Venue": "Suncorp Stadium",
              "Date": "2023-03-05T05:05:00Z",
              "Match_Centre_URL": "https://www.nrl.com/draw/nrl-premiership/2023/round-1/dolphins-v-roosters/"
            },
            {
              "Round": "Round 1",
              "Home": "Wests Tigers",
              "Home_Score": 10,
              "Away": "Titans",
              "Away_Score": 22,
              "Venue": "Leichhardt Oval",
              "Date": "2023-03-05T07:15:00Z",
              "Match_Centre_URL": "https://www.nrl.com/draw/nrl-premiership/2023/round-1/wests-tigers-v-titans/"
            }
          ]
        },
        {
          "2": [
            {
              "Round": "Round 2",
              "Home": "Panthers",
              "Home_Score": 16,
              "Away": "Rabbitohs",
              "Away_Score": 10,
              "Venue": "BlueBet Stadium",
              "Date": "2023-03-09T09:00:00Z",
              "Match_Centre_URL": "https://www.nrl.com/draw/nrl-premiership/2023/round-2/panthers-v-rabbitohs/"
            },
            {
              "Round": "Round 2",
              "Home": "Eels",
              "Home_Score": 26,
              "Away": "Sharks",
              "Away_Score": 30,
              "Venue": "CommBank Stadium",
              "Date": "2023-03-10T07:00:00Z",
              "Match_Centre_URL": "https://www.nrl.com/draw/nrl-premiership/2023/round-2/eels-v-sharks/"
            },
            {
              "Round": "Round 2",
              "Home": "Broncos",
              "Home_Score": 28,
              "Away": "Cowboys",
              "Away_Score": 16,
              "Venue": "Suncorp Stadium",
              "Date": "2023-03-10T09:00:00Z",
              "Match_Centre_URL": "https://www.nrl.com/draw/nrl-premiership/2023/round-2/broncos-v-cowboys/"
            },
            {
              "Round": "Round 2",
              "Home": "Roosters",
              "Home_Score": 20,
              "Away": "Warriors",
              "Away_Score": 12,
              "Venue": "Allianz Stadium",
              "Date": "2023-03-11T04:00:00Z",
              "Match_Centre_URL": "https://www.nrl.com/draw/nrl-premiership/2023/round-2/roosters-v-warriors/"
            },
            {
              "Round": "Round 2",
              "Home": "Dolphins",
              "Home_Score": 20,
              "Away": "Raiders",
              "Away_Score": 14,
              "Venue": "Kayo Stadium",
              "Date": "2023-03-11T06:30:00Z",
              "Match_Centre_URL": "https://www.nrl.com/draw/nrl-premiership/2023/round-2/dolphins-v-raiders/"
            },
            {
              "Round": "Round 2",
              "Home": "Storm",
              "Home_Score": 12,
              "Away": "Bulldogs",
              "Away_Score": 26,
              "Venue": "AAMI Park",
              "Date": "2023-03-11T08:35:00Z",
              "Match_Centre_URL": "https://www.nrl.com/draw/nrl-premiership/2023/round-2/storm-v-bulldogs/"
            },
            {
              "Round": "Round 2",
              "Home": "Wests Tigers",
              "Home_Score": 12,
              "Away": "Knights",
              "Away_Score": 14,
              "Venue": "Leichhardt Oval",
              "Date": "2023-03-12T05:05:00Z",
              "Match_Centre_URL": "https://www.nrl.com/draw/nrl-premiership/2023/round-2/wests-tigers-v-knights/"
            },
            {
              "Round": "Round 2",
              "Home": "Dragons",
              "Home_Score": 32,
              "Away": "Titans",
              "Away_Score": 18,
              "Venue": "Netstrata Jubilee Stadium",
              "Date": "2023-03-12T07:15:00Z",
              "Match_Centre_URL": "https://www.nrl.com/draw/nrl-premiership/2023/round-2/dragons-v-titans/"
            }
          ]
        },
        {
          "3": [
            {
              "Round": "Round 3",
              "Home": "Sea Eagles",
              "Home_Score": 34,
              "Away": "Eels",
              "Away_Score": 30,
              "Venue": "4 Pines Park",
              "Date": "2023-03-16T09:00:00Z",
              "Match_Centre_URL": "https://www.nrl.com/draw/nrl-premiership/2023/round-3/sea-eagles-v-eels/"
            },
            {
              "Round": "Round 3",
              "Home": "Knights",
              "Home_Score": 20,
              "Away": "Dolphins",
              "Away_Score": 36,
              "Venue": "McDonald Jones Stadium",
              "Date": "2023-03-17T07:00:00Z",
              "Match_Centre_URL": "https://www.nrl.com/draw/nrl-premiership/2023/round-3/knights-v-dolphins/"
            },
            {
              "Round": "Round 3",
              "Home": "Roosters",
              "Home_Score": 20,
              "Away": "Rabbitohs",
              "Away_Score": 18,
              "Venue": "Allianz Stadium",
              "Date": "2023-03-17T09:00:00Z",
              "Match_Centre_URL": "https://www.nrl.com/draw/nrl-premiership/2023/round-3/roosters-v-rabbitohs/"
            },
            {
              "Round": "Round 3",
              "Home": "Titans",
              "Home_Score": 38,
              "Away": "Storm",
              "Away_Score": 34,
              "Venue": "Cbus Super Stadium",
              "Date": "2023-03-18T04:00:00Z",
              "Match_Centre_URL": "https://www.nrl.com/draw/nrl-premiership/2023/round-3/titans-v-storm/"
            },
            {
              "Round": "Round 3",
              "Home": "Cowboys",
              "Home_Score": 12,
              "Away": "Warriors",
              "Away_Score": 26,
              "Venue": "Queensland Country Bank Stadium",
              "Date": "2023-03-18T06:30:00Z",
              "Match_Centre_URL": "https://www.nrl.com/draw/nrl-premiership/2023/round-3/cowboys-v-warriors/"
            },
            {
              "Round": "Round 3",
              "Home": "Broncos",
              "Home_Score": 40,
              "Away": "Dragons",
              "Away_Score": 18,
              "Venue": "Suncorp Stadium",
              "Date": "2023-03-18T08:35:00Z",
              "Match_Centre_URL": "https://www.nrl.com/draw/nrl-premiership/2023/round-3/broncos-v-dragons/"
            },
            {
              "Round": "Round 3",
              "Home": "Bulldogs",
              "Home_Score": 26,
              "Away": "Wests Tigers",
              "Away_Score": 22,
              "Venue": "Belmore Sports Ground",
              "Date": "2023-03-19T05:05:00Z",
              "Match_Centre_URL": "https://www.nrl.com/draw/nrl-premiership/2023/round-3/bulldogs-v-wests-tigers/"
            },
            {
              "Round": "Round 3",
              "Home": "Raiders",
              "Home_Score": 24,
              "Away": "Sharks",
              "Away_Score": 20,
              "Venue": "GIO Stadium",
              "Date": "2023-03-19T07:15:00Z",
              "Match_Centre_URL": "https://www.nrl.com/draw/nrl-premiership/2023/round-3/raiders-v-sharks/"
            }
          ]
        },
        {
          "4": [
            {
              "Round": "Round 4",
              "Home": "Eels",
              "Home_Score": 17,
              "Away": "Panthers",
              "Away_Score": 16,
              "Venue": "CommBank Stadium",
              "Date": "2023-03-23T09:00:00Z",
              "Match_Centre_URL": "https://www.nrl.com/draw/nrl-premiership/2023/round-4/eels-v-panthers/"
            },
            {
              "Round": "Round 4",
              "Home": "Storm",
              "Home_Score": 24,
              "Away": "Wests Tigers",
              "Away_Score": 12,
              "Venue": "AAMI Park",
              "Date": "2023-03-24T07:00:00Z",
              "Match_Centre_URL": "https://www.nrl.com/draw/nrl-premiership/2023/round-4/storm-v-wests-tigers/"
            },
            {
              "Round": "Round 4",
              "Home": "Dolphins",
              "Home_Score": 12,
              "Away": "Broncos",
              "Away_Score": 18,
              "Venue": "Suncorp Stadium",
              "Date": "2023-03-24T09:00:00Z",
              "Match_Centre_URL": "https://www.nrl.com/draw/nrl-premiership/2023/round-4/dolphins-v-broncos/"
            },
            {
              "Round": "Round 4",
              "Home": "Cowboys",
              "Home_Score": 24,
              "Away": "Titans",
              "Away_Score": 12,
              "Venue": "Queensland Country Bank Stadium",
              "Date": "2023-03-25T06:30:00Z",
              "Match_Centre_URL": "https://www.nrl.com/draw/nrl-premiership/2023/round-4/cowboys-v-titans/"
            },
            {
              "Round": "Round 4",
              "Home": "Rabbitohs",
              "Home_Score": 13,
              "Away": "Sea Eagles",
              "Away_Score": 12,
              "Venue": "Accor Stadium",
              "Date": "2023-03-25T08:35:00Z",
              "Match_Centre_URL": "https://www.nrl.com/draw/nrl-premiership/2023/round-4/rabbitohs-v-sea-eagles/"
            },
            {
              "Round": "Round 4",
              "Home": "Warriors",
              "Home_Score": 16,
              "Away": "Bulldogs",
              "Away_Score": 14,
              "Venue": "Go Media Stadium",
              "Date": "2023-03-26T03:00:00Z",
              "Match_Centre_URL": "https://www.nrl.com/draw/nrl-premiership/2023/round-4/warriors-v-bulldogs/"
            },
            {
              "Round": "Round 4",
              "Home": "Knights",
              "Home_Score": 24,
              "Away": "Raiders",
              "Away_Score": 14,
              "Venue": "McDonald Jones Stadium",
              "Date": "2023-03-26T05:05:00Z",
              "Match_Centre_URL": "https://www.nrl.com/draw/nrl-premiership/2023/round-4/knights-v-raiders/"
            },
            {
              "Round": "Round 4",
              "Home": "Dragons",
              "Home_Score": 8,
              "Away": "Sharks",
              "Away_Score": 40,
              "Venue": "Netstrata Jubilee Stadium",
              "Date": "2023-03-26T07:15:00Z",
              "Match_Centre_URL": "https://www.nrl.com/draw/nrl-premiership/2023/round-4/dragons-v-sharks/"
            }
          ]
        },
        {
          "5": [
            {
              "Round": "Round 5",
              "Home": "Roosters",
              "Home_Score": 28,
              "Away": "Eels",
              "Away_Score": 20,
              "Venue": "Allianz Stadium",
              "Date": "2023-03-30T09:00:00Z",
              "Match_Centre_URL": "https://www.nrl.com/draw/nrl-premiership/2023/round-5/roosters-v-eels/"
            },
            {
              "Round": "Round 5",
              "Home": "Raiders",
              "Home_Score": 12,
              "Away": "Panthers",
              "Away_Score": 53,
              "Venue": "GIO Stadium",
              "Date": "2023-03-31T07:00:00Z",
              "Match_Centre_URL": "https://www.nrl.com/draw/nrl-premiership/2023/round-5/raiders-v-panthers/"
            },
            {
              "Round": "Round 5",
              "Home": "Rabbitohs",
              "Home_Score": 10,
              "Away": "Storm",
              "Away_Score": 18,
              "Venue": "Accor Stadium",
              "Date": "2023-03-31T09:00:00Z",
              "Match_Centre_URL": "https://www.nrl.com/draw/nrl-premiership/2023/round-5/rabbitohs-v-storm/"
            },
            {
              "Round": "Round 5",
              "Home": "Sea Eagles",
              "Home_Score": 32,
              "Away": "Knights",
              "Away_Score": 32,
              "Venue": "Glen Willow Oval",
              "Date": "2023-04-01T04:00:00Z",
              "Match_Centre_URL": "https://www.nrl.com/draw/nrl-premiership/2023/round-5/sea-eagles-v-knights/"
            },
            {
              "Round": "Round 5",
              "Home": "Dragons",
              "Home_Score": 38,
              "Away": "Dolphins",
              "Away_Score": 12,
              "Venue": "WIN Stadium",
              "Date": "2023-04-01T06:30:00Z",
              "Match_Centre_URL": "https://www.nrl.com/draw/nrl-premiership/2023/round-5/dragons-v-dolphins/"
            },
            {
              "Round": "Round 5",
              "Home": "Broncos",
              "Home_Score": 46,
              "Away": "Wests Tigers",
              "Away_Score": 12,
              "Venue": "Suncorp Stadium",
              "Date": "2023-04-01T08:35:00Z",
              "Match_Centre_URL": "https://www.nrl.com/draw/nrl-premiership/2023/round-5/broncos-v-wests-tigers/"
            },
            {
              "Round": "Round 5",
              "Home": "Sharks",
              "Home_Score": 30,
              "Away": "Warriors",
              "Away_Score": 32,
              "Venue": "PointsBet Stadium",
              "Date": "2023-04-02T06:05:00Z",
              "Match_Centre_URL": "https://www.nrl.com/draw/nrl-premiership/2023/round-5/sharks-v-warriors/"
            },
            {
              "Round": "Round 5",
              "Home": "Bulldogs",
              "Home_Score": 15,
              "Away": "Cowboys",
              "Away_Score": 14,
              "Venue": "Accor Stadium",
              "Date": "2023-04-02T08:15:00Z",
              "Match_Centre_URL": "https://www.nrl.com/draw/nrl-premiership/2023/round-5/bulldogs-v-cowboys/"
            }
          ]
        },
        {
          "6": [
            {
              "Round": "Round 6",
              "Home": "Storm",
              "Home_Score": 28,
              "Away": "Roosters",
              "Away_Score": 8,
              "Venue": "AAMI Park",
              "Date": "2023-04-06T09:50:00Z",
              "Match_Centre_URL": "https://www.nrl.com/draw/nrl-premiership/2023/round-6/storm-v-roosters/"
            },
            {
              "Round": "Round 6",
              "Home": "Bulldogs",
              "Home_Score": 16,
              "Away": "Rabbitohs",
              "Away_Score": 50,
              "Venue": "Accor Stadium",
              "Date": "2023-04-07T06:05:00Z",
              "Match_Centre_URL": "https://www.nrl.com/draw/nrl-premiership/2023/round-6/bulldogs-v-rabbitohs/"
            },
            {
              "Round": "Round 6",
              "Home": "Cowboys",
              "Home_Score": 22,
              "Away": "Dolphins",
              "Away_Score": 32,
              "Venue": "Queensland Country Bank Stadium",
              "Date": "2023-04-07T10:00:00Z",
              "Match_Centre_URL": "https://www.nrl.com/draw/nrl-premiership/2023/round-6/cowboys-v-dolphins/"
            },
            {
              "Round": "Round 6",
              "Home": "Panthers",
              "Home_Score": 44,
              "Away": "Sea Eagles",
              "Away_Score": 12,
              "Venue": "BlueBet Stadium",
              "Date": "2023-04-08T07:30:00Z",
              "Match_Centre_URL": "https://www.nrl.com/draw/nrl-premiership/2023/round-6/panthers-v-sea-eagles/"
            },
            {
              "Round": "Round 6",
              "Home": "Broncos",
              "Home_Score": 14,
              "Away": "Raiders",
              "Away_Score": 20,
              "Venue": "Suncorp Stadium",
              "Date": "2023-04-08T09:35:00Z",
              "Match_Centre_URL": "https://www.nrl.com/draw/nrl-premiership/2023/round-6/broncos-v-raiders/"
            },
            {
              "Round": "Round 6",
              "Home": "Titans",
              "Home_Score": 20,
              "Away": "Dragons",
              "Away_Score": 18,
              "Venue": "Cbus Super Stadium",
              "Date": "2023-04-09T06:05:00Z",
              "Match_Centre_URL": "https://www.nrl.com/draw/nrl-premiership/2023/round-6/titans-v-dragons/"
            },
            {
              "Round": "Round 6",
              "Home": "Knights",
              "Home_Score": 34,
              "Away": "Warriors",
              "Away_Score": 24,
              "Venue": "McDonald Jones Stadium",
              "Date": "2023-04-09T08:15:00Z",
              "Match_Centre_URL": "https://www.nrl.com/draw/nrl-premiership/2023/round-6/knights-v-warriors/"
            },
            {
              "Round": "Round 6",
              "Home": "Wests Tigers",
              "Home_Score": 22,
              "Away": "Eels",
              "Away_Score": 28,
              "Venue": "Accor Stadium",
              "Date": "2023-04-10T06:00:00Z",
              "Match_Centre_URL": "https://www.nrl.com/draw/nrl-premiership/2023/round-6/wests-tigers-v-eels/"
            }
          ]
        },
        {
          "7": [
            {
              "Round": "Round 7",
              "Home": "Dolphins",
              "Home_Score": 14,
              "Away": "Rabbitohs",
              "Away_Score": 36,
              "Venue": "Suncorp Stadium",
              "Date": "2023-04-13T09:50:00Z",
              "Match_Centre_URL": "https://www.nrl.com/draw/nrl-premiership/2023/round-7/dolphins-v-rabbitohs/"
            },
            {
              "Round": "Round 7",
              "Home": "Sharks",
              "Home_Score": 22,
              "Away": "Roosters",
              "Away_Score": 12,
              "Venue": "PointsBet Stadium",
              "Date": "2023-04-14T08:00:00Z",
              "Match_Centre_URL": "https://www.nrl.com/draw/nrl-premiership/2023/round-7/sharks-v-roosters/"
            },
            {
              "Round": "Round 7",
              "Home": "Sea Eagles",
              "Home_Score": 18,
              "Away": "Storm",
              "Away_Score": 8,
              "Venue": "4 Pines Park",
              "Date": "2023-04-14T10:00:00Z",
              "Match_Centre_URL": "https://www.nrl.com/draw/nrl-premiership/2023/round-7/sea-eagles-v-storm/"
            },
            {
              "Round": "Round 7",
              "Home": "Warriors",
              "Home_Score": 22,
              "Away": "Cowboys",
              "Away_Score": 14,
              "Venue": "Go Media Stadium",
              "Date": "2023-04-15T05:00:00Z",
              "Match_Centre_URL": "https://www.nrl.com/draw/nrl-premiership/2023/round-7/warriors-v-cowboys/"
            },
            {
              "Round": "Round 7",
              "Home": "Knights",
              "Home_Score": 15,
              "Away": "Panthers",
              "Away_Score": 16,
              "Venue": "McDonald Jones Stadium",
              "Date": "2023-04-15T07:30:00Z",
              "Match_Centre_URL": "https://www.nrl.com/draw/nrl-premiership/2023/round-7/knights-v-panthers/"
            },
            {
              "Round": "Round 7",
              "Home": "Titans",
              "Home_Score": 26,
              "Away": "Broncos",
              "Away_Score": 43,
              "Venue": "Cbus Super Stadium",
              "Date": "2023-04-15T09:35:00Z",
              "Match_Centre_URL": "https://www.nrl.com/draw/nrl-premiership/2023/round-7/titans-v-broncos/"
            },
            {
              "Round": "Round 7",
              "Home": "Raiders",
              "Home_Score": 20,
              "Away": "Dragons",
              "Away_Score": 14,
              "Venue": "GIO Stadium",
              "Date": "2023-04-16T04:00:00Z",
              "Match_Centre_URL": "https://www.nrl.com/draw/nrl-premiership/2023/round-7/raiders-v-dragons/"
            },
            {
              "Round": "Round 7",
              "Home": "Eels",
              "Home_Score": 30,
              "Away": "Bulldogs",
              "Away_Score": 4,
              "Venue": "CommBank Stadium",
              "Date": "2023-04-16T06:05:00Z",
              "Match_Centre_URL": "https://www.nrl.com/draw/nrl-premiership/2023/round-7/eels-v-bulldogs/"
            }
          ]
        },
        {
          "8": [
            {
              "Round": "Round 8",
              "Home": "Rabbitohs",
              "Home_Score": 20,
              "Away": "Panthers",
              "Away_Score": 18,
              "Venue": "Accor Stadium",
              "Date": "2023-04-20T09:50:00Z",
              "Match_Centre_URL": "https://www.nrl.com/draw/nrl-premiership/2023/round-8/rabbitohs-v-panthers/"
            },
            {
              "Round": "Round 8",
              "Home": "Eels",
              "Home_Score": 16,
              "Away": "Broncos",
              "Away_Score": 26,
              "Venue": "TIO Stadium",
              "Date": "2023-04-21T10:00:00Z",
              "Match_Centre_URL": "https://www.nrl.com/draw/nrl-premiership/2023/round-8/eels-v-broncos/"
            },
            {
              "Round": "Round 8",
              "Home": "Bulldogs",
              "Home_Score": 20,
              "Away": "Sharks",
              "Away_Score": 33,
              "Venue": "Accor Stadium",
              "Date": "2023-04-22T07:30:00Z",
              "Match_Centre_URL": "https://www.nrl.com/draw/nrl-premiership/2023/round-8/bulldogs-v-sharks/"
            },
            {
              "Round": "Round 8",
              "Home": "Cowboys",
              "Home_Score": 18,
              "Away": "Knights",
              "Away_Score": 16,
              "Venue": "Queensland Country Bank Stadium",
              "Date": "2023-04-22T09:35:00Z",
              "Match_Centre_URL": "https://www.nrl.com/draw/nrl-premiership/2023/round-8/cowboys-v-knights/"
            },
            {
              "Round": "Round 8",
              "Home": "Dolphins",
              "Home_Score": 28,
              "Away": "Titans",
              "Away_Score": 26,
              "Venue": "Suncorp Stadium",
              "Date": "2023-04-23T04:00:00Z",
              "Match_Centre_URL": "https://www.nrl.com/draw/nrl-premiership/2023/round-8/dolphins-v-titans/"
            },
            {
              "Round": "Round 8",
              "Home": "Wests Tigers",
              "Home_Score": 16,
              "Away": "Sea Eagles",
              "Away_Score": 22,
              "Venue": "Campbelltown Sports Stadium",
              "Date": "2023-04-23T06:05:00Z",
              "Match_Centre_URL": "https://www.nrl.com/draw/nrl-premiership/2023/round-8/wests-tigers-v-sea-eagles/"
            },
            {
              "Round": "Round 8",
              "Home": "Roosters",
              "Home_Score": 27,
              "Away": "Dragons",
              "Away_Score": 26,
              "Venue": "Allianz Stadium",
              "Date": "2023-04-25T06:05:00Z",
              "Match_Centre_URL": "https://www.nrl.com/draw/nrl-premiership/2023/round-8/roosters-v-dragons/"
            },
            {
              "Round": "Round 8",
              "Home": "Storm",
              "Home_Score": 30,
              "Away": "Warriors",
              "Away_Score": 22,
              "Venue": "AAMI Park",
              "Date": "2023-04-25T09:00:00Z",
              "Match_Centre_URL": "https://www.nrl.com/draw/nrl-premiership/2023/round-8/storm-v-warriors/"
            }
          ]
        },
        {
          "9": [
            {
              "Round": "Round 9",
              "Home": "Sharks",
              "Home_Score": 44,
              "Away": "Cowboys",
              "Away_Score": 6,
              "Venue": "PointsBet Stadium",
              "Date": "2023-04-27T09:50:00Z",
              "Match_Centre_URL": "https://www.nrl.com/draw/nrl-premiership/2023/round-9/sharks-v-cowboys/"
            },
            {
              "Round": "Round 9",
              "Home": "Eels",
              "Home_Score": 43,
              "Away": "Knights",
              "Away_Score": 12,
              "Venue": "CommBank Stadium",
              "Date": "2023-04-28T08:00:00Z",
              "Match_Centre_URL": "https://www.nrl.com/draw/nrl-premiership/2023/round-9/eels-v-knights/"
            },
            {
              "Round": "Round 9",
              "Home": "Broncos",
              "Home_Score": 6,
              "Away": "Rabbitohs",
              "Away_Score": 32,
              "Venue": "Suncorp Stadium",
              "Date": "2023-04-28T10:00:00Z",
              "Match_Centre_URL": "https://www.nrl.com/draw/nrl-premiership/2023/round-9/broncos-v-rabbitohs/"
            },
            {
              "Round": "Round 9",
              "Home": "Raiders",
              "Home_Score": 31,
              "Away": "Dolphins",
              "Away_Score": 30,
              "Venue": "McDonalds Park",
              "Date": "2023-04-29T05:00:00Z",
              "Match_Centre_URL": "https://www.nrl.com/draw/nrl-premiership/2023/round-9/raiders-v-dolphins/"
            },
            {
              "Round": "Round 9",
              "Home": "Sea Eagles",
              "Home_Score": 10,
              "Away": "Titans",
              "Away_Score": 26,
              "Venue": "4 Pines Park",
              "Date": "2023-04-29T07:30:00Z",
              "Match_Centre_URL": "https://www.nrl.com/draw/nrl-premiership/2023/round-9/sea-eagles-v-titans/"
            },
            {
              "Round": "Round 9",
              "Home": "Panthers",
              "Home_Score": 8,
              "Away": "Wests Tigers",
              "Away_Score": 12,
              "Venue": "Carrington Park",
              "Date": "2023-04-29T09:35:00Z",
              "Match_Centre_URL": "https://www.nrl.com/draw/nrl-premiership/2023/round-9/panthers-v-wests-tigers/"
            },
            {
              "Round": "Round 9",
              "Home": "Warriors",
              "Home_Score": 0,
              "Away": "Roosters",
              "Away_Score": 14,
              "Venue": "Go Media Stadium",
              "Date": "2023-04-30T04:00:00Z",
              "Match_Centre_URL": "https://www.nrl.com/draw/nrl-premiership/2023/round-9/warriors-v-roosters/"
            },
            {
              "Round": "Round 9",
              "Home": "Dragons",
              "Home_Score": 16,
              "Away": "Bulldogs",
              "Away_Score": 18,
              "Venue": "WIN Stadium",
              "Date": "2023-04-30T06:05:00Z",
              "Match_Centre_URL": "https://www.nrl.com/draw/nrl-premiership/2023/round-9/dragons-v-bulldogs/"
            }
          ]
        },
        {
          "10": [
            {
              "Round": "Round 10",
              "Home": "Bulldogs",
              "Home_Score": 30,
              "Away": "Raiders",
              "Away_Score": 34,
              "Venue": "Suncorp Stadium",
              "Date": "2023-05-05T08:00:00Z",
              "Match_Centre_URL": "https://www.nrl.com/draw/nrl-premiership/2023/round-10/bulldogs-v-raiders/"
            },
            {
              "Round": "Round 10",
              "Home": "Sea Eagles",
              "Home_Score": 6,
              "Away": "Broncos",
              "Away_Score": 32,
              "Venue": "Suncorp Stadium",
              "Date": "2023-05-05T10:05:00Z",
              "Match_Centre_URL": "https://www.nrl.com/draw/nrl-premiership/2023/round-10/sea-eagles-v-broncos/"
            },
            {
              "Round": "Round 10",
              "Home": "Warriors",
              "Home_Score": 6,
              "Away": "Panthers",
              "Away_Score": 18,
              "Venue": "Suncorp Stadium",
              "Date": "2023-05-06T05:00:00Z",
              "Match_Centre_URL": "https://www.nrl.com/draw/nrl-premiership/2023/round-10/warriors-v-panthers/"
            },
            {
              "Round": "Round 10",
              "Home": "Sharks",
              "Home_Score": 16,
              "Away": "Dolphins",
              "Away_Score": 36,
              "Venue": "Suncorp Stadium",
              "Date": "2023-05-06T07:30:00Z",
              "Match_Centre_URL": "https://www.nrl.com/draw/nrl-premiership/2023/round-10/sharks-v-dolphins/"
            },
            {
              "Round": "Round 10",
              "Home": "Storm",
              "Home_Score": 12,
              "Away": "Rabbitohs",
              "Away_Score": 28,
              "Venue": "Suncorp Stadium",
              "Date": "2023-05-06T09:45:00Z",
              "Match_Centre_URL": "https://www.nrl.com/draw/nrl-premiership/2023/round-10/storm-v-rabbitohs/"
            },
            {
              "Round": "Round 10",
              "Home": "Wests Tigers",
              "Home_Score": 18,
              "Away": "Dragons",
              "Away_Score": 16,
              "Venue": "Suncorp Stadium",
              "Date": "2023-05-07T03:50:00Z",
              "Match_Centre_URL": "https://www.nrl.com/draw/nrl-premiership/2023/round-10/wests-tigers-v-dragons/"
            },
            {
              "Round": "Round 10",
              "Home": "Roosters",
              "Home_Score": 6,
              "Away": "Cowboys",
              "Away_Score": 20,
              "Venue": "Suncorp Stadium",
              "Date": "2023-05-07T06:00:00Z",
              "Match_Centre_URL": "https://www.nrl.com/draw/nrl-premiership/2023/round-10/roosters-v-cowboys/"
            },
            {
              "Round": "Round 10",
              "Home": "Titans",
              "Home_Score": 26,
              "Away": "Eels",
              "Away_Score": 24,
              "Venue": "Suncorp Stadium",
              "Date": "2023-05-07T08:25:00Z",
              "Match_Centre_URL": "https://www.nrl.com/draw/nrl-premiership/2023/round-10/titans-v-eels/"
            }
          ]
        },
        {
          "11": [
            {
              "Round": "Round 11",
              "Home": "Storm",
              "Home_Score": 24,
              "Away": "Broncos",
              "Away_Score": 16,
              "Venue": "AAMI Park",
              "Date": "2023-05-11T09:50:00Z",
              "Match_Centre_URL": "https://www.nrl.com/draw/nrl-premiership/2023/round-11/storm-v-broncos/"
            },
            {
              "Round": "Round 11",
              "Home": "Bulldogs",
              "Home_Score": 12,
              "Away": "Warriors",
              "Away_Score": 24,
              "Venue": "Accor Stadium",
              "Date": "2023-05-12T08:00:00Z",
              "Match_Centre_URL": "https://www.nrl.com/draw/nrl-premiership/2023/round-11/bulldogs-v-warriors/"
            },
            {
              "Round": "Round 11",
              "Home": "Panthers",
              "Home_Score": 48,
              "Away": "Roosters",
              "Away_Score": 4,
              "Venue": "BlueBet Stadium",
              "Date": "2023-05-12T10:00:00Z",
              "Match_Centre_URL": "https://www.nrl.com/draw/nrl-premiership/2023/round-11/panthers-v-roosters/"
            },
            {
              "Round": "Round 11",
              "Home": "Rabbitohs",
              "Home_Score": 20,
              "Away": "Wests Tigers",
              "Away_Score": 0,
              "Venue": "Accor Stadium",
              "Date": "2023-05-13T05:00:00Z",
              "Match_Centre_URL": "https://www.nrl.com/draw/nrl-premiership/2023/round-11/rabbitohs-v-wests-tigers/"
            },
            {
              "Round": "Round 11",
              "Home": "Cowboys",
              "Home_Score": 42,
              "Away": "Dragons",
              "Away_Score": 22,
              "Venue": "Queensland Country Bank Stadium",
              "Date": "2023-05-13T07:30:00Z",
              "Match_Centre_URL": "https://www.nrl.com/draw/nrl-premiership/2023/round-11/cowboys-v-dragons/"
            },
            {
              "Round": "Round 11",
              "Home": "Raiders",
              "Home_Score": 26,
              "Away": "Eels",
              "Away_Score": 18,
              "Venue": "GIO Stadium",
              "Date": "2023-05-13T09:35:00Z",
              "Match_Centre_URL": "https://www.nrl.com/draw/nrl-premiership/2023/round-11/raiders-v-eels/"
            },
            {
              "Round": "Round 11",
              "Home": "Knights",
              "Home_Score": 46,
              "Away": "Titans",
              "Away_Score": 26,
              "Venue": "McDonald Jones Stadium",
              "Date": "2023-05-14T04:00:00Z",
              "Match_Centre_URL": "https://www.nrl.com/draw/nrl-premiership/2023/round-11/knights-v-titans/"
            },
            {
              "Round": "Round 11",
              "Home": "Sea Eagles",
              "Home_Score": 14,
              "Away": "Sharks",
              "Away_Score": 20,
              "Venue": "4 Pines Park",
              "Date": "2023-05-14T06:05:00Z",
              "Match_Centre_URL": "https://www.nrl.com/draw/nrl-premiership/2023/round-11/sea-eagles-v-sharks/"
            }
          ]
        },
        {
          "12": [
            {
              "Round": "Round 12",
              "Home": "Broncos",
              "Home_Score": 4,
              "Away": "Panthers",
              "Away_Score": 15,
              "Venue": "Suncorp Stadium",
              "Date": "2023-05-18T09:50:00Z",
              "Match_Centre_URL": "https://www.nrl.com/draw/nrl-premiership/2023/round-12/broncos-v-panthers/"
            },
            {
              "Round": "Round 12",
              "Home": "Dragons",
              "Home_Score": 24,
              "Away": "Roosters",
              "Away_Score": 22,
              "Venue": "Netstrata Jubilee Stadium",
              "Date": "2023-05-19T08:00:00Z",
              "Match_Centre_URL": "https://www.nrl.com/draw/nrl-premiership/2023/round-12/dragons-v-roosters/"
            },
            {
              "Round": "Round 12",
              "Home": "Rabbitohs",
              "Home_Score": 16,
              "Away": "Eels",
              "Away_Score": 36,
              "Venue": "Allianz Stadium",
              "Date": "2023-05-19T10:00:00Z",
              "Match_Centre_URL": "https://www.nrl.com/draw/nrl-premiership/2023/round-12/rabbitohs-v-eels/"
            },
            {
              "Round": "Round 12",
              "Home": "Sharks",
              "Home_Score": 26,
              "Away": "Knights",
              "Away_Score": 6,
              "Venue": "C.ex Coffs International Stadium",
              "Date": "2023-05-20T05:00:00Z",
              "Match_Centre_URL": "https://www.nrl.com/draw/nrl-premiership/2023/round-12/sharks-v-knights/"
            },
            {
              "Round": "Round 12",
              "Home": "Wests Tigers",
              "Home_Score": 66,
              "Away": "Cowboys",
              "Away_Score": 18,
              "Venue": "Leichhardt Oval",
              "Date": "2023-05-20T07:30:00Z",
              "Match_Centre_URL": "https://www.nrl.com/draw/nrl-premiership/2023/round-12/wests-tigers-v-cowboys/"
            },
            {
              "Round": "Round 12",
              "Home": "Dolphins",
              "Home_Score": 16,
              "Away": "Storm",
              "Away_Score": 24,
              "Venue": "Suncorp Stadium",
              "Date": "2023-05-20T09:35:00Z",
              "Match_Centre_URL": "https://www.nrl.com/draw/nrl-premiership/2023/round-12/dolphins-v-storm/"
            },
            {
              "Round": "Round 12",
              "Home": "Bulldogs",
              "Home_Score": 20,
              "Away": "Titans",
              "Away_Score": 18,
              "Venue": "Accor Stadium",
              "Date": "2023-05-21T04:00:00Z",
              "Match_Centre_URL": "https://www.nrl.com/draw/nrl-premiership/2023/round-12/bulldogs-v-titans/"
            },
            {
              "Round": "Round 12",
              "Home": "Raiders",
              "Home_Score": 14,
              "Away": "Sea Eagles",
              "Away_Score": 42,
              "Venue": "GIO Stadium",
              "Date": "2023-05-21T06:05:00Z",
              "Match_Centre_URL": "https://www.nrl.com/draw/nrl-premiership/2023/round-12/raiders-v-sea-eagles/"
            }
          ]
        },
        {
          "13": [
            {
              "Round": "Round 13",
              "Home": "Dolphins",
              "Home_Score": 26,
              "Away": "Dragons",
              "Away_Score": 12,
              "Venue": "Kayo Stadium",
              "Date": "2023-05-25T09:50:00Z",
              "Match_Centre_URL": "https://www.nrl.com/draw/nrl-premiership/2023/round-13/dolphins-v-dragons/"
            },
            {
              "Round": "Round 13",
              "Home": "Eels",
              "Home_Score": 24,
              "Away": "Cowboys",
              "Away_Score": 16,
              "Venue": "CommBank Stadium",
              "Date": "2023-05-26T10:00:00Z",
              "Match_Centre_URL": "https://www.nrl.com/draw/nrl-premiership/2023/round-13/eels-v-cowboys/"
            },
            {
              "Round": "Round 13",
              "Home": "Warriors",
              "Home_Score": 22,
              "Away": "Broncos",
              "Away_Score": 26,
              "Venue": "McLean Park",
              "Date": "2023-05-27T07:30:00Z",
              "Match_Centre_URL": "https://www.nrl.com/draw/nrl-premiership/2023/round-13/warriors-v-broncos/"
            },
            {
              "Round": "Round 13",
              "Home": "Rabbitohs",
              "Home_Score": 26,
              "Away": "Raiders",
              "Away_Score": 33,
              "Venue": "Accor Stadium",
              "Date": "2023-05-27T09:35:00Z",
              "Match_Centre_URL": "https://www.nrl.com/draw/nrl-premiership/2023/round-13/rabbitohs-v-raiders/"
            },
            {
              "Round": "Round 13",
              "Home": "Knights",
              "Home_Score": 28,
              "Away": "Sea Eagles",
              "Away_Score": 18,
              "Venue": "McDonald Jones Stadium",
              "Date": "2023-05-28T06:05:00Z",
              "Match_Centre_URL": "https://www.nrl.com/draw/nrl-premiership/2023/round-13/knights-v-sea-eagles/"
            }
          ]
        },
        {
          "14": [
            {
              "Round": "Round 14",
              "Home": "Wests Tigers",
              "Home_Score": 19,
              "Away": "Raiders",
              "Away_Score": 20,
              "Venue": "Campbelltown Sports Stadium",
              "Date": "2023-06-02T10:00:00Z",
              "Match_Centre_URL": "https://www.nrl.com/draw/nrl-premiership/2023/round-14/wests-tigers-v-raiders/"
            },
            {
              "Round": "Round 14",
              "Home": "Warriors",
              "Home_Score": 30,
              "Away": "Dolphins",
              "Away_Score": 8,
              "Venue": "Go Media Stadium",
              "Date": "2023-06-03T05:00:00Z",
              "Match_Centre_URL": "https://www.nrl.com/draw/nrl-premiership/2023/round-14/warriors-v-dolphins/"
            },
            {
              "Round": "Round 14",
              "Home": "Titans",
              "Home_Score": 28,
              "Away": "Rabbitohs",
              "Away_Score": 46,
              "Venue": "Cbus Super Stadium",
              "Date": "2023-06-03T07:30:00Z",
              "Match_Centre_URL": "https://www.nrl.com/draw/nrl-premiership/2023/round-14/titans-v-rabbitohs/"
            },
            {
              "Round": "Round 14",
              "Home": "Sharks",
              "Home_Score": 12,
              "Away": "Broncos",
              "Away_Score": 20,
              "Venue": "PointsBet Stadium",
              "Date": "2023-06-03T09:35:00Z",
              "Match_Centre_URL": "https://www.nrl.com/draw/nrl-premiership/2023/round-14/sharks-v-broncos/"
            },
            {
              "Round": "Round 14",
              "Home": "Roosters",
              "Home_Score": 25,
              "Away": "Bulldogs",
              "Away_Score": 24,
              "Venue": "Industree Group Stadium",
              "Date": "2023-06-04T04:00:00Z",
              "Match_Centre_URL": "https://www.nrl.com/draw/nrl-premiership/2023/round-14/roosters-v-bulldogs/"
            },
            {
              "Round": "Round 14",
              "Home": "Cowboys",
              "Home_Score": 45,
              "Away": "Storm",
              "Away_Score": 20,
              "Venue": "Queensland Country Bank Stadium",
              "Date": "2023-06-04T06:05:00Z",
              "Match_Centre_URL": "https://www.nrl.com/draw/nrl-premiership/2023/round-14/cowboys-v-storm/"
            },
            {
              "Round": "Round 14",
              "Home": "Panthers",
              "Home_Score": 26,
              "Away": "Dragons",
              "Away_Score": 18,
              "Venue": "BlueBet Stadium",
              "Date": "2023-06-04T08:15:00Z",
              "Match_Centre_URL": "https://www.nrl.com/draw/nrl-premiership/2023/round-14/panthers-v-dragons/"
            }
          ]
        },
        {
          "15": [
            {
              "Round": "Round 15",
              "Home": "Titans",
              "Home_Score": 28,
              "Away": "Wests Tigers",
              "Away_Score": 12,
              "Venue": "Cbus Super Stadium",
              "Date": "2023-06-08T09:50:00Z",
              "Match_Centre_URL": "https://www.nrl.com/draw/nrl-premiership/2023/round-15/titans-v-wests-tigers/"
            },
            {
              "Round": "Round 15",
              "Home": "Raiders",
              "Home_Score": 14,
              "Away": "Warriors",
              "Away_Score": 36,
              "Venue": "GIO Stadium",
              "Date": "2023-06-09T08:00:00Z",
              "Match_Centre_URL": "https://www.nrl.com/draw/nrl-premiership/2023/round-15/raiders-v-warriors/"
            },
            {
              "Round": "Round 15",
              "Home": "Sea Eagles",
              "Home_Score": 58,
              "Away": "Dolphins",
              "Away_Score": 18,
              "Venue": "4 Pines Park",
              "Date": "2023-06-09T10:00:00Z",
              "Match_Centre_URL": "https://www.nrl.com/draw/nrl-premiership/2023/round-15/sea-eagles-v-dolphins/"
            },
            {
              "Round": "Round 15",
              "Home": "Dragons",
              "Home_Score": 36,
              "Away": "Rabbitohs",
              "Away_Score": 30,
              "Venue": "Netstrata Jubilee Stadium",
              "Date": "2023-06-10T05:00:00Z",
              "Match_Centre_URL": "https://www.nrl.com/draw/nrl-premiership/2023/round-15/dragons-v-rabbitohs/"
            },
            {
              "Round": "Round 15",
              "Home": "Broncos",
              "Home_Score": 24,
              "Away": "Knights",
              "Away_Score": 20,
              "Venue": "Suncorp Stadium",
              "Date": "2023-06-10T07:30:00Z",
              "Match_Centre_URL": "https://www.nrl.com/draw/nrl-premiership/2023/round-15/broncos-v-knights/"
            },
            {
              "Round": "Round 15",
              "Home": "Roosters",
              "Home_Score": 6,
              "Away": "Panthers",
              "Away_Score": 30,
              "Venue": "Allianz Stadium",
              "Date": "2023-06-10T09:35:00Z",
              "Match_Centre_URL": "https://www.nrl.com/draw/nrl-premiership/2023/round-15/roosters-v-panthers/"
            },
            {
              "Round": "Round 15",
              "Home": "Storm",
              "Home_Score": 54,
              "Away": "Sharks",
              "Away_Score": 10,
              "Venue": "AAMI Park",
              "Date": "2023-06-11T06:05:00Z",
              "Match_Centre_URL": "https://www.nrl.com/draw/nrl-premiership/2023/round-15/storm-v-sharks/"
            },
            {
              "Round": "Round 15",
              "Home": "Bulldogs",
              "Home_Score": 12,
              "Away": "Eels",
              "Away_Score": 34,
              "Venue": "Accor Stadium",
              "Date": "2023-06-12T06:00:00Z",
              "Match_Centre_URL": "https://www.nrl.com/draw/nrl-premiership/2023/round-15/bulldogs-v-eels/"
            }
          ]
        },
        {
          "16": [
            {
              "Round": "Round 16",
              "Home": "Cowboys",
              "Home_Score": 27,
              "Away": "Panthers",
              "Away_Score": 23,
              "Venue": "Queensland Country Bank Stadium",
              "Date": "2023-06-16T10:00:00Z",
              "Match_Centre_URL": "https://www.nrl.com/draw/nrl-premiership/2023/round-16/cowboys-v-panthers/"
            },
            {
              "Round": "Round 16",
              "Home": "Knights",
              "Home_Score": 16,
              "Away": "Roosters",
              "Away_Score": 18,
              "Venue": "McDonald Jones Stadium",
              "Date": "2023-06-17T05:00:00Z",
              "Match_Centre_URL": "https://www.nrl.com/draw/nrl-premiership/2023/round-16/knights-v-roosters/"
            },
            {
              "Round": "Round 16",
              "Home": "Eels",
              "Home_Score": 34,
              "Away": "Sea Eagles",
              "Away_Score": 4,
              "Venue": "CommBank Stadium",
              "Date": "2023-06-17T07:30:00Z",
              "Match_Centre_URL": "https://www.nrl.com/draw/nrl-premiership/2023/round-16/eels-v-sea-eagles/"
            },
            {
              "Round": "Round 16",
              "Home": "Wests Tigers",
              "Home_Score": 6,
              "Away": "Storm",
              "Away_Score": 28,
              "Venue": "Campbelltown Sports Stadium",
              "Date": "2023-06-17T09:35:00Z",
              "Match_Centre_URL": "https://www.nrl.com/draw/nrl-premiership/2023/round-16/wests-tigers-v-storm/"
            },
            {
              "Round": "Round 16",
              "Home": "Sharks",
              "Home_Score": 48,
              "Away": "Bulldogs",
              "Away_Score": 10,
              "Venue": "PointsBet Stadium",
              "Date": "2023-06-18T06:05:00Z",
              "Match_Centre_URL": "https://www.nrl.com/draw/nrl-premiership/2023/round-16/sharks-v-bulldogs/"
            }
          ]
        },
        {
          "17": [
            {
              "Round": "Round 17",
              "Home": "Dragons",
              "Home_Score": 18,
              "Away": "Warriors",
              "Away_Score": 48,
              "Venue": "WIN Stadium",
              "Date": "2023-06-23T10:00:00Z",
              "Match_Centre_URL": "https://www.nrl.com/draw/nrl-premiership/2023/round-17/dragons-v-warriors/"
            },
            {
              "Round": "Round 17",
              "Home": "Dolphins",
              "Home_Score": 20,
              "Away": "Eels",
              "Away_Score": 48,
              "Venue": "Sunshine Coast Stadium",
              "Date": "2023-06-24T05:00:00Z",
              "Match_Centre_URL": "https://www.nrl.com/draw/nrl-premiership/2023/round-17/dolphins-v-eels/"
            },
            {
              "Round": "Round 17",
              "Home": "Panthers",
              "Home_Score": 20,
              "Away": "Knights",
              "Away_Score": 12,
              "Venue": "BlueBet Stadium",
              "Date": "2023-06-24T07:30:00Z",
              "Match_Centre_URL": "https://www.nrl.com/draw/nrl-premiership/2023/round-17/panthers-v-knights/"
            },
            {
              "Round": "Round 17",
              "Home": "Storm",
              "Home_Score": 24,
              "Away": "Sea Eagles",
              "Away_Score": 6,
              "Venue": "AAMI Park",
              "Date": "2023-06-24T09:35:00Z",
              "Match_Centre_URL": "https://www.nrl.com/draw/nrl-premiership/2023/round-17/storm-v-sea-eagles/"
            },
            {
              "Round": "Round 17",
              "Home": "Broncos",
              "Home_Score": 12,
              "Away": "Titans",
              "Away_Score": 18,
              "Venue": "Suncorp Stadium",
              "Date": "2023-06-25T04:00:00Z",
              "Match_Centre_URL": "https://www.nrl.com/draw/nrl-premiership/2023/round-17/broncos-v-titans/"
            },
            {
              "Round": "Round 17",
              "Home": "Rabbitohs",
              "Home_Score": 6,
              "Away": "Cowboys",
              "Away_Score": 31,
              "Venue": "Accor Stadium",
              "Date": "2023-06-25T06:05:00Z",
              "Match_Centre_URL": "https://www.nrl.com/draw/nrl-premiership/2023/round-17/rabbitohs-v-cowboys/"
            },
            {
              "Round": "Round 17",
              "Home": "Roosters",
              "Home_Score": 18,
              "Away": "Raiders",
              "Away_Score": 20,
              "Venue": "Allianz Stadium",
              "Date": "2023-06-25T08:15:00Z",
              "Match_Centre_URL": "https://www.nrl.com/draw/nrl-premiership/2023/round-17/roosters-v-raiders/"
            }
          ]
        },
        {
          "18": [
            {
              "Round": "Round 18",
              "Home": "Sharks",
              "Home_Score": 52,
              "Away": "Dragons",
              "Away_Score": 16,
              "Venue": "PointsBet Stadium",
              "Date": "2023-06-29T09:50:00Z",
              "Match_Centre_URL": "https://www.nrl.com/draw/nrl-premiership/2023/round-18/sharks-v-dragons/"
            },
            {
              "Round": "Round 18",
              "Home": "Warriors",
              "Home_Score": 6,
              "Away": "Rabbitohs",
              "Away_Score": 28,
              "Venue": "Go Media Stadium",
              "Date": "2023-06-30T08:00:00Z",
              "Match_Centre_URL": "https://www.nrl.com/draw/nrl-premiership/2023/round-18/warriors-v-rabbitohs/"
            },
            {
              "Round": "Round 18",
              "Home": "Storm",
              "Home_Score": 16,
              "Away": "Panthers",
              "Away_Score": 34,
              "Venue": "Marvel Stadium",
              "Date": "2023-06-30T10:00:00Z",
              "Match_Centre_URL": "https://www.nrl.com/draw/nrl-premiership/2023/round-18/storm-v-panthers/"
            },
            {
              "Round": "Round 18",
              "Home": "Raiders",
              "Home_Score": 26,
              "Away": "Titans",
              "Away_Score": 22,
              "Venue": "GIO Stadium",
              "Date": "2023-07-01T05:00:00Z",
              "Match_Centre_URL": "https://www.nrl.com/draw/nrl-premiership/2023/round-18/raiders-v-titans/"
            },
            {
              "Round": "Round 18",
              "Home": "Cowboys",
              "Home_Score": 74,
              "Away": "Wests Tigers",
              "Away_Score": 0,
              "Venue": "Queensland Country Bank Stadium",
              "Date": "2023-07-01T07:30:00Z",
              "Match_Centre_URL": "https://www.nrl.com/draw/nrl-premiership/2023/round-18/cowboys-v-wests-tigers/"
            },
            {
              "Round": "Round 18",
              "Home": "Broncos",
              "Home_Score": 24,
              "Away": "Dolphins",
              "Away_Score": 16,
              "Venue": "The Gabba",
              "Date": "2023-07-01T09:35:00Z",
              "Match_Centre_URL": "https://www.nrl.com/draw/nrl-premiership/2023/round-18/broncos-v-dolphins/"
            },
            {
              "Round": "Round 18",
              "Home": "Bulldogs",
              "Home_Score": 0,
              "Away": "Knights",
              "Away_Score": 66,
              "Venue": "Accor Stadium",
              "Date": "2023-07-02T04:00:00Z",
              "Match_Centre_URL": "https://www.nrl.com/draw/nrl-premiership/2023/round-18/bulldogs-v-knights/"
            },
            {
              "Round": "Round 18",
              "Home": "Sea Eagles",
              "Home_Score": 18,
              "Away": "Roosters",
              "Away_Score": 16,
              "Venue": "4 Pines Park",
              "Date": "2023-07-02T06:05:00Z",
              "Match_Centre_URL": "https://www.nrl.com/draw/nrl-premiership/2023/round-18/sea-eagles-v-roosters/"
            }
          ]
        },
        {
          "19": [
            {
              "Round": "Round 19",
              "Home": "Wests Tigers",
              "Home_Score": 12,
              "Away": "Sharks",
              "Away_Score": 36,
              "Venue": "CommBank Stadium",
              "Date": "2023-07-06T09:50:00Z",
              "Match_Centre_URL": "https://www.nrl.com/draw/nrl-premiership/2023/round-19/wests-tigers-v-sharks/"
            },
            {
              "Round": "Round 19",
              "Home": "Dragons",
              "Home_Score": 26,
              "Away": "Raiders",
              "Away_Score": 36,
              "Venue": "WIN Stadium",
              "Date": "2023-07-07T10:00:00Z",
              "Match_Centre_URL": "https://www.nrl.com/draw/nrl-premiership/2023/round-19/dragons-v-raiders/"
            },
            {
              "Round": "Round 19",
              "Home": "Eels",
              "Home_Score": 10,
              "Away": "Warriors",
              "Away_Score": 46,
              "Venue": "CommBank Stadium",
              "Date": "2023-07-08T07:30:00Z",
              "Match_Centre_URL": "https://www.nrl.com/draw/nrl-premiership/2023/round-19/eels-v-warriors/"
            },
            {
              "Round": "Round 19",
              "Home": "Rabbitohs",
              "Home_Score": 32,
              "Away": "Bulldogs",
              "Away_Score": 36,
              "Venue": "Accor Stadium",
              "Date": "2023-07-08T09:35:00Z",
              "Match_Centre_URL": "https://www.nrl.com/draw/nrl-premiership/2023/round-19/rabbitohs-v-bulldogs/"
            },
            {
              "Round": "Round 19",
              "Home": "Titans",
              "Home_Score": 21,
              "Away": "Dolphins",
              "Away_Score": 23,
              "Venue": "Cbus Super Stadium",
              "Date": "2023-07-09T06:05:00Z",
              "Match_Centre_URL": "https://www.nrl.com/draw/nrl-premiership/2023/round-19/titans-v-dolphins/"
            }
          ]
        },
        {
          "20": [
            {
              "Round": "Round 20",
              "Home": "Knights",
              "Home_Score": 34,
              "Away": "Wests Tigers",
              "Away_Score": 18,
              "Venue": "McDonald Jones Stadium",
              "Date": "2023-07-14T10:00:00Z",
              "Match_Centre_URL": "https://www.nrl.com/draw/nrl-premiership/2023/round-20/knights-v-wests-tigers/"
            },
            {
              "Round": "Round 20",
              "Home": "Bulldogs",
              "Home_Score": 24,
              "Away": "Broncos",
              "Away_Score": 44,
              "Venue": "Belmore Sports Ground",
              "Date": "2023-07-15T05:00:00Z",
              "Match_Centre_URL": "https://www.nrl.com/draw/nrl-premiership/2023/round-20/bulldogs-v-broncos/"
            },
            {
              "Round": "Round 20",
              "Home": "Sea Eagles",
              "Home_Score": 8,
              "Away": "Cowboys",
              "Away_Score": 19,
              "Venue": "4 Pines Park",
              "Date": "2023-07-15T07:30:00Z",
              "Match_Centre_URL": "https://www.nrl.com/draw/nrl-premiership/2023/round-20/sea-eagles-v-cowboys/"
            },
            {
              "Round": "Round 20",
              "Home": "Roosters",
              "Home_Score": 16,
              "Away": "Storm",
              "Away_Score": 30,
              "Venue": "Sydney Cricket Ground",
              "Date": "2023-07-15T09:35:00Z",
              "Match_Centre_URL": "https://www.nrl.com/draw/nrl-premiership/2023/round-20/roosters-v-storm/"
            },
            {
              "Round": "Round 20",
              "Home": "Warriors",
              "Home_Score": 44,
              "Away": "Sharks",
              "Away_Score": 12,
              "Venue": "Go Media Stadium",
              "Date": "2023-07-16T04:00:00Z",
              "Match_Centre_URL": "https://www.nrl.com/draw/nrl-premiership/2023/round-20/warriors-v-sharks/"
            },
            {
              "Round": "Round 20",
              "Home": "Dolphins",
              "Home_Score": 14,
              "Away": "Panthers",
              "Away_Score": 24,
              "Venue": "Kayo Stadium",
              "Date": "2023-07-16T06:05:00Z",
              "Match_Centre_URL": "https://www.nrl.com/draw/nrl-premiership/2023/round-20/dolphins-v-panthers/"
            },
            {
              "Round": "Round 20",
              "Home": "Eels",
              "Home_Score": 25,
              "Away": "Titans",
              "Away_Score": 24,
              "Venue": "CommBank Stadium",
              "Date": "2023-07-16T08:15:00Z",
              "Match_Centre_URL": "https://www.nrl.com/draw/nrl-premiership/2023/round-20/eels-v-titans/"
            }
          ]
        },
        {
          "21": [
            {
              "Round": "Round 21",
              "Home": "Dragons",
              "Home_Score": 18,
              "Away": "Wests Tigers",
              "Away_Score": 14,
              "Venue": "WIN Stadium",
              "Date": "2023-07-20T09:50:00Z",
              "Match_Centre_URL": "https://www.nrl.com/draw/nrl-premiership/2023/round-21/dragons-v-wests-tigers/"
            },
            {
              "Round": "Round 21",
              "Home": "Warriors",
              "Home_Score": 21,
              "Away": "Raiders",
              "Away_Score": 20,
              "Venue": "Go Media Stadium",
              "Date": "2023-07-21T08:00:00Z",
              "Match_Centre_URL": "https://www.nrl.com/draw/nrl-premiership/2023/round-21/warriors-v-raiders/"
            },
            {
              "Round": "Round 21",
              "Home": "Rabbitohs",
              "Home_Score": 20,
              "Away": "Broncos",
              "Away_Score": 36,
              "Venue": "Sunshine Coast Stadium",
              "Date": "2023-07-21T10:00:00Z",
              "Match_Centre_URL": "https://www.nrl.com/draw/nrl-premiership/2023/round-21/rabbitohs-v-broncos/"
            },
            {
              "Round": "Round 21",
              "Home": "Titans",
              "Home_Score": 18,
              "Away": "Roosters",
              "Away_Score": 36,
              "Venue": "Cbus Super Stadium",
              "Date": "2023-07-22T05:00:00Z",
              "Match_Centre_URL": "https://www.nrl.com/draw/nrl-premiership/2023/round-21/titans-v-roosters/"
            },
            {
              "Round": "Round 21",
              "Home": "Knights",
              "Home_Score": 26,
              "Away": "Storm",
              "Away_Score": 18,
              "Venue": "McDonald Jones Stadium",
              "Date": "2023-07-22T07:30:00Z",
              "Match_Centre_URL": "https://www.nrl.com/draw/nrl-premiership/2023/round-21/knights-v-storm/"
            },
            {
              "Round": "Round 21",
              "Home": "Cowboys",
              "Home_Score": 24,
              "Away": "Eels",
              "Away_Score": 16,
              "Venue": "Queensland Country Bank Stadium",
              "Date": "2023-07-22T09:35:00Z",
              "Match_Centre_URL": "https://www.nrl.com/draw/nrl-premiership/2023/round-21/cowboys-v-eels/"
            },
            {
              "Round": "Round 21",
              "Home": "Panthers",
              "Home_Score": 44,
              "Away": "Bulldogs",
              "Away_Score": 18,
              "Venue": "BlueBet Stadium",
              "Date": "2023-07-23T04:00:00Z",
              "Match_Centre_URL": "https://www.nrl.com/draw/nrl-premiership/2023/round-21/panthers-v-bulldogs/"
            },
            {
              "Round": "Round 21",
              "Home": "Sharks",
              "Home_Score": 26,
              "Away": "Sea Eagles",
              "Away_Score": 30,
              "Venue": "PointsBet Stadium",
              "Date": "2023-07-23T06:05:00Z",
              "Match_Centre_URL": "https://www.nrl.com/draw/nrl-premiership/2023/round-21/sharks-v-sea-eagles/"
            }
          ]
        },
        {
          "22": [
            {
              "Round": "Round 22",
              "Home": "Broncos",
              "Home_Score": 32,
              "Away": "Roosters",
              "Away_Score": 10,
              "Venue": "The Gabba",
              "Date": "2023-07-27T09:50:00Z",
              "Match_Centre_URL": "https://www.nrl.com/draw/nrl-premiership/2023/round-22/broncos-v-roosters/"
            },
            {
              "Round": "Round 22",
              "Home": "Wests Tigers",
              "Home_Score": 18,
              "Away": "Rabbitohs",
              "Away_Score": 32,
              "Venue": "Scully Park",
              "Date": "2023-07-28T08:00:00Z",
              "Match_Centre_URL": "https://www.nrl.com/draw/nrl-premiership/2023/round-22/wests-tigers-v-rabbitohs/"
            },
            {
              "Round": "Round 22",
              "Home": "Storm",
              "Home_Score": 46,
              "Away": "Eels",
              "Away_Score": 16,
              "Venue": "Marvel Stadium",
              "Date": "2023-07-28T10:00:00Z",
              "Match_Centre_URL": "https://www.nrl.com/draw/nrl-premiership/2023/round-22/storm-v-eels/"
            },
            {
              "Round": "Round 22",
              "Home": "Raiders",
              "Home_Score": 6,
              "Away": "Knights",
              "Away_Score": 28,
              "Venue": "GIO Stadium",
              "Date": "2023-07-29T05:00:00Z",
              "Match_Centre_URL": "https://www.nrl.com/draw/nrl-premiership/2023/round-22/raiders-v-knights/"
            },
            {
              "Round": "Round 22",
              "Home": "Dragons",
              "Home_Score": 18,
              "Away": "Sea Eagles",
              "Away_Score": 24,
              "Venue": "WIN Stadium",
              "Date": "2023-07-29T07:30:00Z",
              "Match_Centre_URL": "https://www.nrl.com/draw/nrl-premiership/2023/round-22/dragons-v-sea-eagles/"
            },
            {
              "Round": "Round 22",
              "Home": "Panthers",
              "Home_Score": 28,
              "Away": "Sharks",
              "Away_Score": 0,
              "Venue": "BlueBet Stadium",
              "Date": "2023-07-29T09:35:00Z",
              "Match_Centre_URL": "https://www.nrl.com/draw/nrl-premiership/2023/round-22/panthers-v-sharks/"
            },
            {
              "Round": "Round 22",
              "Home": "Bulldogs",
              "Home_Score": 23,
              "Away": "Dolphins",
              "Away_Score": 22,
              "Venue": "Salter Oval",
              "Date": "2023-07-30T04:00:00Z",
              "Match_Centre_URL": "https://www.nrl.com/draw/nrl-premiership/2023/round-22/bulldogs-v-dolphins/"
            },
            {
              "Round": "Round 22",
              "Home": "Titans",
              "Home_Score": 22,
              "Away": "Cowboys",
              "Away_Score": 13,
              "Venue": "Cbus Super Stadium",
              "Date": "2023-07-30T06:05:00Z",
              "Match_Centre_URL": "https://www.nrl.com/draw/nrl-premiership/2023/round-22/titans-v-cowboys/"
            }
          ]
        },
        {
          "23": [
            {
              "Round": "Round 23",
              "Home": "Roosters",
              "Home_Score": 26,
              "Away": "Sea Eagles",
              "Away_Score": 16,
              "Venue": "Sydney Cricket Ground",
              "Date": "2023-08-03T09:50:00Z",
              "Match_Centre_URL": "https://www.nrl.com/draw/nrl-premiership/2023/round-23/roosters-v-sea-eagles/"
            },
            {
              "Round": "Round 23",
              "Home": "Titans",
              "Home_Score": 18,
              "Away": "Warriors",
              "Away_Score": 28,
              "Venue": "Cbus Super Stadium",
              "Date": "2023-08-04T08:00:00Z",
              "Match_Centre_URL": "https://www.nrl.com/draw/nrl-premiership/2023/round-23/titans-v-warriors/"
            },
            {
              "Round": "Round 23",
              "Home": "Panthers",
              "Home_Score": 26,
              "Away": "Storm",
              "Away_Score": 6,
              "Venue": "BlueBet Stadium",
              "Date": "2023-08-04T10:00:00Z",
              "Match_Centre_URL": "https://www.nrl.com/draw/nrl-premiership/2023/round-23/panthers-v-storm/"
            },
            {
              "Round": "Round 23",
              "Home": "Cowboys",
              "Home_Score": 14,
              "Away": "Broncos",
              "Away_Score": 30,
              "Venue": "Queensland Country Bank Stadium",
              "Date": "2023-08-05T05:00:00Z",
              "Match_Centre_URL": "https://www.nrl.com/draw/nrl-premiership/2023/round-23/cowboys-v-broncos/"
            },
            {
              "Round": "Round 23",
              "Home": "Dolphins",
              "Home_Score": 28,
              "Away": "Knights",
              "Away_Score": 30,
              "Venue": "Optus Stadium",
              "Date": "2023-08-05T07:30:00Z",
              "Match_Centre_URL": "https://www.nrl.com/draw/nrl-premiership/2023/round-23/dolphins-v-knights/"
            },
            {
              "Round": "Round 23",
              "Home": "Rabbitohs",
              "Home_Score": 16,
              "Away": "Sharks",
              "Away_Score": 26,
              "Venue": "Optus Stadium",
              "Date": "2023-08-05T09:35:00Z",
              "Match_Centre_URL": "https://www.nrl.com/draw/nrl-premiership/2023/round-23/rabbitohs-v-sharks/"
            },
            {
              "Round": "Round 23",
              "Home": "Eels",
              "Home_Score": 26,
              "Away": "Dragons",
              "Away_Score": 20,
              "Venue": "CommBank Stadium",
              "Date": "2023-08-06T04:00:00Z",
              "Match_Centre_URL": "https://www.nrl.com/draw/nrl-premiership/2023/round-23/eels-v-dragons/"
            },
            {
              "Round": "Round 23",
              "Home": "Raiders",
              "Home_Score": 22,
              "Away": "Wests Tigers",
              "Away_Score": 18,
              "Venue": "GIO Stadium",
              "Date": "2023-08-06T06:05:00Z",
              "Match_Centre_URL": "https://www.nrl.com/draw/nrl-premiership/2023/round-23/raiders-v-wests-tigers/"
            }
          ]
        },
        {
          "24": [
            {
              "Round": "Round 24",
              "Home": "Sea Eagles",
              "Home_Score": 12,
              "Away": "Panthers",
              "Away_Score": 24,
              "Venue": "4 Pines Park",
              "Date": "2023-08-10T09:50:00Z",
              "Match_Centre_URL": "https://www.nrl.com/draw/nrl-premiership/2023/round-24/sea-eagles-v-panthers/"
            },
            {
              "Round": "Round 24",
              "Home": "Sharks",
              "Home_Score": 36,
              "Away": "Titans",
              "Away_Score": 6,
              "Venue": "PointsBet Stadium",
              "Date": "2023-08-11T08:00:00Z",
              "Match_Centre_URL": "https://www.nrl.com/draw/nrl-premiership/2023/round-24/sharks-v-titans/"
            },
            {
              "Round": "Round 24",
              "Home": "Broncos",
              "Home_Score": 54,
              "Away": "Eels",
              "Away_Score": 10,
              "Venue": "The Gabba",
              "Date": "2023-08-11T10:00:00Z",
              "Match_Centre_URL": "https://www.nrl.com/draw/nrl-premiership/2023/round-24/broncos-v-eels/"
            },
            {
              "Round": "Round 24",
              "Home": "Rabbitohs",
              "Home_Score": 26,
              "Away": "Dragons",
              "Away_Score": 14,
              "Venue": "Barlow Park",
              "Date": "2023-08-12T05:00:00Z",
              "Match_Centre_URL": "https://www.nrl.com/draw/nrl-premiership/2023/round-24/rabbitohs-v-dragons/"
            },
            {
              "Round": "Round 24",
              "Home": "Wests Tigers",
              "Home_Score": 22,
              "Away": "Warriors",
              "Away_Score": 30,
              "Venue": "FMG Stadium Waikato",
              "Date": "2023-08-12T07:30:00Z",
              "Match_Centre_URL": "https://www.nrl.com/draw/nrl-premiership/2023/round-24/wests-tigers-v-warriors/"
            },
            {
              "Round": "Round 24",
              "Home": "Roosters",
              "Home_Score": 30,
              "Away": "Dolphins",
              "Away_Score": 14,
              "Venue": "Allianz Stadium",
              "Date": "2023-08-12T09:35:00Z",
              "Match_Centre_URL": "https://www.nrl.com/draw/nrl-premiership/2023/round-24/roosters-v-dolphins/"
            },
            {
              "Round": "Round 24",
              "Home": "Storm",
              "Home_Score": 48,
              "Away": "Raiders",
              "Away_Score": 2,
              "Venue": "AAMI Park",
              "Date": "2023-08-13T04:00:00Z",
              "Match_Centre_URL": "https://www.nrl.com/draw/nrl-premiership/2023/round-24/storm-v-raiders/"
            },
            {
              "Round": "Round 24",
              "Home": "Knights",
              "Home_Score": 42,
              "Away": "Bulldogs",
              "Away_Score": 6,
              "Venue": "McDonald Jones Stadium",
              "Date": "2023-08-13T06:05:00Z",
              "Match_Centre_URL": "https://www.nrl.com/draw/nrl-premiership/2023/round-24/knights-v-bulldogs/"
            }
          ]
        },
        {
          "25": [
            {
              "Round": "Round 25",
              "Home": "Cowboys",
              "Home_Score": 12,
              "Away": "Sharks",
              "Away_Score": 32,
              "Venue": "Queensland Country Bank Stadium",
              "Date": "2023-08-17T09:50:00Z",
              "Match_Centre_URL": "https://www.nrl.com/draw/nrl-premiership/2023/round-25/cowboys-v-sharks/"
            },
            {
              "Round": "Round 25",
              "Home": "Warriors",
              "Home_Score": 29,
              "Away": "Sea Eagles",
              "Away_Score": 22,
              "Venue": "Go Media Stadium",
              "Date": "2023-08-18T08:00:00Z",
              "Match_Centre_URL": "https://www.nrl.com/draw/nrl-premiership/2023/round-25/warriors-v-sea-eagles/"
            },
            {
              "Round": "Round 25",
              "Home": "Eels",
              "Home_Score": 12,
              "Away": "Roosters",
              "Away_Score": 34,
              "Venue": "CommBank Stadium",
              "Date": "2023-08-18T10:00:00Z",
              "Match_Centre_URL": "https://www.nrl.com/draw/nrl-premiership/2023/round-25/eels-v-roosters/"
            },
            {
              "Round": "Round 25",
              "Home": "Wests Tigers",
              "Home_Score": 24,
              "Away": "Dolphins",
              "Away_Score": 23,
              "Venue": "CommBank Stadium",
              "Date": "2023-08-19T05:00:00Z",
              "Match_Centre_URL": "https://www.nrl.com/draw/nrl-premiership/2023/round-25/wests-tigers-v-dolphins/"
            },
            {
              "Round": "Round 25",
              "Home": "Titans",
              "Home_Score": 14,
              "Away": "Panthers",
              "Away_Score": 40,
              "Venue": "Cbus Super Stadium",
              "Date": "2023-08-19T07:30:00Z",
              "Match_Centre_URL": "https://www.nrl.com/draw/nrl-premiership/2023/round-25/titans-v-panthers/"
            },
            {
              "Round": "Round 25",
              "Home": "Dragons",
              "Home_Score": 28,
              "Away": "Storm",
              "Away_Score": 38,
              "Venue": "WIN Stadium",
              "Date": "2023-08-19T09:35:00Z",
              "Match_Centre_URL": "https://www.nrl.com/draw/nrl-premiership/2023/round-25/dragons-v-storm/"
            },
            {
              "Round": "Round 25",
              "Home": "Knights",
              "Home_Score": 29,
              "Away": "Rabbitohs",
              "Away_Score": 10,
              "Venue": "McDonald Jones Stadium",
              "Date": "2023-08-20T04:05:00Z",
              "Match_Centre_URL": "https://www.nrl.com/draw/nrl-premiership/2023/round-25/knights-v-rabbitohs/"
            },
            {
              "Round": "Round 25",
              "Home": "Raiders",
              "Home_Score": 36,
              "Away": "Bulldogs",
              "Away_Score": 24,
              "Venue": "GIO Stadium",
              "Date": "2023-08-20T06:05:00Z",
              "Match_Centre_URL": "https://www.nrl.com/draw/nrl-premiership/2023/round-25/raiders-v-bulldogs/"
            }
          ]
        },
        {
          "26": [
            {
              "Round": "Round 26",
              "Home": "Panthers",
              "Home_Score": 18,
              "Away": "Eels",
              "Away_Score": 32,
              "Venue": "BlueBet Stadium",
              "Date": "2023-08-24T09:50:00Z",
              "Match_Centre_URL": "https://www.nrl.com/draw/nrl-premiership/2023/round-26/panthers-v-eels/"
            },
            {
              "Round": "Round 26",
              "Home": "Warriors",
              "Home_Score": 18,
              "Away": "Dragons",
              "Away_Score": 6,
              "Venue": "Go Media Stadium",
              "Date": "2023-08-25T08:00:00Z",
              "Match_Centre_URL": "https://www.nrl.com/draw/nrl-premiership/2023/round-26/warriors-v-dragons/"
            },
            {
              "Round": "Round 26",
              "Home": "Dolphins",
              "Home_Score": 10,
              "Away": "Cowboys",
              "Away_Score": 34,
              "Venue": "Suncorp Stadium",
              "Date": "2023-08-25T10:00:00Z",
              "Match_Centre_URL": "https://www.nrl.com/draw/nrl-premiership/2023/round-26/dolphins-v-cowboys/"
            },
            {
              "Round": "Round 26",
              "Home": "Storm",
              "Home_Score": 37,
              "Away": "Titans",
              "Away_Score": 16,
              "Venue": "AAMI Park",
              "Date": "2023-08-26T05:00:00Z",
              "Match_Centre_URL": "https://www.nrl.com/draw/nrl-premiership/2023/round-26/storm-v-titans/"
            },
            {
              "Round": "Round 26",
              "Home": "Roosters",
              "Home_Score": 32,
              "Away": "Wests Tigers",
              "Away_Score": 8,
              "Venue": "Allianz Stadium",
              "Date": "2023-08-26T07:30:00Z",
              "Match_Centre_URL": "https://www.nrl.com/draw/nrl-premiership/2023/round-26/roosters-v-wests-tigers/"
            },
            {
              "Round": "Round 26",
              "Home": "Raiders",
              "Home_Score": 18,
              "Away": "Broncos",
              "Away_Score": 29,
              "Venue": "GIO Stadium",
              "Date": "2023-08-26T09:35:00Z",
              "Match_Centre_URL": "https://www.nrl.com/draw/nrl-premiership/2023/round-26/raiders-v-broncos/"
            },
            {
              "Round": "Round 26",
              "Home": "Bulldogs",
              "Home_Score": 24,
              "Away": "Sea Eagles",
              "Away_Score": 42,
              "Venue": "Accor Stadium",
              "Date": "2023-08-27T04:00:00Z",
              "Match_Centre_URL": "https://www.nrl.com/draw/nrl-premiership/2023/round-26/bulldogs-v-sea-eagles/"
            },
            {
              "Round": "Round 26",
              "Home": "Knights",
              "Home_Score": 32,
              "Away": "Sharks",
              "Away_Score": 6,
              "Venue": "McDonald Jones Stadium",
              "Date": "2023-08-27T06:05:00Z",
              "Match_Centre_URL": "https://www.nrl.com/draw/nrl-premiership/2023/round-26/knights-v-sharks/"
            }
          ]
        },
        {
          "27": [
            {
              "Round": "Round 27",
              "Home": "Broncos",
              "Home_Score": 22,
              "Away": "Storm",
              "Away_Score": 32,
              "Venue": "Suncorp Stadium",
              "Date": "2023-08-31T09:50:00Z",
              "Match_Centre_URL": "https://www.nrl.com/draw/nrl-premiership/2023/round-27/broncos-v-storm/"
            },
            {
              "Round": "Round 27",
              "Home": "Sea Eagles",
              "Home_Score": 54,
              "Away": "Wests Tigers",
              "Away_Score": 12,
              "Venue": "4 Pines Park",
              "Date": "2023-09-01T08:00:00Z",
              "Match_Centre_URL": "https://www.nrl.com/draw/nrl-premiership/2023/round-27/sea-eagles-v-wests-tigers/"
            },
            {
              "Round": "Round 27",
              "Home": "Rabbitohs",
              "Home_Score": 12,
              "Away": "Roosters",
              "Away_Score": 26,
              "Venue": "Accor Stadium",
              "Date": "2023-09-01T10:00:00Z",
              "Match_Centre_URL": "https://www.nrl.com/draw/nrl-premiership/2023/round-27/rabbitohs-v-roosters/"
            },
            {
              "Round": "Round 27",
              "Home": "Dolphins",
              "Home_Score": 34,
              "Away": "Warriors",
              "Away_Score": 10,
              "Venue": "Suncorp Stadium",
              "Date": "2023-09-02T05:00:00Z",
              "Match_Centre_URL": "https://www.nrl.com/draw/nrl-premiership/2023/round-27/dolphins-v-warriors/"
            },
            {
              "Round": "Round 27",
              "Home": "Panthers",
              "Home_Score": 44,
              "Away": "Cowboys",
              "Away_Score": 12,
              "Venue": "BlueBet Stadium",
              "Date": "2023-09-02T07:30:00Z",
              "Match_Centre_URL": "https://www.nrl.com/draw/nrl-premiership/2023/round-27/panthers-v-cowboys/"
            },
            {
              "Round": "Round 27",
              "Home": "Dragons",
              "Home_Score": 12,
              "Away": "Knights",
              "Away_Score": 32,
              "Venue": "Netstrata Jubilee Stadium",
              "Date": "2023-09-02T09:35:00Z",
              "Match_Centre_URL": "https://www.nrl.com/draw/nrl-premiership/2023/round-27/dragons-v-knights/"
            },
            {
              "Round": "Round 27",
              "Home": "Titans",
              "Home_Score": 34,
              "Away": "Bulldogs",
              "Away_Score": 30,
              "Venue": "Cbus Super Stadium",
              "Date": "2023-09-03T04:00:00Z",
              "Match_Centre_URL": "https://www.nrl.com/draw/nrl-premiership/2023/round-27/titans-v-bulldogs/"
            },
            {
              "Round": "Round 27",
              "Home": "Sharks",
              "Home_Score": 24,
              "Away": "Raiders",
              "Away_Score": 6,
              "Venue": "PointsBet Stadium",
              "Date": "2023-09-03T06:05:00Z",
              "Match_Centre_URL": "https://www.nrl.com/draw/nrl-premiership/2023/round-27/sharks-v-raiders/"
            }
          ]
        },
        {
          "28": [
            {
              "Round": "Finals Week 1",
              "Home": "Broncos",
              "Home_Score": 26,
              "Away": "Storm",
              "Away_Score": 0,
              "Venue": "Suncorp Stadium",
              "Date": "2023-09-08T09:50:00Z",
              "Match_Centre_URL": "https://www.nrl.com/draw/nrl-premiership/2023/finals-week-1/broncos-v-storm/"
            },
            {
              "Round": "Finals Week 1",
              "Home": "Panthers",
              "Home_Score": 32,
              "Away": "Warriors",
              "Away_Score": 6,
              "Venue": "BlueBet Stadium",
              "Date": "2023-09-09T06:05:00Z",
              "Match_Centre_URL": "https://www.nrl.com/draw/nrl-premiership/2023/finals-week-1/panthers-v-warriors/"
            },
            {
              "Round": "Finals Week 1",
              "Home": "Sharks",
              "Home_Score": 12,
              "Away": "Roosters",
              "Away_Score": 13,
              "Venue": "PointsBet Stadium",
              "Date": "2023-09-09T09:50:00Z",
              "Match_Centre_URL": "https://www.nrl.com/draw/nrl-premiership/2023/finals-week-1/sharks-v-roosters/"
            },
            {
              "Round": "Finals Week 1",
              "Home": "Knights",
              "Home_Score": 30,
              "Away": "Raiders",
              "Away_Score": 28,
              "Venue": "McDonald Jones Stadium",
              "Date": "2023-09-10T06:05:00Z",
              "Match_Centre_URL": "https://www.nrl.com/draw/nrl-premiership/2023/finals-week-1/knights-v-raiders/"
            }
          ]
        },
        {
          "29": [
            {
              "Round": "Finals Week 2",
              "Home": "Storm",
              "Home_Score": 18,
              "Away": "Roosters",
              "Away_Score": 13,
              "Venue": "AAMI Park",
              "Date": "2023-09-15T09:50:00Z",
              "Match_Centre_URL": "https://www.nrl.com/draw/nrl-premiership/2023/finals-week-2/storm-v-roosters/"
            },
            {
              "Round": "Finals Week 2",
              "Home": "Warriors",
              "Home_Score": 40,
              "Away": "Knights",
              "Away_Score": 10,
              "Venue": "Go Media Stadium",
              "Date": "2023-09-16T06:05:00Z",
              "Match_Centre_URL": "https://www.nrl.com/draw/nrl-premiership/2023/finals-week-2/warriors-v-knights/"
            }
          ]
        },
        {
          "30": [
            {
              "Round": "Finals Week 3",
              "Home": "Panthers",
              "Home_Score": 38,
              "Away": "Storm",
              "Away_Score": 4,
              "Venue": "Accor Stadium",
              "Date": "2023-09-22T09:50:00Z",
              "Match_Centre_URL": "https://www.nrl.com/draw/nrl-premiership/2023/finals-week-3/panthers-v-storm/"
            },
            {
              "Round": "Finals Week 3",
              "Home": "Broncos",
              "Home_Score": 42,
              "Away": "Warriors",
              "Away_Score": 12,
              "Venue": "Suncorp Stadium",
              "Date": "2023-09-23T09:50:00Z",
              "Match_Centre_URL": "https://www.nrl.com/draw/nrl-premiership/2023/finals-week-3/broncos-v-warriors/"
            }
          ]
        },
        {
          "31": [
            {
              "Round": "Grand Final",
              "Home": "Panthers",
              "Home_Score": 26,
              "Away": "Broncos",
              "Away_Score": 24,
              "Venue": "Accor Stadium",
              "Date": "2023-10-01T08:30:00Z",
              "Match_Centre_URL": "https://www.nrl.com/draw/nrl-premiership/2023/grand-final/panthers-v-broncos/"
            }
          ]
        },
        {
          "32": [
            {
              "Round": "Grand Final",
              "Home": "Panthers",
              "Home_Score": 26,
              "Away": "Broncos",
              "Away_Score": 24,
              "Venue": "Accor Stadium",
              "Date": "2023-10-01T08:30:00Z",
              "Match_Centre_URL": "https://www.nrl.com/draw/nrl-premiership/2023/grand-final/panthers-v-broncos/"
            }
          ]
        },
        {
          "33": [
            {
              "Round": "Grand Final",
              "Home": "Panthers",
              "Home_Score": 26,
              "Away": "Broncos",
              "Away_Score": 24,
              "Venue": "Accor Stadium",
              "Date": "2023-10-01T08:30:00Z",
              "Match_Centre_URL": "https://www.nrl.com/draw/nrl-premiership/2023/grand-final/panthers-v-broncos/"
            }
          ]
        }
      ]
    }
  ]
}