{
  "NRL": [
    {
      "2024": [
        {
          "1": [
            {
              "Round": "Round 1",
              "Home": "Sea Eagles",
              "Home_Score": 36,
              "Away": "Rabbitohs",
              "Away_Score": 24,
              "Venue": "Allegiant Stadium",
              "Date": "2024-03-03T02:30:00Z",
              "Match_Centre_URL": "https://www.nrl.com/draw/nrl-premiership/2024/round-1/sea-eagles-v-rabbitohs/"
            },
            {
              "Round": "Round 1",
              "Home": "Roosters",
              "Home_Score": 20,
              "Away": "Broncos",
              "Away_Score": 10,
              "Venue": "Allegiant Stadium",
              "Date": "2024-03-03T04:30:00Z",
              "Match_Centre_URL": "https://www.nrl.com/draw/nrl-premiership/2024/round-1/roosters-v-broncos/"
            },
            {
              "Round": "Round 1",
              "Home": "Knights",
              "Home_Score": 12,
              "Away": "Raiders",
              "Away_Score": 28,
              "Venue": "McDonald Jones Stadium",
              "Date": "2024-03-07T09:00:00Z",
              "Match_Centre_URL": "https://www.nrl.com/draw/nrl-premiership/2024/round-1/knights-v-raiders/"
            },
            {
              "Round": "Round 1",
              "Home": "Warriors",
              "Home_Score": 12,
              "Away": "Sharks",
              "Away_Score": 16,
              "Venue": "Go Media Stadium",
              "Date": "2024-03-08T07:00:00Z",
              "Match_Centre_URL": "https://www.nrl.com/draw/nrl-premiership/2024/round-1/warriors-v-sharks/"
            },
            {
              "Round": "Round 1",
              "Home": "Storm",
              "Home_Score": 8,
              "Away": "Panthers",
              "Away_Score": 0,
              "Venue": "AAMI Park",
              "Date": "2024-03-08T09:05:00Z",
              "Match_Centre_URL": "https://www.nrl.com/draw/nrl-premiership/2024/round-1/storm-v-panthers/"
            },
            {
              "Round": "Round 1",
              "Home": "Eels",
              "Home_Score": 26,
              "Away": "Bulldogs",
              "Away_Score": 8,
              "Venue": "CommBank Stadium",
              "Date": "2024-03-09T06:30:00Z",
              "Match_Centre_URL": "https://www.nrl.com/draw/nrl-premiership/2024/round-1/eels-v-bulldogs/"
            },
            {
              "Round": "Round 1",
              "Home": "Titans",
              "Home_Score": 4,
              "Away": "Dragons",
              "Away_Score": 28,
              "Venue": "Cbus Super Stadium",
              "Date": "2024-03-09T08:35:00Z",
              "Match_Centre_URL": "https://www.nrl.com/draw/nrl-premiership/2024/round-1/titans-v-dragons/"
            },
            {
              "Round": "Round 1",
              "Home": "Dolphins",
              "Home_Score": 18,
              "Away": "Cowboys",
              "Away_Score": 43,
              "Venue": "Suncorp Stadium",
              "Date": "2024-03-10T05:05:00Z",
              "Match_Centre_URL": "https://www.nrl.com/draw/nrl-premiership/2024/round-1/dolphins-v-cowboys/"
            }
          ]
        },
        {
          "2": [
            {
              "Round": "Round 2",
              "Home": "Broncos",
              "Home_Score": 28,
              "Away": "Rabbitohs",
              "Away_Score": 18,
              "Venue": "Suncorp Stadium",
              "Date": "2024-03-14T09:00:00Z",
              "Match_Centre_URL": "https://www.nrl.com/draw/nrl-premiership/2024/round-2/broncos-v-rabbitohs/"
            },
            {
              "Round": "Round 2",
              "Home": "Sharks",
              "Home_Score": 25,
              "Away": "Bulldogs",
              "Away_Score": 6,
              "Venue": "PointsBet Stadium",
              "Date": "2024-03-15T07:00:00Z",
              "Match_Centre_URL": "https://www.nrl.com/draw/nrl-premiership/2024/round-2/sharks-v-bulldogs/"
            },
            {
              "Round": "Round 2",
              "Home": "Panthers",
              "Home_Score": 26,
              "Away": "Eels",
              "Away_Score": 18,
              "Venue": "BlueBet Stadium",
              "Date": "2024-03-15T09:00:00Z",
              "Match_Centre_URL": "https://www.nrl.com/draw/nrl-premiership/2024/round-2/panthers-v-eels/"
            },
            {
              "Round": "Round 2",
              "Home": "Raiders",
              "Home_Score": 32,
              "Away": "Wests Tigers",
              "Away_Score": 12,
              "Venue": "GIO Stadium",
              "Date": "2024-03-16T04:00:00Z",
              "Match_Centre_URL": "https://www.nrl.com/draw/nrl-premiership/2024/round-2/raiders-v-wests-tigers/"
            },
            {
              "Round": "Round 2",
              "Home": "Cowboys",
              "Home_Score": 21,
              "Away": "Knights",
              "Away_Score": 20,
              "Venue": "Queensland Country Bank Stadium",
              "Date": "2024-03-16T06:30:00Z",
              "Match_Centre_URL": "https://www.nrl.com/draw/nrl-premiership/2024/round-2/cowboys-v-knights/"
            },
            {
              "Round": "Round 2",
              "Home": "Storm",
              "Home_Score": 30,
              "Away": "Warriors",
              "Away_Score": 26,
              "Venue": "AAMI Park",
              "Date": "2024-03-16T08:35:00Z",
              "Match_Centre_URL": "https://www.nrl.com/draw/nrl-premiership/2024/round-2/storm-v-warriors/"
            },
            {
              "Round": "Round 2",
              "Home": "Sea Eagles",
              "Home_Score": 21,
              "Away": "Roosters",
              "Away_Score": 14,
              "Venue": "4 Pines Park",
              "Date": "2024-03-17T05:05:00Z",
              "Match_Centre_URL": "https://www.nrl.com/draw/nrl-premiership/2024/round-2/sea-eagles-v-roosters/"
            },
            {
              "Round": "Round 2",
              "Home": "Dolphins",
              "Home_Score": 38,
              "Away": "Dragons",
              "Away_Score": 0,
              "Venue": "Kayo Stadium",
              "Date": "2024-03-17T07:15:00Z",
              "Match_Centre_URL": "https://www.nrl.com/draw/nrl-premiership/2024/round-2/dolphins-v-dragons/"
            }
          ]
        },
        {
          "3": [
            {
              "Round": "Round 3",
              "Home": "Panthers",
              "Home_Score": 34,
              "Away": "Broncos",
              "Away_Score": 12,
              "Venue": "BlueBet Stadium",
              "Date": "2024-03-21T09:00:00Z",
              "Match_Centre_URL": "https://www.nrl.com/draw/nrl-premiership/2024/round-3/panthers-v-broncos/"
            },
            {
              "Round": "Round 3",
              "Home": "Warriors",
              "Home_Score": 18,
              "Away": "Raiders",
              "Away_Score": 10,
              "Venue": "Apollo Projects Stadium",
              "Date": "2024-03-22T07:00:00Z",
              "Match_Centre_URL": "https://www.nrl.com/draw/nrl-premiership/2024/round-3/warriors-v-raiders/"
            },
            {
              "Round": "Round 3",
              "Home": "Roosters",
              "Home_Score": 48,
              "Away": "Rabbitohs",
              "Away_Score": 6,
              "Venue": "Allianz Stadium",
              "Date": "2024-03-22T09:00:00Z",
              "Match_Centre_URL": "https://www.nrl.com/draw/nrl-premiership/2024/round-3/roosters-v-rabbitohs/"
            },
            {
              "Round": "Round 3",
              "Home": "Bulldogs",
              "Home_Score": 32,
              "Away": "Titans",
              "Away_Score": 0,
              "Venue": "Belmore Sports Ground",
              "Date": "2024-03-23T04:00:00Z",
              "Match_Centre_URL": "https://www.nrl.com/draw/nrl-premiership/2024/round-3/bulldogs-v-titans/"
            },
            {
              "Round": "Round 3",
              "Home": "Dragons",
              "Home_Score": 24,
              "Away": "Cowboys",
              "Away_Score": 46,
              "Venue": "Netstrata Jubilee Stadium",
              "Date": "2024-03-23T06:30:00Z",
              "Match_Centre_URL": "https://www.nrl.com/draw/nrl-premiership/2024/round-3/dragons-v-cowboys/"
            },
            {
              "Round": "Round 3",
              "Home": "Wests Tigers",
              "Home_Score": 32,
              "Away": "Sharks",
              "Away_Score": 6,
              "Venue": "Leichhardt Oval",
              "Date": "2024-03-23T08:35:00Z",
              "Match_Centre_URL": "https://www.nrl.com/draw/nrl-premiership/2024/round-3/wests-tigers-v-sharks/"
            },
            {
              "Round": "Round 3",
              "Home": "Eels",
              "Home_Score": 28,
              "Away": "Sea Eagles",
              "Away_Score": 24,
              "Venue": "CommBank Stadium",
              "Date": "2024-03-24T05:05:00Z",
              "Match_Centre_URL": "https://www.nrl.com/draw/nrl-premiership/2024/round-3/eels-v-sea-eagles/"
            },
            {
              "Round": "Round 3",
              "Home": "Knights",
              "Home_Score": 14,
              "Away": "Storm",
              "Away_Score": 12,
              "Venue": "McDonald Jones Stadium",
              "Date": "2024-03-24T07:15:00Z",
              "Match_Centre_URL": "https://www.nrl.com/draw/nrl-premiership/2024/round-3/knights-v-storm/"
            }
          ]
        },
        {
          "4": [
            {
              "Round": "Round 4",
              "Home": "Roosters",
              "Home_Score": 16,
              "Away": "Panthers",
              "Away_Score": 22,
              "Venue": "Allianz Stadium",
              "Date": "2024-03-28T09:00:00Z",
              "Match_Centre_URL": "https://www.nrl.com/draw/nrl-premiership/2024/round-4/roosters-v-panthers/"
            },
            {
              "Round": "Round 4",
              "Home": "Rabbitohs",
              "Home_Score": 20,
              "Away": "Bulldogs",
              "Away_Score": 16,
              "Venue": "Accor Stadium",
              "Date": "2024-03-29T05:05:00Z",
              "Match_Centre_URL": "https://www.nrl.com/draw/nrl-premiership/2024/round-4/rabbitohs-v-bulldogs/"
            },
            {
              "Round": "Round 4",
              "Home": "Broncos",
              "Home_Score": 38,
              "Away": "Cowboys",
              "Away_Score": 12,
              "Venue": "Suncorp Stadium",
              "Date": "2024-03-29T09:00:00Z",
              "Match_Centre_URL": "https://www.nrl.com/draw/nrl-premiership/2024/round-4/broncos-v-cowboys/"
            },
            {
              "Round": "Round 4",
              "Home": "Dragons",
              "Home_Score": 20,
              "Away": "Sea Eagles",
              "Away_Score": 12,
              "Venue": "WIN Stadium",
              "Date": "2024-03-30T06:30:00Z",
              "Match_Centre_URL": "https://www.nrl.com/draw/nrl-premiership/2024/round-4/dragons-v-sea-eagles/"
            },
            {
              "Round": "Round 4",
              "Home": "Titans",
              "Home_Score": 14,
              "Away": "Dolphins",
              "Away_Score": 30,
              "Venue": "Cbus Super Stadium",
              "Date": "2024-03-30T08:35:00Z",
              "Match_Centre_URL": "https://www.nrl.com/draw/nrl-premiership/2024/round-4/titans-v-dolphins/"
            },
            {
              "Round": "Round 4",
              "Home": "Warriors",
              "Home_Score": 20,
              "Away": "Knights",
              "Away_Score": 12,
              "Venue": "Go Media Stadium",
              "Date": "2024-03-31T05:05:00Z",
              "Match_Centre_URL": "https://www.nrl.com/draw/nrl-premiership/2024/round-4/warriors-v-knights/"
            },
            {
              "Round": "Round 4",
              "Home": "Sharks",
              "Home_Score": 36,
              "Away": "Raiders",
              "Away_Score": 22,
              "Venue": "PointsBet Stadium",
              "Date": "2024-03-31T07:15:00Z",
              "Match_Centre_URL": "https://www.nrl.com/draw/nrl-premiership/2024/round-4/sharks-v-raiders/"
            },
            {
              "Round": "Round 4",
              "Home": "Eels",
              "Home_Score": 16,
              "Away": "Wests Tigers",
              "Away_Score": 17,
              "Venue": "CommBank Stadium",
              "Date": "2024-04-01T05:00:00Z",
              "Match_Centre_URL": "https://www.nrl.com/draw/nrl-premiership/2024/round-4/eels-v-wests-tigers/"
            }
          ]
        },
        {
          "5": [
            {
              "Round": "Round 5",
              "Home": "Storm",
              "Home_Score": 34,
              "Away": "Broncos",
              "Away_Score": 32,
              "Venue": "AAMI Park",
              "Date": "2024-04-04T09:00:00Z",
              "Match_Centre_URL": "https://www.nrl.com/draw/nrl-premiership/2024/round-5/storm-v-broncos/"
            },
            {
              "Round": "Round 5",
              "Home": "Bulldogs",
              "Home_Score": 30,
              "Away": "Roosters",
              "Away_Score": 26,
              "Venue": "Accor Stadium",
              "Date": "2024-04-05T07:00:00Z",
              "Match_Centre_URL": "https://www.nrl.com/draw/nrl-premiership/2024/round-5/bulldogs-v-roosters/"
            },
            {
              "Round": "Round 5",
              "Home": "Knights",
              "Home_Score": 30,
              "Away": "Dragons",
              "Away_Score": 10,
              "Venue": "McDonald Jones Stadium",
              "Date": "2024-04-05T09:00:00Z",
              "Match_Centre_URL": "https://www.nrl.com/draw/nrl-premiership/2024/round-5/knights-v-dragons/"
            },
            {
              "Round": "Round 5",
              "Home": "Rabbitohs",
              "Home_Score": 4,
              "Away": "Warriors",
              "Away_Score": 34,
              "Venue": "Accor Stadium",
              "Date": "2024-04-06T04:00:00Z",
              "Match_Centre_URL": "https://www.nrl.com/draw/nrl-premiership/2024/round-5/rabbitohs-v-warriors/"
            },
            {
              "Round": "Round 5",
              "Home": "Sea Eagles",
              "Home_Score": 32,
              "Away": "Panthers",
              "Away_Score": 18,
              "Venue": "4 Pines Park",
              "Date": "2024-04-06T06:30:00Z",
              "Match_Centre_URL": "https://www.nrl.com/draw/nrl-premiership/2024/round-5/sea-eagles-v-panthers/"
            },
            {
              "Round": "Round 5",
              "Home": "Dolphins",
              "Home_Score": 26,
              "Away": "Wests Tigers",
              "Away_Score": 16,
              "Venue": "Suncorp Stadium",
              "Date": "2024-04-06T08:35:00Z",
              "Match_Centre_URL": "https://www.nrl.com/draw/nrl-premiership/2024/round-5/dolphins-v-wests-tigers/"
            },
            {
              "Round": "Round 5",
              "Home": "Cowboys",
              "Home_Score": 35,
              "Away": "Titans",
              "Away_Score": 22,
              "Venue": "Queensland Country Bank Stadium",
              "Date": "2024-04-07T06:05:00Z",
              "Match_Centre_URL": "https://www.nrl.com/draw/nrl-premiership/2024/round-5/cowboys-v-titans/"
            },
            {
              "Round": "Round 5",
              "Home": "Raiders",
              "Home_Score": 41,
              "Away": "Eels",
              "Away_Score": 8,
              "Venue": "GIO Stadium",
              "Date": "2024-04-07T08:15:00Z",
              "Match_Centre_URL": "https://www.nrl.com/draw/nrl-premiership/2024/round-5/raiders-v-eels/"
            }
          ]
        },
        {
          "6": [
            {
              "Round": "Round 6",
              "Home": "Knights",
              "Home_Score": 20,
              "Away": "Roosters",
              "Away_Score": 22,
              "Venue": "McDonald Jones Stadium",
              "Date": "2024-04-11T09:50:00Z",
              "Match_Centre_URL": "https://www.nrl.com/draw/nrl-premiership/2024/round-6/knights-v-roosters/"
            },
            {
              "Round": "Round 6",
              "Home": "Storm",
              "Home_Score": 16,
              "Away": "Bulldogs",
              "Away_Score": 14,
              "Venue": "AAMI Park",
              "Date": "2024-04-12T08:00:00Z",
              "Match_Centre_URL": "https://www.nrl.com/draw/nrl-premiership/2024/round-6/storm-v-bulldogs/"
            },
            {
              "Round": "Round 6",
              "Home": "Broncos",
              "Home_Score": 28,
              "Away": "Dolphins",
              "Away_Score": 14,
              "Venue": "Suncorp Stadium",
              "Date": "2024-04-12T10:00:00Z",
              "Match_Centre_URL": "https://www.nrl.com/draw/nrl-premiership/2024/round-6/broncos-v-dolphins/"
            },
            {
              "Round": "Round 6",
              "Home": "Warriors",
              "Home_Score": 22,
              "Away": "Sea Eagles",
              "Away_Score": 22,
              "Venue": "Go Media Stadium",
              "Date": "2024-04-13T05:00:00Z",
              "Match_Centre_URL": "https://www.nrl.com/draw/nrl-premiership/2024/round-6/warriors-v-sea-eagles/"
            },
            {
              "Round": "Round 6",
              "Home": "Eels",
              "Home_Score": 27,
              "Away": "Cowboys",
              "Away_Score": 20,
              "Venue": "CommBank Stadium",
              "Date": "2024-04-13T07:30:00Z",
              "Match_Centre_URL": "https://www.nrl.com/draw/nrl-premiership/2024/round-6/eels-v-cowboys/"
            },
            {
              "Round": "Round 6",
              "Home": "Rabbitohs",
              "Home_Score": 22,
              "Away": "Sharks",
              "Away_Score": 34,
              "Venue": "Accor Stadium",
              "Date": "2024-04-13T09:35:00Z",
              "Match_Centre_URL": "https://www.nrl.com/draw/nrl-premiership/2024/round-6/rabbitohs-v-sharks/"
            },
            {
              "Round": "Round 6",
              "Home": "Wests Tigers",
              "Home_Score": 12,
              "Away": "Dragons",
              "Away_Score": 24,
              "Venue": "Campbelltown Sports Stadium",
              "Date": "2024-04-14T06:05:00Z",
              "Match_Centre_URL": "https://www.nrl.com/draw/nrl-premiership/2024/round-6/wests-tigers-v-dragons/"
            },
            {
              "Round": "Round 6",
              "Home": "Raiders",
              "Home_Score": 21,
              "Away": "Titans",
              "Away_Score": 20,
              "Venue": "GIO Stadium",
              "Date": "2024-04-14T08:15:00Z",
              "Match_Centre_URL": "https://www.nrl.com/draw/nrl-premiership/2024/round-6/raiders-v-titans/"
            }
          ]
        },
        {
          "7": [
            {
              "Round": "Round 7",
              "Home": "Roosters",
              "Home_Score": 12,
              "Away": "Storm",
              "Away_Score": 18,
              "Venue": "Allianz Stadium",
              "Date": "2024-04-18T09:50:00Z",
              "Match_Centre_URL": "https://www.nrl.com/draw/nrl-premiership/2024/round-7/roosters-v-storm/"
            },
            {
              "Round": "Round 7",
              "Home": "Dragons",
              "Home_Score": 30,
              "Away": "Warriors",
              "Away_Score": 12,
              "Venue": "WIN Stadium",
              "Date": "2024-04-19T08:00:00Z",
              "Match_Centre_URL": "https://www.nrl.com/draw/nrl-premiership/2024/round-7/dragons-v-warriors/"
            },
            {
              "Round": "Round 7",
              "Home": "Eels",
              "Home_Score": 16,
              "Away": "Dolphins",
              "Away_Score": 44,
              "Venue": "TIO Stadium",
              "Date": "2024-04-19T10:00:00Z",
              "Match_Centre_URL": "https://www.nrl.com/draw/nrl-premiership/2024/round-7/eels-v-dolphins/"
            },
            {
              "Round": "Round 7",
              "Home": "Panthers",
              "Home_Score": 22,
              "Away": "Wests Tigers",
              "Away_Score": 6,
              "Venue": "Carrington Park",
              "Date": "2024-04-20T05:00:00Z",
              "Match_Centre_URL": "https://www.nrl.com/draw/nrl-premiership/2024/round-7/panthers-v-wests-tigers/"
            },
            {
              "Round": "Round 7",
              "Home": "Titans",
              "Home_Score": 30,
              "Away": "Sea Eagles",
              "Away_Score": 34,
              "Venue": "Cbus Super Stadium",
              "Date": "2024-04-20T07:30:00Z",
              "Match_Centre_URL": "https://www.nrl.com/draw/nrl-premiership/2024/round-7/titans-v-sea-eagles/"
            },
            {
              "Round": "Round 7",
              "Home": "Broncos",
              "Home_Score": 34,
              "Away": "Raiders",
              "Away_Score": 10,
              "Venue": "Suncorp Stadium",
              "Date": "2024-04-20T09:35:00Z",
              "Match_Centre_URL": "https://www.nrl.com/draw/nrl-premiership/2024/round-7/broncos-v-raiders/"
            },
            {
              "Round": "Round 7",
              "Home": "Bulldogs",
              "Home_Score": 36,
              "Away": "Knights",
              "Away_Score": 12,
              "Venue": "Accor Stadium",
              "Date": "2024-04-21T04:00:00Z",
              "Match_Centre_URL": "https://www.nrl.com/draw/nrl-premiership/2024/round-7/bulldogs-v-knights/"
            },
            {
              "Round": "Round 7",
              "Home": "Sharks",
              "Home_Score": 42,
              "Away": "Cowboys",
              "Away_Score": 6,
              "Venue": "PointsBet Stadium",
              "Date": "2024-04-21T06:05:00Z",
              "Match_Centre_URL": "https://www.nrl.com/draw/nrl-premiership/2024/round-7/sharks-v-cowboys/"
            }
          ]
        },
        {
          "8": [
            {
              "Round": "Round 8",
              "Home": "Warriors",
              "Home_Score": 24,
              "Away": "Titans",
              "Away_Score": 27,
              "Venue": "Go Media Stadium",
              "Date": "2024-04-25T04:00:00Z",
              "Match_Centre_URL": "https://www.nrl.com/draw/nrl-premiership/2024/round-8/warriors-v-titans/"
            },
            {
              "Round": "Round 8",
              "Home": "Dragons",
              "Home_Score": 18,
              "Away": "Roosters",
              "Away_Score": 60,
              "Venue": "Allianz Stadium",
              "Date": "2024-04-25T06:05:00Z",
              "Match_Centre_URL": "https://www.nrl.com/draw/nrl-premiership/2024/round-8/dragons-v-roosters/"
            },
            {
              "Round": "Round 8",
              "Home": "Storm",
              "Home_Score": 54,
              "Away": "Rabbitohs",
              "Away_Score": 20,
              "Venue": "AAMI Park",
              "Date": "2024-04-25T09:50:00Z",
              "Match_Centre_URL": "https://www.nrl.com/draw/nrl-premiership/2024/round-8/storm-v-rabbitohs/"
            },
            {
              "Round": "Round 8",
              "Home": "Sea Eagles",
              "Home_Score": 32,
              "Away": "Eels",
              "Away_Score": 18,
              "Venue": "4 Pines Park",
              "Date": "2024-04-26T10:00:00Z",
              "Match_Centre_URL": "https://www.nrl.com/draw/nrl-premiership/2024/round-8/sea-eagles-v-eels/"
            },
            {
              "Round": "Round 8",
              "Home": "Wests Tigers",
              "Home_Score": 10,
              "Away": "Broncos",
              "Away_Score": 34,
              "Venue": "Campbelltown Sports Stadium",
              "Date": "2024-04-27T07:30:00Z",
              "Match_Centre_URL": "https://www.nrl.com/draw/nrl-premiership/2024/round-8/wests-tigers-v-broncos/"
            },
            {
              "Round": "Round 8",
              "Home": "Cowboys",
              "Home_Score": 20,
              "Away": "Panthers",
              "Away_Score": 26,
              "Venue": "Queensland Country Bank Stadium",
              "Date": "2024-04-27T09:35:00Z",
              "Match_Centre_URL": "https://www.nrl.com/draw/nrl-premiership/2024/round-8/cowboys-v-panthers/"
            },
            {
              "Round": "Round 8",
              "Home": "Dolphins",
              "Home_Score": 14,
              "Away": "Knights",
              "Away_Score": 18,
              "Venue": "Suncorp Stadium",
              "Date": "2024-04-28T04:00:00Z",
              "Match_Centre_URL": "https://www.nrl.com/draw/nrl-premiership/2024/round-8/dolphins-v-knights/"
            },
            {
              "Round": "Round 8",
              "Home": "Raiders",
              "Home_Score": 0,
              "Away": "Sharks",
              "Away_Score": 40,
              "Venue": "GIO Stadium",
              "Date": "2024-04-28T06:05:00Z",
              "Match_Centre_URL": "https://www.nrl.com/draw/nrl-premiership/2024/round-8/raiders-v-sharks/"
            }
          ]
        },
        {
          "9": [
            {
              "Round": "Round 9",
              "Home": "Rabbitohs",
              "Home_Score": 12,
              "Away": "Panthers",
              "Away_Score": 42,
              "Venue": "Accor Stadium",
              "Date": "2024-05-02T09:50:00Z",
              "Match_Centre_URL": "https://www.nrl.com/draw/nrl-premiership/2024/round-9/rabbitohs-v-panthers/"
            },
            {
              "Round": "Round 9",
              "Home": "Sea Eagles",
              "Home_Score": 24,
              "Away": "Raiders",
              "Away_Score": 26,
              "Venue": "4 Pines Park",
              "Date": "2024-05-03T08:00:00Z",
              "Match_Centre_URL": "https://www.nrl.com/draw/nrl-premiership/2024/round-9/sea-eagles-v-raiders/"
            },
            {
              "Round": "Round 9",
              "Home": "Broncos",
              "Home_Score": 18,
              "Away": "Roosters",
              "Away_Score": 40,
              "Venue": "Suncorp Stadium",
              "Date": "2024-05-03T10:00:00Z",
              "Match_Centre_URL": "https://www.nrl.com/draw/nrl-premiership/2024/round-9/broncos-v-roosters/"
            },
            {
              "Round": "Round 9",
              "Home": "Bulldogs",
              "Home_Score": 22,
              "Away": "Wests Tigers",
              "Away_Score": 14,
              "Venue": "Accor Stadium",
              "Date": "2024-05-04T05:00:00Z",
              "Match_Centre_URL": "https://www.nrl.com/draw/nrl-premiership/2024/round-9/bulldogs-v-wests-tigers/"
            },
            {
              "Round": "Round 9",
              "Home": "Titans",
              "Home_Score": 20,
              "Away": "Storm",
              "Away_Score": 22,
              "Venue": "Cbus Super Stadium",
              "Date": "2024-05-04T07:30:00Z",
              "Match_Centre_URL": "https://www.nrl.com/draw/nrl-premiership/2024/round-9/titans-v-storm/"
            },
            {
              "Round": "Round 9",
              "Home": "Cowboys",
              "Home_Score": 26,
              "Away": "Dolphins",
              "Away_Score": 28,
              "Venue": "Queensland Country Bank Stadium",
              "Date": "2024-05-04T09:35:00Z",
              "Match_Centre_URL": "https://www.nrl.com/draw/nrl-premiership/2024/round-9/cowboys-v-dolphins/"
            },
            {
              "Round": "Round 9",
              "Home": "Knights",
              "Home_Score": 14,
              "Away": "Warriors",
              "Away_Score": 8,
              "Venue": "McDonald Jones Stadium",
              "Date": "2024-05-05T04:00:00Z",
              "Match_Centre_URL": "https://www.nrl.com/draw/nrl-premiership/2024/round-9/knights-v-warriors/"
            },
            {
              "Round": "Round 9",
              "Home": "Sharks",
              "Home_Score": 20,
              "Away": "Dragons",
              "Away_Score": 10,
              "Venue": "PointsBet Stadium",
              "Date": "2024-05-05T06:05:00Z",
              "Match_Centre_URL": "https://www.nrl.com/draw/nrl-premiership/2024/round-9/sharks-v-dragons/"
            }
          ]
        },
        {
          "10": [
            {
              "Round": "Round 10",
              "Home": "Dolphins",
              "Home_Score": 30,
              "Away": "Sea Eagles",
              "Away_Score": 24,
              "Venue": "Suncorp Stadium",
              "Date": "2024-05-09T09:50:00Z",
              "Match_Centre_URL": "https://www.nrl.com/draw/nrl-premiership/2024/round-10/dolphins-v-sea-eagles/"
            },
            {
              "Round": "Round 10",
              "Home": "Panthers",
              "Home_Score": 16,
              "Away": "Bulldogs",
              "Away_Score": 10,
              "Venue": "BlueBet Stadium",
              "Date": "2024-05-10T08:00:00Z",
              "Match_Centre_URL": "https://www.nrl.com/draw/nrl-premiership/2024/round-10/panthers-v-bulldogs/"
            },
            {
              "Round": "Round 10",
              "Home": "Eels",
              "Home_Score": 14,
              "Away": "Broncos",
              "Away_Score": 30,
              "Venue": "CommBank Stadium",
              "Date": "2024-05-10T10:00:00Z",
              "Match_Centre_URL": "https://www.nrl.com/draw/nrl-premiership/2024/round-10/eels-v-broncos/"
            },
            {
              "Round": "Round 10",
              "Home": "Wests Tigers",
              "Home_Score": 14,
              "Away": "Knights",
              "Away_Score": 20,
              "Venue": "Scully Park",
              "Date": "2024-05-11T05:00:00Z",
              "Match_Centre_URL": "https://www.nrl.com/draw/nrl-premiership/2024/round-10/wests-tigers-v-knights/"
            },
            {
              "Round": "Round 10",
              "Home": "Dragons",
              "Home_Score": 28,
              "Away": "Rabbitohs",
              "Away_Score": 14,
              "Venue": "Netstrata Jubilee Stadium",
              "Date": "2024-05-11T07:30:00Z",
              "Match_Centre_URL": "https://www.nrl.com/draw/nrl-premiership/2024/round-10/dragons-v-rabbitohs/"
            },
            {
              "Round": "Round 10",
              "Home": "Storm",
              "Home_Score": 18,
              "Away": "Sharks",
              "Away_Score": 25,
              "Venue": "AAMI Park",
              "Date": "2024-05-11T09:35:00Z",
              "Match_Centre_URL": "https://www.nrl.com/draw/nrl-premiership/2024/round-10/storm-v-sharks/"
            },
            {
              "Round": "Round 10",
              "Home": "Roosters",
              "Home_Score": 38,
              "Away": "Warriors",
              "Away_Score": 18,
              "Venue": "Allianz Stadium",
              "Date": "2024-05-12T04:00:00Z",
              "Match_Centre_URL": "https://www.nrl.com/draw/nrl-premiership/2024/round-10/roosters-v-warriors/"
            },
            {
              "Round": "Round 10",
              "Home": "Titans",
              "Home_Score": 20,
              "Away": "Cowboys",
              "Away_Score": 18,
              "Venue": "Cbus Super Stadium",
              "Date": "2024-05-12T06:05:00Z",
              "Match_Centre_URL": "https://www.nrl.com/draw/nrl-premiership/2024/round-10/titans-v-cowboys/"
            }
          ]
        },
        {
          "11": [
            {
              "Round": "Round 11",
              "Home": "Raiders",
              "Home_Score": 24,
              "Away": "Bulldogs",
              "Away_Score": 20,
              "Venue": "Suncorp Stadium",
              "Date": "2024-05-17T08:00:00Z",
              "Match_Centre_URL": "https://www.nrl.com/draw/nrl-premiership/2024/round-11/raiders-v-bulldogs/"
            },
            {
              "Round": "Round 11",
              "Home": "Sea Eagles",
              "Home_Score": 12,
              "Away": "Broncos",
              "Away_Score": 13,
              "Venue": "Suncorp Stadium",
              "Date": "2024-05-17T10:05:00Z",
              "Match_Centre_URL": "https://www.nrl.com/draw/nrl-premiership/2024/round-11/sea-eagles-v-broncos/"
            },
            {
              "Round": "Round 11",
              "Home": "Titans",
              "Home_Score": 24,
              "Away": "Knights",
              "Away_Score": 28,
              "Venue": "Suncorp Stadium",
              "Date": "2024-05-18T05:00:00Z",
              "Match_Centre_URL": "https://www.nrl.com/draw/nrl-premiership/2024/round-11/titans-v-knights/"
            },
            {
              "Round": "Round 11",
              "Home": "Sharks",
              "Home_Score": 38,
              "Away": "Roosters",
              "Away_Score": 30,
              "Venue": "Suncorp Stadium",
              "Date": "2024-05-18T07:30:00Z",
              "Match_Centre_URL": "https://www.nrl.com/draw/nrl-premiership/2024/round-11/sharks-v-roosters/"
            },
            {
              "Round": "Round 11",
              "Home": "Rabbitohs",
              "Home_Score": 22,
              "Away": "Cowboys",
              "Away_Score": 28,
              "Venue": "Suncorp Stadium",
              "Date": "2024-05-18T09:45:00Z",
              "Match_Centre_URL": "https://www.nrl.com/draw/nrl-premiership/2024/round-11/rabbitohs-v-cowboys/"
            },
            {
              "Round": "Round 11",
              "Home": "Warriors",
              "Home_Score": 22,
              "Away": "Panthers",
              "Away_Score": 20,
              "Venue": "Suncorp Stadium",
              "Date": "2024-05-19T03:50:00Z",
              "Match_Centre_URL": "https://www.nrl.com/draw/nrl-premiership/2024/round-11/warriors-v-panthers/"
            },
            {
              "Round": "Round 11",
              "Home": "Storm",
              "Home_Score": 48,
              "Away": "Eels",
              "Away_Score": 16,
              "Venue": "Suncorp Stadium",
              "Date": "2024-05-19T06:05:00Z",
              "Match_Centre_URL": "https://www.nrl.com/draw/nrl-premiership/2024/round-11/storm-v-eels/"
            },
            {
              "Round": "Round 11",
              "Home": "Wests Tigers",
              "Home_Score": 12,
              "Away": "Dolphins",
              "Away_Score": 24,
              "Venue": "Suncorp Stadium",
              "Date": "2024-05-19T08:25:00Z",
              "Match_Centre_URL": "https://www.nrl.com/draw/nrl-premiership/2024/round-11/wests-tigers-v-dolphins/"
            }
          ]
        },
        {
          "12": [
            {
              "Round": "Round 12",
              "Home": "Bulldogs",
              "Home_Score": 44,
              "Away": "Dragons",
              "Away_Score": 12,
              "Venue": "Accor Stadium",
              "Date": "2024-05-23T09:50:00Z",
              "Match_Centre_URL": "https://www.nrl.com/draw/nrl-premiership/2024/round-12/bulldogs-v-dragons/"
            },
            {
              "Round": "Round 12",
              "Home": "Cowboys",
              "Home_Score": 42,
              "Away": "Wests Tigers",
              "Away_Score": 28,
              "Venue": "Queensland Country Bank Stadium",
              "Date": "2024-05-24T08:00:00Z",
              "Match_Centre_URL": "https://www.nrl.com/draw/nrl-premiership/2024/round-12/cowboys-v-wests-tigers/"
            },
            {
              "Round": "Round 12",
              "Home": "Sea Eagles",
              "Home_Score": 26,
              "Away": "Storm",
              "Away_Score": 20,
              "Venue": "4 Pines Park",
              "Date": "2024-05-24T10:00:00Z",
              "Match_Centre_URL": "https://www.nrl.com/draw/nrl-premiership/2024/round-12/sea-eagles-v-storm/"
            },
            {
              "Round": "Round 12",
              "Home": "Raiders",
              "Home_Score": 16,
              "Away": "Roosters",
              "Away_Score": 44,
              "Venue": "GIO Stadium",
              "Date": "2024-05-25T05:00:00Z",
              "Match_Centre_URL": "https://www.nrl.com/draw/nrl-premiership/2024/round-12/raiders-v-roosters/"
            },
            {
              "Round": "Round 12",
              "Home": "Sharks",
              "Home_Score": 0,
              "Away": "Panthers",
              "Away_Score": 42,
              "Venue": "PointsBet Stadium",
              "Date": "2024-05-25T07:30:00Z",
              "Match_Centre_URL": "https://www.nrl.com/draw/nrl-premiership/2024/round-12/sharks-v-panthers/"
            },
            {
              "Round": "Round 12",
              "Home": "Rabbitohs",
              "Home_Score": 42,
              "Away": "Eels",
              "Away_Score": 26,
              "Venue": "Accor Stadium",
              "Date": "2024-05-25T09:35:00Z",
              "Match_Centre_URL": "https://www.nrl.com/draw/nrl-premiership/2024/round-12/rabbitohs-v-eels/"
            },
            {
              "Round": "Round 12",
              "Home": "Broncos",
              "Home_Score": 34,
              "Away": "Titans",
              "Away_Score": 36,
              "Venue": "Suncorp Stadium",
              "Date": "2024-05-26T04:00:00Z",
              "Match_Centre_URL": "https://www.nrl.com/draw/nrl-premiership/2024/round-12/broncos-v-titans/"
            },
            {
              "Round": "Round 12",
              "Home": "Warriors",
              "Home_Score": 24,
              "Away": "Dolphins",
              "Away_Score": 20,
              "Venue": "Go Media Stadium",
              "Date": "2024-05-26T06:05:00Z",
              "Match_Centre_URL": "https://www.nrl.com/draw/nrl-premiership/2024/round-12/warriors-v-dolphins/"
            }
          ]
        },
        {
          "13": [
            {
              "Round": "Round 13",
              "Home": "Eels",
              "Home_Score": 34,
              "Away": "Sharks",
              "Away_Score": 22,
              "Venue": "CommBank Stadium",
              "Date": "2024-05-30T09:50:00Z",
              "Match_Centre_URL": "https://www.nrl.com/draw/nrl-premiership/2024/round-13/eels-v-sharks/"
            },
            {
              "Round": "Round 13",
              "Home": "Knights",
              "Home_Score": 2,
              "Away": "Bulldogs",
              "Away_Score": 32,
              "Venue": "McDonald Jones Stadium",
              "Date": "2024-05-31T10:00:00Z",
              "Match_Centre_URL": "https://www.nrl.com/draw/nrl-premiership/2024/round-13/knights-v-bulldogs/"
            },
            {
              "Round": "Round 13",
              "Home": "Panthers",
              "Home_Score": 10,
              "Away": "Dragons",
              "Away_Score": 22,
              "Venue": "BlueBet Stadium",
              "Date": "2024-06-01T07:30:00Z",
              "Match_Centre_URL": "https://www.nrl.com/draw/nrl-premiership/2024/round-13/panthers-v-dragons/"
            },
            {
              "Round": "Round 13",
              "Home": "Dolphins",
              "Home_Score": 25,
              "Away": "Raiders",
              "Away_Score": 26,
              "Venue": "Kayo Stadium",
              "Date": "2024-06-01T09:35:00Z",
              "Match_Centre_URL": "https://www.nrl.com/draw/nrl-premiership/2024/round-13/dolphins-v-raiders/"
            },
            {
              "Round": "Round 13",
              "Home": "Roosters",
              "Home_Score": 16,
              "Away": "Cowboys",
              "Away_Score": 18,
              "Venue": "Allianz Stadium",
              "Date": "2024-06-02T06:05:00Z",
              "Match_Centre_URL": "https://www.nrl.com/draw/nrl-premiership/2024/round-13/roosters-v-cowboys/"
            }
          ]
        },
        {
          "14": [
            {
              "Round": "Round 14",
              "Home": "Dragons",
              "Home_Score": 56,
              "Away": "Wests Tigers",
              "Away_Score": 14,
              "Venue": "WIN Stadium",
              "Date": "2024-06-07T10:00:00Z",
              "Match_Centre_URL": "https://www.nrl.com/draw/nrl-premiership/2024/round-14/dragons-v-wests-tigers/"
            },
            {
              "Round": "Round 14",
              "Home": "Titans",
              "Home_Score": 12,
              "Away": "Rabbitohs",
              "Away_Score": 46,
              "Venue": "Cbus Super Stadium",
              "Date": "2024-06-08T05:00:00Z",
              "Match_Centre_URL": "https://www.nrl.com/draw/nrl-premiership/2024/round-14/titans-v-rabbitohs/"
            },
            {
              "Round": "Round 14",
              "Home": "Cowboys",
              "Home_Score": 12,
              "Away": "Warriors",
              "Away_Score": 42,
              "Venue": "Queensland Country Bank Stadium",
              "Date": "2024-06-08T07:30:00Z",
              "Match_Centre_URL": "https://www.nrl.com/draw/nrl-premiership/2024/round-14/cowboys-v-warriors/"
            },
            {
              "Round": "Round 14",
              "Home": "Broncos",
              "Home_Score": 12,
              "Away": "Sharks",
              "Away_Score": 22,
              "Venue": "Suncorp Stadium",
              "Date": "2024-06-08T09:35:00Z",
              "Match_Centre_URL": "https://www.nrl.com/draw/nrl-premiership/2024/round-14/broncos-v-sharks/"
            },
            {
              "Round": "Round 14",
              "Home": "Storm",
              "Home_Score": 36,
              "Away": "Knights",
              "Away_Score": 28,
              "Venue": "AAMI Park",
              "Date": "2024-06-09T04:00:00Z",
              "Match_Centre_URL": "https://www.nrl.com/draw/nrl-premiership/2024/round-14/storm-v-knights/"
            },
            {
              "Round": "Round 14",
              "Home": "Panthers",
              "Home_Score": 32,
              "Away": "Sea Eagles",
              "Away_Score": 22,
              "Venue": "BlueBet Stadium",
              "Date": "2024-06-09T06:05:00Z",
              "Match_Centre_URL": "https://www.nrl.com/draw/nrl-premiership/2024/round-14/panthers-v-sea-eagles/"
            },
            {
              "Round": "Round 14",
              "Home": "Bulldogs",
              "Home_Score": 22,
              "Away": "Eels",
              "Away_Score": 18,
              "Venue": "Accor Stadium",
              "Date": "2024-06-10T06:00:00Z",
              "Match_Centre_URL": "https://www.nrl.com/draw/nrl-premiership/2024/round-14/bulldogs-v-eels/"
            }
          ]
        },
        {
          "15": [
            {
              "Round": "Round 15",
              "Home": "Sharks",
              "Home_Score": 28,
              "Away": "Dolphins",
              "Away_Score": 30,
              "Venue": "PointsBet Stadium",
              "Date": "2024-06-13T09:50:00Z",
              "Match_Centre_URL": "https://www.nrl.com/draw/nrl-premiership/2024/round-15/sharks-v-dolphins/"
            },
            {
              "Round": "Round 15",
              "Home": "Raiders",
              "Home_Score": 16,
              "Away": "Cowboys",
              "Away_Score": 34,
              "Venue": "GIO Stadium",
              "Date": "2024-06-14T08:00:00Z",
              "Match_Centre_URL": "https://www.nrl.com/draw/nrl-premiership/2024/round-15/raiders-v-cowboys/"
            },
            {
              "Round": "Round 15",
              "Home": "Rabbitohs",
              "Home_Score": 22,
              "Away": "Broncos",
              "Away_Score": 12,
              "Venue": "Accor Stadium",
              "Date": "2024-06-14T10:00:00Z",
              "Match_Centre_URL": "https://www.nrl.com/draw/nrl-premiership/2024/round-15/rabbitohs-v-broncos/"
            },
            {
              "Round": "Round 15",
              "Home": "Wests Tigers",
              "Home_Score": 18,
              "Away": "Titans",
              "Away_Score": 10,
              "Venue": "Leichhardt Oval",
              "Date": "2024-06-15T05:00:00Z",
              "Match_Centre_URL": "https://www.nrl.com/draw/nrl-premiership/2024/round-15/wests-tigers-v-titans/"
            },
            {
              "Round": "Round 15",
              "Home": "Warriors",
              "Home_Score": 24,
              "Away": "Storm",
              "Away_Score": 38,
              "Venue": "Go Media Stadium",
              "Date": "2024-06-15T07:30:00Z",
              "Match_Centre_URL": "https://www.nrl.com/draw/nrl-premiership/2024/round-15/warriors-v-storm/"
            },
            {
              "Round": "Round 15",
              "Home": "Eels",
              "Home_Score": 18,
              "Away": "Roosters",
              "Away_Score": 28,
              "Venue": "CommBank Stadium",
              "Date": "2024-06-15T09:35:00Z",
              "Match_Centre_URL": "https://www.nrl.com/draw/nrl-premiership/2024/round-15/eels-v-roosters/"
            },
            {
              "Round": "Round 15",
              "Home": "Sea Eagles",
              "Home_Score": 30,
              "Away": "Dragons",
              "Away_Score": 14,
              "Venue": "4 Pines Park",
              "Date": "2024-06-16T04:00:00Z",
              "Match_Centre_URL": "https://www.nrl.com/draw/nrl-premiership/2024/round-15/sea-eagles-v-dragons/"
            },
            {
              "Round": "Round 15",
              "Home": "Knights",
              "Home_Score": 18,
              "Away": "Panthers",
              "Away_Score": 26,
              "Venue": "McDonald Jones Stadium",
              "Date": "2024-06-16T06:05:00Z",
              "Match_Centre_URL": "https://www.nrl.com/draw/nrl-premiership/2024/round-15/knights-v-panthers/"
            }
          ]
        },
        {
          "16": [
            {
              "Round": "Round 16",
              "Home": "Dolphins",
              "Home_Score": 24,
              "Away": "Storm",
              "Away_Score": 30,
              "Venue": "Suncorp Stadium",
              "Date": "2024-06-21T10:00:00Z",
              "Match_Centre_URL": "https://www.nrl.com/draw/nrl-premiership/2024/round-16/dolphins-v-storm/"
            },
            {
              "Round": "Round 16",
              "Home": "Titans",
              "Home_Score": 66,
              "Away": "Warriors",
              "Away_Score": 6,
              "Venue": "Cbus Super Stadium",
              "Date": "2024-06-22T05:00:00Z",
              "Match_Centre_URL": "https://www.nrl.com/draw/nrl-premiership/2024/round-16/titans-v-warriors/"
            },
            {
              "Round": "Round 16",
              "Home": "Roosters",
              "Home_Score": 26,
              "Away": "Bulldogs",
              "Away_Score": 8,
              "Venue": "Industree Group Stadium",
              "Date": "2024-06-22T07:30:00Z",
              "Match_Centre_URL": "https://www.nrl.com/draw/nrl-premiership/2024/round-16/roosters-v-bulldogs/"
            },
            {
              "Round": "Round 16",
              "Home": "Rabbitohs",
              "Home_Score": 14,
              "Away": "Sea Eagles",
              "Away_Score": 0,
              "Venue": "Accor Stadium",
              "Date": "2024-06-22T09:35:00Z",
              "Match_Centre_URL": "https://www.nrl.com/draw/nrl-premiership/2024/round-16/rabbitohs-v-sea-eagles/"
            },
            {
              "Round": "Round 16",
              "Home": "Wests Tigers",
              "Home_Score": 48,
              "Away": "Raiders",
              "Away_Score": 24,
              "Venue": "Campbelltown Sports Stadium",
              "Date": "2024-06-23T06:05:00Z",
              "Match_Centre_URL": "https://www.nrl.com/draw/nrl-premiership/2024/round-16/wests-tigers-v-raiders/"
            }
          ]
        },
        {
          "17": [
            {
              "Round": "Round 17",
              "Home": "Bulldogs",
              "Home_Score": 15,
              "Away": "Sharks",
              "Away_Score": 14,
              "Venue": "Accor Stadium",
              "Date": "2024-06-28T10:00:00Z",
              "Match_Centre_URL": "https://www.nrl.com/draw/nrl-premiership/2024/round-17/bulldogs-v-sharks/"
            },
            {
              "Round": "Round 17",
              "Home": "Warriors",
              "Home_Score": 32,
              "Away": "Broncos",
              "Away_Score": 16,
              "Venue": "Go Media Stadium",
              "Date": "2024-06-29T05:00:00Z",
              "Match_Centre_URL": "https://www.nrl.com/draw/nrl-premiership/2024/round-17/warriors-v-broncos/"
            },
            {
              "Round": "Round 17",
              "Home": "Knights",
              "Home_Score": 34,
              "Away": "Eels",
              "Away_Score": 26,
              "Venue": "McDonald Jones Stadium",
              "Date": "2024-06-29T07:30:00Z",
              "Match_Centre_URL": "https://www.nrl.com/draw/nrl-premiership/2024/round-17/knights-v-eels/"
            },
            {
              "Round": "Round 17",
              "Home": "Storm",
              "Home_Score": 16,
              "Away": "Raiders",
              "Away_Score": 6,
              "Venue": "AAMI Park",
              "Date": "2024-06-29T09:35:00Z",
              "Match_Centre_URL": "https://www.nrl.com/draw/nrl-premiership/2024/round-17/storm-v-raiders/"
            },
            {
              "Round": "Round 17",
              "Home": "Dragons",
              "Home_Score": 26,
              "Away": "Dolphins",
              "Away_Score": 6,
              "Venue": "Netstrata Jubilee Stadium",
              "Date": "2024-06-30T04:00:00Z",
              "Match_Centre_URL": "https://www.nrl.com/draw/nrl-premiership/2024/round-17/dragons-v-dolphins/"
            },
            {
              "Round": "Round 17",
              "Home": "Panthers",
              "Home_Score": 6,
              "Away": "Cowboys",
              "Away_Score": 16,
              "Venue": "BlueBet Stadium",
              "Date": "2024-06-30T06:05:00Z",
              "Match_Centre_URL": "https://www.nrl.com/draw/nrl-premiership/2024/round-17/panthers-v-cowboys/"
            },
            {
              "Round": "Round 17",
              "Home": "Roosters",
              "Home_Score": 40,
              "Away": "Wests Tigers",
              "Away_Score": 6,
              "Venue": "Allianz Stadium",
              "Date": "2024-06-30T08:15:00Z",
              "Match_Centre_URL": "https://www.nrl.com/draw/nrl-premiership/2024/round-17/roosters-v-wests-tigers/"
            }
          ]
        },
        {
          "18": [
            {
              "Round": "Round 18",
              "Home": "Eels",
              "Home_Score": 16,
              "Away": "Rabbitohs",
              "Away_Score": 32,
              "Venue": "CommBank Stadium",
              "Date": "2024-07-04T09:50:00Z",
              "Match_Centre_URL": "https://www.nrl.com/draw/nrl-premiership/2024/round-18/eels-v-rabbitohs/"
            },
            {
              "Round": "Round 18",
              "Home": "Sharks",
              "Home_Score": 16,
              "Away": "Titans",
              "Away_Score": 20,
              "Venue": "C.ex Coffs International Stadium",
              "Date": "2024-07-05T08:00:00Z",
              "Match_Centre_URL": "https://www.nrl.com/draw/nrl-premiership/2024/round-18/sharks-v-titans/"
            },
            {
              "Round": "Round 18",
              "Home": "Broncos",
              "Home_Score": 6,
              "Away": "Panthers",
              "Away_Score": 14,
              "Venue": "Suncorp Stadium",
              "Date": "2024-07-05T10:00:00Z",
              "Match_Centre_URL": "https://www.nrl.com/draw/nrl-premiership/2024/round-18/broncos-v-panthers/"
            },
            {
              "Round": "Round 18",
              "Home": "Bulldogs",
              "Home_Score": 13,
              "Away": "Warriors",
              "Away_Score": 12,
              "Venue": "Accor Stadium",
              "Date": "2024-07-06T05:00:00Z",
              "Match_Centre_URL": "https://www.nrl.com/draw/nrl-premiership/2024/round-18/bulldogs-v-warriors/"
            },
            {
              "Round": "Round 18",
              "Home": "Wests Tigers",
              "Home_Score": 28,
              "Away": "Storm",
              "Away_Score": 40,
              "Venue": "Leichhardt Oval",
              "Date": "2024-07-06T07:30:00Z",
              "Match_Centre_URL": "https://www.nrl.com/draw/nrl-premiership/2024/round-18/wests-tigers-v-storm/"
            },
            {
              "Round": "Round 18",
              "Home": "Cowboys",
              "Home_Score": 20,
              "Away": "Sea Eagles",
              "Away_Score": 21,
              "Venue": "Queensland Country Bank Stadium",
              "Date": "2024-07-06T09:35:00Z",
              "Match_Centre_URL": "https://www.nrl.com/draw/nrl-premiership/2024/round-18/cowboys-v-sea-eagles/"
            },
            {
              "Round": "Round 18",
              "Home": "Roosters",
              "Home_Score": 42,
              "Away": "Dragons",
              "Away_Score": 12,
              "Venue": "Allianz Stadium",
              "Date": "2024-07-07T04:00:00Z",
              "Match_Centre_URL": "https://www.nrl.com/draw/nrl-premiership/2024/round-18/roosters-v-dragons/"
            },
            {
              "Round": "Round 18",
              "Home": "Raiders",
              "Home_Score": 12,
              "Away": "Knights",
              "Away_Score": 16,
              "Venue": "GIO Stadium",
              "Date": "2024-07-07T06:05:00Z",
              "Match_Centre_URL": "https://www.nrl.com/draw/nrl-premiership/2024/round-18/raiders-v-knights/"
            }
          ]
        },
        {
          "19": [
            {
              "Round": "Round 19",
              "Home": "Dolphins",
              "Home_Score": 36,
              "Away": "Rabbitohs",
              "Away_Score": 28,
              "Venue": "Kayo Stadium",
              "Date": "2024-07-11T09:50:00Z",
              "Match_Centre_URL": "https://www.nrl.com/draw/nrl-premiership/2024/round-19/dolphins-v-rabbitohs/"
            },
            {
              "Round": "Round 19",
              "Home": "Sharks",
              "Home_Score": 58,
              "Away": "Wests Tigers",
              "Away_Score": 6,
              "Venue": "PointsBet Stadium",
              "Date": "2024-07-12T10:00:00Z",
              "Match_Centre_URL": "https://www.nrl.com/draw/nrl-premiership/2024/round-19/sharks-v-wests-tigers/"
            },
            {
              "Round": "Round 19",
              "Home": "Titans",
              "Home_Score": 24,
              "Away": "Eels",
              "Away_Score": 16,
              "Venue": "Cbus Super Stadium",
              "Date": "2024-07-13T07:30:00Z",
              "Match_Centre_URL": "https://www.nrl.com/draw/nrl-premiership/2024/round-19/titans-v-eels/"
            },
            {
              "Round": "Round 19",
              "Home": "Broncos",
              "Home_Score": 26,
              "Away": "Dragons",
              "Away_Score": 30,
              "Venue": "Suncorp Stadium",
              "Date": "2024-07-13T09:35:00Z",
              "Match_Centre_URL": "https://www.nrl.com/draw/nrl-premiership/2024/round-19/broncos-v-dragons/"
            },
            {
              "Round": "Round 19",
              "Home": "Sea Eagles",
              "Home_Score": 44,
              "Away": "Knights",
              "Away_Score": 6,
              "Venue": "4 Pines Park",
              "Date": "2024-07-14T06:05:00Z",
              "Match_Centre_URL": "https://www.nrl.com/draw/nrl-premiership/2024/round-19/sea-eagles-v-knights/"
            }
          ]
        },
        {
          "20": [
            {
              "Round": "Round 20",
              "Home": "Raiders",
              "Home_Score": 20,
              "Away": "Warriors",
              "Away_Score": 18,
              "Venue": "GIO Stadium",
              "Date": "2024-07-19T10:00:00Z",
              "Match_Centre_URL": "https://www.nrl.com/draw/nrl-premiership/2024/round-20/raiders-v-warriors/"
            },
            {
              "Round": "Round 20",
              "Home": "Rabbitohs",
              "Home_Score": 42,
              "Away": "Wests Tigers",
              "Away_Score": 28,
              "Venue": "Industree Group Stadium",
              "Date": "2024-07-20T05:00:00Z",
              "Match_Centre_URL": "https://www.nrl.com/draw/nrl-premiership/2024/round-20/rabbitohs-v-wests-tigers/"
            },
            {
              "Round": "Round 20",
              "Home": "Knights",
              "Home_Score": 14,
              "Away": "Broncos",
              "Away_Score": 30,
              "Venue": "McDonald Jones Stadium",
              "Date": "2024-07-20T07:30:00Z",
              "Match_Centre_URL": "https://www.nrl.com/draw/nrl-premiership/2024/round-20/knights-v-broncos/"
            },
            {
              "Round": "Round 20",
              "Home": "Storm",
              "Home_Score": 24,
              "Away": "Roosters",
              "Away_Score": 8,
              "Venue": "AAMI Park",
              "Date": "2024-07-20T09:35:00Z",
              "Match_Centre_URL": "https://www.nrl.com/draw/nrl-premiership/2024/round-20/storm-v-roosters/"
            },
            {
              "Round": "Round 20",
              "Home": "Panthers",
              "Home_Score": 28,
              "Away": "Dolphins",
              "Away_Score": 26,
              "Venue": "BlueBet Stadium",
              "Date": "2024-07-21T04:00:00Z",
              "Match_Centre_URL": "https://www.nrl.com/draw/nrl-premiership/2024/round-20/panthers-v-dolphins/"
            },
            {
              "Round": "Round 20",
              "Home": "Sea Eagles",
              "Home_Score": 38,
              "Away": "Titans",
              "Away_Score": 8,
              "Venue": "4 Pines Park",
              "Date": "2024-07-21T06:05:00Z",
              "Match_Centre_URL": "https://www.nrl.com/draw/nrl-premiership/2024/round-20/sea-eagles-v-titans/"
            },
            {
              "Round": "Round 20",
              "Home": "Cowboys",
              "Home_Score": 20,
              "Away": "Bulldogs",
              "Away_Score": 18,
              "Venue": "Queensland Country Bank Stadium",
              "Date": "2024-07-21T08:15:00Z",
              "Match_Centre_URL": "https://www.nrl.com/draw/nrl-premiership/2024/round-20/cowboys-v-bulldogs/"
            }
          ]
        },
        {
          "21": [
            {
              "Round": "Round 21",
              "Home": "Warriors",
              "Home_Score": 28,
              "Away": "Wests Tigers",
              "Away_Score": 16,
              "Venue": "Go Media Stadium",
              "Date": "2024-07-26T08:00:00Z",
              "Match_Centre_URL": "https://www.nrl.com/draw/nrl-premiership/2024/round-21/warriors-v-wests-tigers/"
            },
            {
              "Round": "Round 21",
              "Home": "Eels",
              "Home_Score": 14,
              "Away": "Storm",
              "Away_Score": 32,
              "Venue": "CommBank Stadium",
              "Date": "2024-07-26T10:00:00Z",
              "Match_Centre_URL": "https://www.nrl.com/draw/nrl-premiership/2024/round-21/eels-v-storm/"
            },
            {
              "Round": "Round 21",
              "Home": "Broncos",
              "Home_Score": 16,
              "Away": "Bulldogs",
              "Away_Score": 41,
              "Venue": "Suncorp Stadium",
              "Date": "2024-07-27T05:00:00Z",
              "Match_Centre_URL": "https://www.nrl.com/draw/nrl-premiership/2024/round-21/broncos-v-bulldogs/"
            },
            {
              "Round": "Round 21",
              "Home": "Cowboys",
              "Home_Score": 30,
              "Away": "Sharks",
              "Away_Score": 22,
              "Venue": "Queensland Country Bank Stadium",
              "Date": "2024-07-27T07:30:00Z",
              "Match_Centre_URL": "https://www.nrl.com/draw/nrl-premiership/2024/round-21/cowboys-v-sharks/"
            },
            {
              "Round": "Round 21",
              "Home": "Roosters",
              "Home_Score": 34,
              "Away": "Sea Eagles",
              "Away_Score": 30,
              "Venue": "Allianz Stadium",
              "Date": "2024-07-27T09:35:00Z",
              "Match_Centre_URL": "https://www.nrl.com/draw/nrl-premiership/2024/round-21/roosters-v-sea-eagles/"
            },
            {
              "Round": "Round 21",
              "Home": "Dragons",
              "Home_Score": 10,
              "Away": "Panthers",
              "Away_Score": 46,
              "Venue": "WIN Stadium",
              "Date": "2024-07-28T04:00:00Z",
              "Match_Centre_URL": "https://www.nrl.com/draw/nrl-premiership/2024/round-21/dragons-v-panthers/"
            },
            {
              "Round": "Round 21",
              "Home": "Dolphins",
              "Home_Score": 14,
              "Away": "Titans",
              "Away_Score": 21,
              "Venue": "Suncorp Stadium",
              "Date": "2024-07-28T06:05:00Z",
              "Match_Centre_URL": "https://www.nrl.com/draw/nrl-premiership/2024/round-21/dolphins-v-titans/"
            },
            {
              "Round": "Round 21",
              "Home": "Raiders",
              "Home_Score": 32,
              "Away": "Rabbitohs",
              "Away_Score": 12,
              "Venue": "GIO Stadium",
              "Date": "2024-07-28T08:15:00Z",
              "Match_Centre_URL": "https://www.nrl.com/draw/nrl-premiership/2024/round-21/raiders-v-rabbitohs/"
            }
          ]
        },
        {
          "22": [
            {
              "Round": "Round 22",
              "Home": "Wests Tigers",
              "Home_Score": 30,
              "Away": "Cowboys",
              "Away_Score": 48,
              "Venue": "Leichhardt Oval",
              "Date": "2024-08-01T09:50:00Z",
              "Match_Centre_URL": "https://www.nrl.com/draw/nrl-premiership/2024/round-22/wests-tigers-v-cowboys/"
            },
            {
              "Round": "Round 22",
              "Home": "Warriors",
              "Home_Score": 20,
              "Away": "Eels",
              "Away_Score": 30,
              "Venue": "Go Media Stadium",
              "Date": "2024-08-02T08:00:00Z",
              "Match_Centre_URL": "https://www.nrl.com/draw/nrl-premiership/2024/round-22/warriors-v-eels/"
            },
            {
              "Round": "Round 22",
              "Home": "Dolphins",
              "Home_Score": 34,
              "Away": "Roosters",
              "Away_Score": 40,
              "Venue": "HBF Park",
              "Date": "2024-08-02T10:00:00Z",
              "Match_Centre_URL": "https://www.nrl.com/draw/nrl-premiership/2024/round-22/dolphins-v-roosters/"
            },
            {
              "Round": "Round 22",
              "Home": "Titans",
              "Home_Score": 46,
              "Away": "Broncos",
              "Away_Score": 18,
              "Venue": "Cbus Super Stadium",
              "Date": "2024-08-03T05:00:00Z",
              "Match_Centre_URL": "https://www.nrl.com/draw/nrl-premiership/2024/round-22/titans-v-broncos/"
            },
            {
              "Round": "Round 22",
              "Home": "Storm",
              "Home_Score": 16,
              "Away": "Dragons",
              "Away_Score": 18,
              "Venue": "AAMI Park",
              "Date": "2024-08-03T07:30:00Z",
              "Match_Centre_URL": "https://www.nrl.com/draw/nrl-premiership/2024/round-22/storm-v-dragons/"
            },
            {
              "Round": "Round 22",
              "Home": "Sharks",
              "Home_Score": 20,
              "Away": "Rabbitohs",
              "Away_Score": 6,
              "Venue": "PointsBet Stadium",
              "Date": "2024-08-03T09:35:00Z",
              "Match_Centre_URL": "https://www.nrl.com/draw/nrl-premiership/2024/round-22/sharks-v-rabbitohs/"
            },
            {
              "Round": "Round 22",
              "Home": "Panthers",
              "Home_Score": 22,
              "Away": "Knights",
              "Away_Score": 14,
              "Venue": "BlueBet Stadium",
              "Date": "2024-08-04T04:00:00Z",
              "Match_Centre_URL": "https://www.nrl.com/draw/nrl-premiership/2024/round-22/panthers-v-knights/"
            },
            {
              "Round": "Round 22",
              "Home": "Bulldogs",
              "Home_Score": 22,
              "Away": "Raiders",
              "Away_Score": 18,
              "Venue": "Belmore Sports Ground",
              "Date": "2024-08-04T06:05:00Z",
              "Match_Centre_URL": "https://www.nrl.com/draw/nrl-premiership/2024/round-22/bulldogs-v-raiders/"
            }
          ]
        },
        {
          "23": [
            {
              "Round": "Round 23",
              "Home": "Rabbitohs",
              "Home_Score": 16,
              "Away": "Storm",
              "Away_Score": 28,
              "Venue": "Accor Stadium",
              "Date": "2024-08-08T09:50:00Z",
              "Match_Centre_URL": "https://www.nrl.com/draw/nrl-premiership/2024/round-23/rabbitohs-v-storm/"
            },
            {
              "Round": "Round 23",
              "Home": "Titans",
              "Home_Score": 0,
              "Away": "Sharks",
              "Away_Score": 44,
              "Venue": "Cbus Super Stadium",
              "Date": "2024-08-09T08:00:00Z",
              "Match_Centre_URL": "https://www.nrl.com/draw/nrl-premiership/2024/round-23/titans-v-sharks/"
            },
            {
              "Round": "Round 23",
              "Home": "Eels",
              "Home_Score": 34,
              "Away": "Panthers",
              "Away_Score": 36,
              "Venue": "CommBank Stadium",
              "Date": "2024-08-09T10:00:00Z",
              "Match_Centre_URL": "https://www.nrl.com/draw/nrl-premiership/2024/round-23/eels-v-panthers/"
            },
            {
              "Round": "Round 23",
              "Home": "Raiders",
              "Home_Score": 24,
              "Away": "Sea Eagles",
              "Away_Score": 46,
              "Venue": "GIO Stadium",
              "Date": "2024-08-10T05:00:00Z",
              "Match_Centre_URL": "https://www.nrl.com/draw/nrl-premiership/2024/round-23/raiders-v-sea-eagles/"
            },
            {
              "Round": "Round 23",
              "Home": "Cowboys",
              "Home_Score": 18,
              "Away": "Broncos",
              "Away_Score": 42,
              "Venue": "Queensland Country Bank Stadium",
              "Date": "2024-08-10T07:30:00Z",
              "Match_Centre_URL": "https://www.nrl.com/draw/nrl-premiership/2024/round-23/cowboys-v-broncos/"
            },
            {
              "Round": "Round 23",
              "Home": "Dragons",
              "Home_Score": 10,
              "Away": "Bulldogs",
              "Away_Score": 28,
              "Venue": "Netstrata Jubilee Stadium",
              "Date": "2024-08-10T09:35:00Z",
              "Match_Centre_URL": "https://www.nrl.com/draw/nrl-premiership/2024/round-23/dragons-v-bulldogs/"
            },
            {
              "Round": "Round 23",
              "Home": "Dolphins",
              "Home_Score": 34,
              "Away": "Warriors",
              "Away_Score": 32,
              "Venue": "Suncorp Stadium",
              "Date": "2024-08-11T04:00:00Z",
              "Match_Centre_URL": "https://www.nrl.com/draw/nrl-premiership/2024/round-23/dolphins-v-warriors/"
            },
            {
              "Round": "Round 23",
              "Home": "Knights",
              "Home_Score": 34,
              "Away": "Wests Tigers",
              "Away_Score": 18,
              "Venue": "McDonald Jones Stadium",
              "Date": "2024-08-11T06:05:00Z",
              "Match_Centre_URL": "https://www.nrl.com/draw/nrl-premiership/2024/round-23/knights-v-wests-tigers/"
            }
          ]
        },
        {
          "24": [
            {
              "Round": "Round 24",
              "Home": "Panthers",
              "Home_Score": 22,
              "Away": "Storm",
              "Away_Score": 24,
              "Venue": "BlueBet Stadium",
              "Date": "2024-08-15T09:50:00Z",
              "Match_Centre_URL": "https://www.nrl.com/draw/nrl-premiership/2024/round-24/panthers-v-storm/"
            },
            {
              "Round": "Round 24",
              "Home": "Sea Eagles",
              "Home_Score": 24,
              "Away": "Warriors",
              "Away_Score": 10,
              "Venue": "4 Pines Park",
              "Date": "2024-08-16T08:00:00Z",
              "Match_Centre_URL": "https://www.nrl.com/draw/nrl-premiership/2024/round-24/sea-eagles-v-warriors/"
            },
            {
              "Round": "Round 24",
              "Home": "Roosters",
              "Home_Score": 38,
              "Away": "Eels",
              "Away_Score": 14,
              "Venue": "Allianz Stadium",
              "Date": "2024-08-16T10:00:00Z",
              "Match_Centre_URL": "https://www.nrl.com/draw/nrl-premiership/2024/round-24/roosters-v-eels/"
            },
            {
              "Round": "Round 24",
              "Home": "Bulldogs",
              "Home_Score": 30,
              "Away": "Dolphins",
              "Away_Score": 10,
              "Venue": "Salter Oval",
              "Date": "2024-08-17T05:00:00Z",
              "Match_Centre_URL": "https://www.nrl.com/draw/nrl-premiership/2024/round-24/bulldogs-v-dolphins/"
            },
            {
              "Round": "Round 24",
              "Home": "Cowboys",
              "Home_Score": 42,
              "Away": "Raiders",
              "Away_Score": 4,
              "Venue": "Queensland Country Bank Stadium",
              "Date": "2024-08-17T07:30:00Z",
              "Match_Centre_URL": "https://www.nrl.com/draw/nrl-premiership/2024/round-24/cowboys-v-raiders/"
            },
            {
              "Round": "Round 24",
              "Home": "Wests Tigers",
              "Home_Score": 18,
              "Away": "Rabbitohs",
              "Away_Score": 16,
              "Venue": "Campbelltown Sports Stadium",
              "Date": "2024-08-17T09:35:00Z",
              "Match_Centre_URL": "https://www.nrl.com/draw/nrl-premiership/2024/round-24/wests-tigers-v-rabbitohs/"
            },
            {
              "Round": "Round 24",
              "Home": "Dragons",
              "Home_Score": 32,
              "Away": "Titans",
              "Away_Score": 16,
              "Venue": "WIN Stadium",
              "Date": "2024-08-18T04:00:00Z",
              "Match_Centre_URL": "https://www.nrl.com/draw/nrl-premiership/2024/round-24/dragons-v-titans/"
            },
            {
              "Round": "Round 24",
              "Home": "Sharks",
              "Home_Score": 19,
              "Away": "Knights",
              "Away_Score": 18,
              "Venue": "PointsBet Stadium",
              "Date": "2024-08-18T06:05:00Z",
              "Match_Centre_URL": "https://www.nrl.com/draw/nrl-premiership/2024/round-24/sharks-v-knights/"
            }
          ]
        },
        {
          "25": [
            {
              "Round": "Round 25",
              "Home": "Wests Tigers",
              "Home_Score": 34,
              "Away": "Sea Eagles",
              "Away_Score": 26,
              "Venue": "Leichhardt Oval",
              "Date": "2024-08-22T09:50:00Z",
              "Match_Centre_URL": "https://www.nrl.com/draw/nrl-premiership/2024/round-25/wests-tigers-v-sea-eagles/"
            },
            {
              "Round": "Round 25",
              "Home": "Warriors",
              "Home_Score": 18,
              "Away": "Bulldogs",
              "Away_Score": 34,
              "Venue": "Go Media Stadium",
              "Date": "2024-08-23T08:00:00Z",
              "Match_Centre_URL": "https://www.nrl.com/draw/nrl-premiership/2024/round-25/warriors-v-bulldogs/"
            },
            {
              "Round": "Round 25",
              "Home": "Broncos",
              "Home_Score": 30,
              "Away": "Eels",
              "Away_Score": 24,
              "Venue": "Suncorp Stadium",
              "Date": "2024-08-23T10:00:00Z",
              "Match_Centre_URL": "https://www.nrl.com/draw/nrl-premiership/2024/round-25/broncos-v-eels/"
            },
            {
              "Round": "Round 25",
              "Home": "Raiders",
              "Home_Score": 22,
              "Away": "Panthers",
              "Away_Score": 18,
              "Venue": "GIO Stadium",
              "Date": "2024-08-24T05:00:00Z",
              "Match_Centre_URL": "https://www.nrl.com/draw/nrl-premiership/2024/round-25/raiders-v-panthers/"
            },
            {
              "Round": "Round 25",
              "Home": "Storm",
              "Home_Score": 48,
              "Away": "Dolphins",
              "Away_Score": 6,
              "Venue": "AAMI Park",
              "Date": "2024-08-24T07:30:00Z",
              "Match_Centre_URL": "https://www.nrl.com/draw/nrl-premiership/2024/round-25/storm-v-dolphins/"
            },
            {
              "Round": "Round 25",
              "Home": "Rabbitohs",
              "Home_Score": 16,
              "Away": "Knights",
              "Away_Score": 36,
              "Venue": "Accor Stadium",
              "Date": "2024-08-24T09:35:00Z",
              "Match_Centre_URL": "https://www.nrl.com/draw/nrl-premiership/2024/round-25/rabbitohs-v-knights/"
            },
            {
              "Round": "Round 25",
              "Home": "Titans",
              "Home_Score": 22,
              "Away": "Roosters",
              "Away_Score": 48,
              "Venue": "Cbus Super Stadium",
              "Date": "2024-08-25T04:00:00Z",
              "Match_Centre_URL": "https://www.nrl.com/draw/nrl-premiership/2024/round-25/titans-v-roosters/"
            },
            {
              "Round": "Round 25",
              "Home": "Dragons",
              "Home_Score": 10,
              "Away": "Sharks",
              "Away_Score": 38,
              "Venue": "WIN Stadium",
              "Date": "2024-08-25T06:05:00Z",
              "Match_Centre_URL": "https://www.nrl.com/draw/nrl-premiership/2024/round-25/dragons-v-sharks/"
            }
          ]
        },
        {
          "26": [
            {
              "Round": "Round 26",
              "Home": "Cowboys",
              "Home_Score": 38,
              "Away": "Storm",
              "Away_Score": 30,
              "Venue": "Queensland Country Bank Stadium",
              "Date": "2024-08-29T09:50:00Z",
              "Match_Centre_URL": "https://www.nrl.com/draw/nrl-premiership/2024/round-26/cowboys-v-storm/"
            },
            {
              "Round": "Round 26",
              "Home": "Bulldogs",
              "Home_Score": 22,
              "Away": "Sea Eagles",
              "Away_Score": 34,
              "Venue": "Accor Stadium",
              "Date": "2024-08-30T08:00:00Z",
              "Match_Centre_URL": "https://www.nrl.com/draw/nrl-premiership/2024/round-26/bulldogs-v-sea-eagles/"
            },
            {
              "Round": "Round 26",
              "Home": "Panthers",
              "Home_Score": 34,
              "Away": "Rabbitohs",
              "Away_Score": 12,
              "Venue": "BlueBet Stadium",
              "Date": "2024-08-30T10:00:00Z",
              "Match_Centre_URL": "https://www.nrl.com/draw/nrl-premiership/2024/round-26/panthers-v-rabbitohs/"
            },
            {
              "Round": "Round 26",
              "Home": "Eels",
              "Home_Score": 44,
              "Away": "Dragons",
              "Away_Score": 40,
              "Venue": "CommBank Stadium",
              "Date": "2024-08-31T05:00:00Z",
              "Match_Centre_URL": "https://www.nrl.com/draw/nrl-premiership/2024/round-26/eels-v-dragons/"
            },
            {
              "Round": "Round 26",
              "Home": "Dolphins",
              "Home_Score": 40,
              "Away": "Broncos",
              "Away_Score": 6,
              "Venue": "Suncorp Stadium",
              "Date": "2024-08-31T07:30:00Z",
              "Match_Centre_URL": "https://www.nrl.com/draw/nrl-premiership/2024/round-26/dolphins-v-broncos/"
            },
            {
              "Round": "Round 26",
              "Home": "Sharks",
              "Home_Score": 28,
              "Away": "Warriors",
              "Away_Score": 30,
              "Venue": "PointsBet Stadium",
              "Date": "2024-08-31T09:35:00Z",
              "Match_Centre_URL": "https://www.nrl.com/draw/nrl-premiership/2024/round-26/sharks-v-warriors/"
            },
            {
              "Round": "Round 26",
              "Home": "Knights",
              "Home_Score": 36,
              "Away": "Titans",
              "Away_Score": 14,
              "Venue": "McDonald Jones Stadium",
              "Date": "2024-09-01T04:00:00Z",
              "Match_Centre_URL": "https://www.nrl.com/draw/nrl-premiership/2024/round-26/knights-v-titans/"
            },
            {
              "Round": "Round 26",
              "Home": "Roosters",
              "Home_Score": 12,
              "Away": "Raiders",
              "Away_Score": 14,
              "Venue": "Allianz Stadium",
              "Date": "2024-09-01T06:05:00Z",
              "Match_Centre_URL": "https://www.nrl.com/draw/nrl-premiership/2024/round-26/roosters-v-raiders/"
            }
          ]
        },
        {
          "27": [
            {
              "Round": "Round 27",
              "Home": "Broncos",
              "Home_Score": 12,
              "Away": "Storm",
              "Away_Score": 50,
              "Venue": "Suncorp Stadium",
              "Date": "2024-09-05T09:50:00Z",
              "Match_Centre_URL": "https://www.nrl.com/draw/nrl-premiership/2024/round-27/broncos-v-storm/"
            },
            {
              "Round": "Round 27",
              "Home": "Wests Tigers",
              "Home_Score": 26,
              "Away": "Eels",
              "Away_Score": 60,
              "Venue": "Campbelltown Sports Stadium",
              "Date": "2024-09-06T08:00:00Z",
              "Match_Centre_URL": "https://www.nrl.com/draw/nrl-premiership/2024/round-27/wests-tigers-v-eels/"
            },
            {
              "Round": "Round 27",
              "Home": "Rabbitohs",
              "Home_Score": 28,
              "Away": "Roosters",
              "Away_Score": 36,
              "Venue": "Accor Stadium",
              "Date": "2024-09-06T10:00:00Z",
              "Match_Centre_URL": "https://www.nrl.com/draw/nrl-premiership/2024/round-27/rabbitohs-v-roosters/"
            },
            {
              "Round": "Round 27",
              "Home": "Dragons",
              "Home_Score": 24,
              "Away": "Raiders",
              "Away_Score": 26,
              "Venue": "Netstrata Jubilee Stadium",
              "Date": "2024-09-07T05:00:00Z",
              "Match_Centre_URL": "https://www.nrl.com/draw/nrl-premiership/2024/round-27/dragons-v-raiders/"
            },
            {
              "Round": "Round 27",
              "Home": "Bulldogs",
              "Home_Score": 6,
              "Away": "Cowboys",
              "Away_Score": 44,
              "Venue": "Accor Stadium",
              "Date": "2024-09-07T07:30:00Z",
              "Match_Centre_URL": "https://www.nrl.com/draw/nrl-premiership/2024/round-27/bulldogs-v-cowboys/"
            },
            {
              "Round": "Round 27",
              "Home": "Panthers",
              "Home_Score": 18,
              "Away": "Titans",
              "Away_Score": 12,
              "Venue": "BlueBet Stadium",
              "Date": "2024-09-07T09:35:00Z",
              "Match_Centre_URL": "https://www.nrl.com/draw/nrl-premiership/2024/round-27/panthers-v-titans/"
            },
            {
              "Round": "Round 27",
              "Home": "Sea Eagles",
              "Home_Score": 20,
              "Away": "Sharks",
              "Away_Score": 40,
              "Venue": "4 Pines Park",
              "Date": "2024-09-08T04:00:00Z",
              "Match_Centre_URL": "https://www.nrl.com/draw/nrl-premiership/2024/round-27/sea-eagles-v-sharks/"
            },
            {
              "Round": "Round 27",
              "Home": "Knights",
              "Home_Score": 14,
              "Away": "Dolphins",
              "Away_Score": 6,
              "Venue": "McDonald Jones Stadium",
              "Date": "2024-09-08T06:05:00Z",
              "Match_Centre_URL": "https://www.nrl.com/draw/nrl-premiership/2024/round-27/knights-v-dolphins/"
            }
          ]
        },
        {
          "28": [
            {
              "Round": "Finals Week 1",
              "Home": "Panthers",
              "Home_Score": 30,
              "Away": "Roosters",
              "Away_Score": 10,
              "Venue": "BlueBet Stadium",
              "Date": "2024-09-13T09:50:00Z",
              "Match_Centre_URL": "https://www.nrl.com/draw/nrl-premiership/2024/finals-week-1/game-1/"
            },
            {
              "Round": "Finals Week 1",
              "Home": "Storm",
              "Home_Score": 37,
              "Away": "Sharks",
              "Away_Score": 10,
              "Venue": "AAMI Park",
              "Date": "2024-09-14T06:05:00Z",
              "Match_Centre_URL": "https://www.nrl.com/draw/nrl-premiership/2024/finals-week-1/game-2/"
            },
            {
              "Round": "Finals Week 1",
              "Home": "Cowboys",
              "Home_Score": 28,
              "Away": "Knights",
              "Away_Score": 16,
              "Venue": "Queensland Country Bank Stadium",
              "Date": "2024-09-14T09:50:00Z",
              "Match_Centre_URL": "https://www.nrl.com/draw/nrl-premiership/2024/finals-week-1/game-3/"
            },
            {
              "Round": "Finals Week 1",
              "Home": "Bulldogs",
              "Home_Score": 22,
              "Away": "Sea Eagles",
              "Away_Score": 24,
              "Venue": "Accor Stadium",
              "Date": "2024-09-15T06:05:00Z",
              "Match_Centre_URL": "https://www.nrl.com/draw/nrl-premiership/2024/finals-week-1/game-4/"
            }
          ]
        },
        {
          "29": [
            {
              "Round": "Finals Week 2",
              "Home": "Sharks",
              "Home_Score": 26,
              "Away": "Cowboys",
              "Away_Score": 18,
              "Venue": "Allianz Stadium",
              "Date": "2024-09-20T09:50:00Z",
              "Match_Centre_URL": "https://www.nrl.com/draw/nrl-premiership/2024/finals-week-2/game-1/"
            },
            {
              "Round": "Finals Week 2",
              "Home": "Roosters",
              "Home_Score": 40,
              "Away": "Sea Eagles",
              "Away_Score": 16,
              "Venue": "Allianz Stadium",
              "Date": "2024-09-21T09:50:00Z",
              "Match_Centre_URL": "https://www.nrl.com/draw/nrl-premiership/2024/finals-week-2/game-2/"
            }
          ]
        },
        {
          "30": [
            {
              "Round": "Finals Week 3",
              "Home": "Storm",
              "Home_Score": 48,
              "Away": "Roosters",
              "Away_Score": 18,
              "Venue": "AAMI Park",
              "Date": "2024-09-27T09:50:00Z",
              "Match_Centre_URL": "https://www.nrl.com/draw/nrl-premiership/2024/finals-week-3/game-1/"
            },
            {
              "Round": "Finals Week 3",
              "Home": "Panthers",
              "Home_Score": 26,
              "Away": "Sharks",
              "Away_Score": 6,
              "Venue": "Accor Stadium",
              "Date": "2024-09-28T09:50:00Z",
              "Match_Centre_URL": "https://www.nrl.com/draw/nrl-premiership/2024/finals-week-3/game-2/"
            }
          ]
        },
        {
          "31": [
            {
              "Round": "Grand Final",
              "Home": "Storm",
              "Home_Score": 6,
              "Away": "Panthers",
              "Away_Score": 14,
              "Venue": "Accor Stadium",
              "Date": "2024-10-06T08:30:00Z",
              "Match_Centre_URL": "https://www.nrl.com/draw/nrl-premiership/2024/grand-final/storm-v-panthers/"
            }
          ]
        },
        {
          "32": [
            {
              "Round": "Grand Final",
              "Home": "Storm",
              "Home_Score": 6,
              "Away": "Panthers",
              "Away_Score": 14,
              "Venue": "Accor Stadium",
              "Date": "2024-10-06T08:30:00Z",
              "Match_Centre_URL": "https://www.nrl.com/draw/nrl-premiership/2024/grand-final/storm-v-panthers/"
            }
          ]
        },
        {
          "33": [
            {
              "Round": "Grand Final",
              "Home": "Storm",
              "Home_Score": 6,
              "Away": "Panthers",
              "Away_Score": 14,
              "Venue": "Accor Stadium",
              "Date": "2024-10-06T08:30:00Z",
              "Match_Centre_URL": "https://www.nrl.com/draw/nrl-premiership/2024/grand-final/storm-v-panthers/"
            }
          ]
        }
      ]
    }
  ]
}